Date;Year;Month;District;Municipality;Parish;Type ACC/CER; ACC/CER Type Count ;District Code;Municipality Code;Parish Code
2025-09;2025;09;Lisboa;Amadora;Águas Livres;ACC;1;11;1115;111513
2025-09;2025;09;Coimbra;Figueira da Foz;Alqueidão;ACC;1;06;0605;060502
2025-09;2025;09;Évora;Arraiolos;Arraiolos;ACC;2;07;0702;070201
2025-09;2025;09;Leiria;Batalha;Batalha;ACC;1;10;1004;100401
2025-09;2025;09;Lisboa;Loures;Bucelas;ACC;1;11;1107;110702
2025-09;2025;09;Porto;Maia;Cidade da Maia;ACC;2;13;1306;130619
2025-09;2025;09;Setúbal;Seixal;Corroios;ACC;6;15;1510;151005
2025-09;2025;09;Porto;Valongo;Ermesinde;ACC;4;13;1315;131503
2025-09;2025;09;Aveiro;Ovar;Esmoriz;ACC;1;01;0115;011503
2025-09;2025;09;Lisboa;Lisboa;Estrela;ACC;1;11;1106;110660
2025-09;2025;09;Lisboa;Amadora;Falagueira-Venda Nova;ACC;1;11;1115;111515
2025-09;2025;09;Porto;Paços de Ferreira;Frazão Arreigada;ACC;1;13;1309;130917
2025-09;2025;09;Braga;Guimarães;Gonça;ACC;1;03;0308;030820
2025-09;2025;09;Viseu;Tondela;Guardão;ACC;1;18;1821;182108
2025-09;2025;09;Porto;Vila do Conde;Guilhabreu;ACC;1;13;1316;131611
2025-09;2025;09;Aveiro;Ílhavo;Ílhavo (São Salvador);ACC;1;01;0110;011008
2025-09;2025;09;Castelo Branco;Castelo Branco;Lardosa;ACC;1;05;0502;050211
2025-09;2025;09;Lisboa;Lisboa;Lumiar;ACC;2;11;1106;110618
2025-09;2025;09;Porto;Vila do Conde;Macieira da Maia;ACC;1;13;1316;131614
2025-09;2025;09;Santarém;Torres Novas;Meia Via;ACC;1;14;1419;141917
2025-09;2025;09;Aveiro;Santa Maria da Feira;Milheirós de Poiares;ACC;1;01;0109;010914
2025-09;2025;09;Coimbra;Miranda do Corvo;Miranda do Corvo;ACC;1;06;0609;060902
2025-09;2025;09;Braga;Braga;Palmeira;CER;1;03;0303;030331
2025-09;2025;09;Aveiro;Espinho;Paramos;ACC;1;01;0107;010704
2025-09;2025;09;Braga;Guimarães;Polvoreira;ACC;2;03;0308;030837
2025-09;2025;09;Braga;Barcelos;Pousa;ACC;1;03;0302;030261
2025-09;2025;09;Braga;Póvoa de Lanhoso;Póvoa de Lanhoso (Nossa Senhora do Amparo);ACC;1;03;0309;030919
2025-09;2025;09;Faro;Loulé;Quarteira;ACC;1;08;0808;080805
2025-09;2025;09;Vila Real;Vila Pouca de Aguiar;Sabroso de Aguiar;ACC;1;17;1713;171317
2025-09;2025;09;Coimbra;Coimbra;Santo António dos Olivais;ACC;2;06;0603;060318
2025-09;2025;09;Porto;Vila Nova de Gaia;São Félix da Marinha;ACC;3;13;1317;131717
2025-09;2025;09;Braga;Guimarães;Selho (São Jorge);ACC;2;03;0308;030854
2025-09;2025;09;Braga;Braga;Sequeira;ACC;1;03;0303;030354
2025-09;2025;09;Santarém;Alcanena;Alcanena e Vila Moreira;ACC;1;14;1402;140211
2025-09;2025;09;Porto;Porto;Aldoar, Foz do Douro e Nevogilde;ACC;1;13;1312;131216
2025-09;2025;09;Coimbra;Coimbra;Assafarge e Antanhol;ACC;1;06;0603;060333
2025-09;2025;09;Braga;Barcelos;Barcelos, V. Boa, V. Frescainha;ACC;2;03;0302;030293
2025-09;2025;09;Leiria;Bombarral;Bombarral e Vale Covo;ACC;1;10;1005;100506
2025-09;2025;09;Braga;Celorico de Basto;Britelo, Gémeos e Ourilhe;ACC;1;03;0305;030523
2025-09;2025;09;Aveiro;Santa Maria da Feira;Caldas de São Jorge e de Pigeiros;ACC;1;01;0109;010932
2025-09;2025;09;Lisboa;Cascais;Cascais e Estoril;ACC;1;11;1105;110508
2025-09;2025;09;Setúbal;Almada;Charneca de Caparica e Sobreda;ACC;4;15;1503;150314
2025-09;2025;09;Coimbra;Condeixa-a-Nova;Condeixa-a-Velha e Condeixa-a-Nova;ACC;1;06;0604;060411
2025-09;2025;09;Porto;Vila Nova de Gaia;Canidelo;ACC;2;13;1317;131704
2025-09;2025;09;Coimbra;Penacova;Figueira de Lorvão;ACC;1;06;0613;061302
2025-09;2025;09;Braga;Vila Verde;Gême;ACC;1;03;0313;031317
2025-09;2025;09;Porto;Paredes;Paredes;ACC;2;13;1310;131025
2025-09;2025;09;Lisboa;Sintra;Rio de Mouro;ACC;5;11;1111;111108
2025-09;2025;09;Aveiro;Santa Maria da Feira;Santa Maria de Lamas;ACC;2;01;0109;010925
2025-09;2025;09;Beja;Beja;Beja (Salvador e Santa Maria da Feira);ACC;4;02;0205;020520
2025-09;2025;09;Braga;Braga;Adaúfe;ACC;3;03;0303;030301
2025-09;2025;09;Lisboa;Lisboa;Alcântara;ACC;1;11;1106;110602
2025-09;2025;09;Lisboa;Amadora;Alfragide;ACC;2;11;1115;111512
2025-09;2025;09;Lisboa;Arruda dos Vinhos;Arruda dos Vinhos;ACC;2;11;1102;110202
2025-09;2025;09;Porto;Gondomar;Baguim do Monte (Rio Tinto);ACC;4;13;1304;130412
2025-09;2025;09;Porto;Santo Tirso;Água Longa;ACC;1;13;1314;131402
2025-09;2025;09;Santarém;Santarém;Alcanede;ACC;1;14;1416;141604
2025-09;2025;09;Santarém;Rio Maior;Alcobertas;ACC;1;14;1414;141401
2025-09;2025;09;Faro;Aljezur;Aljezur;ACC;1;08;0803;080301
2025-09;2025;09;Coimbra;Góis;Alvares;ACC;1;06;0606;060601
2025-09;2025;09;Viseu;Moimenta da Beira;Arcozelos;ACC;1;18;1807;180703
2025-09;2025;09;Braga;Fafe;Arões (Santa Cristina);ACC;1;03;0307;030726
2025-09;2025;09;Portalegre;Elvas;Assunção, Ajuda, Salvador e Santo Ildefonso;ACC;1;12;1207;120712
2025-09;2025;09;Santarém;Ourém;Atouguia;ACC;2;14;1421;142102
2025-09;2025;09;Porto;Vila do Conde;Aveleda;ACC;1;13;1316;131603
2025-09;2025;09;Santarém;Golegã;Azinhaga;ACC;1;14;1412;141201
2025-09;2025;09;Lisboa;Lisboa;Belém;ACC;1;11;1106;110658
2025-09;2025;09;Porto;Marco de Canaveses;Bem Viver;ACC;1;13;1307;130734
2025-09;2025;09;Braga;Guimarães;Brito;ACC;2;03;0308;030807
2025-09;2025;09;Aveiro;Murtosa;Bunheiro;ACC;2;01;0112;011201
2025-09;2025;09;Viseu;Nelas;Canas de Senhorim;ACC;1;18;1809;180901
2025-09;2025;09;Évora;Évora;Canaviais;ACC;1;07;0705;070515
2025-09;2025;09;Santarém;Ourém;Caxarias;ACC;1;14;1421;142104
2025-09;2025;09;Viana do Castelo;Vila Nova de Cerveira;Cornes;ACC;1;16;1610;161003
2025-09;2025;09;Évora;Reguengos de Monsaraz;Corval;ACC;1;07;0711;071102
2025-09;2025;09;Porto;Paços de Ferreira;Eiriz;ACC;1;13;1309;130904
2025-09;2025;09;Leiria;Alcobaça;Évora de Alcobaça;ACC;1;10;1001;100108
2025-09;2025;09;Braga;Guimarães;Fermentões;ACC;1;03;0308;030815
2025-09;2025;09;Porto;Paços de Ferreira;Figueiró;ACC;1;13;1309;130906
2025-09;2025;09;Braga;Vila Verde;Freiriz;ACC;1;03;0313;031316
2025-09;2025;09;Aveiro;Ílhavo;Gafanha do Carmo;ACC;1;01;0110;011007
2025-09;2025;09;Braga;Vila Nova de Famalicão;Joane;ACC;1;03;0312;031219
2025-09;2025;09;Porto;Lousada;Lodares;ACC;1;13;1305;130510
2025-09;2025;09;Viseu;Moimenta da Beira;Moimenta da Beira;ACC;1;18;1807;180710
2025-09;2025;09;Porto;Santo Tirso;Monte Córdova;ACC;1;13;1314;131413
2025-09;2025;09;Aveiro;Santa Maria da Feira;Mozelos;ACC;1;01;0109;010916
2025-09;2025;09;Santarém;Salvaterra de Magos;Muge;ACC;1;14;1415;141503
2025-09;2025;09;Aveiro;Oliveira do Bairro;Oiã;ACC;1;01;0114;011403
2025-09;2025;09;Leiria;Óbidos;Olho Marinho;ACC;1;10;1012;101203
2025-09;2025;09;Beja;Serpa;Pias;ACC;1;02;0213;021303
2025-09;2025;09;Santarém;Torres Novas;Riachos;ACC;1;14;1419;141910
2025-09;2025;09;Santarém;Rio Maior;Rio Maior;ACC;1;14;1414;141408
2025-09;2025;09;Castelo Branco;Idanha-a-Nova;Rosmaninhal;ACC;1;05;0505;050512
2025-09;2025;09;Bragança;Bragança;Samil;ACC;1;04;0402;040240
2025-09;2025;09;Santarém;Benavente;Samora Correia;ACC;1;14;1405;140502
2025-09;2025;09;Braga;Vizela;Santa Eulália;ACC;1;03;0314;031401
2025-09;2025;09;Évora;Évora;São Bento do Mato;ACC;1;07;0705;070506
2025-09;2025;09;Portalegre;Campo Maior;São João Baptista;ACC;1;12;1204;120403
2025-09;2025;09;Aveiro;Santa Maria da Feira;São João de Ver;ACC;1;01;0109;010926
2025-09;2025;09;Santarém;Tomar;São Pedro de Tomar;ACC;1;14;1418;141813
2025-09;2025;09;Aveiro;Oliveira de Azeméis;São Roque;ACC;1;01;0113;011318
2025-09;2025;09;Setúbal;Montijo;Sarilhos Grandes;ACC;1;15;1507;150704
2025-09;2025;09;Portalegre;Sousel;Sousel;ACC;1;12;1215;121504
2025-09;2025;09;Braga;Barcelos;Tamel (São Veríssimo);ACC;1;03;0302;030277
2025-09;2025;09;Braga;Vila Verde;Turiz;ACC;1;03;0313;031354
2025-09;2025;09;Aveiro;Arouca;Arouca e Burgo;ACC;1;01;0104;010421
2025-09;2025;09;Porto;Trofa;Bougado (São Martinho e Santiago);ACC;1;13;1318;131810
2025-09;2025;09;Lisboa;Cadaval;Cadaval e Pêro Moniz;ACC;1;11;1104;110411
2025-09;2025;09;Coimbra;Cantanhede;Cantanhede e Pocariça;ACC;1;06;0602;060220
2025-09;2025;09;Santarém;Santarém;União das freguesias da cidade de Santarém;ACC;1;14;1416;141633
2025-09;2025;09;Porto;Trofa;Coronado (São Romão e São Mamede);ACC;1;13;1318;131811
2025-09;2025;09;Santarém;Coruche;Coruche, Fajarda e Erra;ACC;1;14;1409;140909
2025-09;2025;09;Porto;Lousada;Cristelos, Boim e Ordem;ACC;2;13;1305;130528
2025-09;2025;09;Porto;Gondomar;Fânzeres e São Pedro da Cova;ACC;5;13;1304;130413
2025-09;2025;09;Aveiro;Águeda;Trofa, Segadães e Lamas do Vouga;ACC;1;01;0101;010126
2024-04;2024;04;Braga;Vila Nova de Famalicão;Vila Nova de Famalicão e Calendário;ACC;2;03;0312;031260
2025-09;2025;09;Braga;Barcelos;Várzea;ACC;1;03;0302;030283
2025-09;2025;09;Porto;Paredes;Vilela;ACC;2;13;1310;131024
2024-08;2024;08;Braga;Vila Nova de Famalicão;Joane;ACC;1;03;0312;031219
2025-04;2025;04;Setúbal;Moita;Baixa da Banheira e Vale da Amoreira;ACC;3;15;1506;150607
2025-04;2025;04;Santarém;Ourém;Atouguia;ACC;1;14;1421;142102
2025-04;2025;04;Braga;Guimarães;Candoso São Tiago e Mascotelos;ACC;1;03;0308;030881
2024-08;2024;08;Braga;Vila Verde;Turiz;ACC;1;03;0313;031354
2025-04;2025;04;Braga;Braga;Este (São Pedro e São Mamede);ACC;1;03;0303;030370
2025-04;2025;04;Braga;Braga;Adaúfe;ACC;2;03;0303;030301
2025-04;2025;04;Braga;Vila Nova de Famalicão;Requião;ACC;2;03;0312;031233
2025-08;2025;08;Lisboa;Cascais;Alcabideche;ACC;1;11;1105;110501
2025-04;2025;04;Lisboa;Cascais;Carcavelos e Parede;ACC;1;11;1105;110507
2025-04;2025;04;Lisboa;Sintra;Algueirão-Mem Martins;ACC;1;11;1111;111102
2024-08;2024;08;Lisboa;Sintra;Algueirão-Mem Martins;ACC;1;11;1111;111102
2025-04;2025;04;Lisboa;Arruda dos Vinhos;Arruda dos Vinhos;ACC;2;11;1102;110202
2024-08;2024;08;Lisboa;Arruda dos Vinhos;Arruda dos Vinhos;ACC;3;11;1102;110202
2025-04;2025;04;Lisboa;Oeiras;Algés, Linda-a-Velha e Cruz Quebrada-Dafundo;ACC;3;11;1110;111012
2024-08;2024;08;Porto;Paredes;Vilela;ACC;1;13;1310;131024
2025-04;2025;04;Bragança;Miranda do douro;Miranda do Douro;ACC;1;04;0406;040608
2022-08;2022;08;Bragança;Miranda do douro;Miranda do Douro;ACC;1;04;0406;040608
2024-08;2024;08;Braga;Guimarães;Candoso São Tiago e Mascotelos;ACC;1;03;0308;030881
2025-08;2025;08;Braga;Fafe;Arões (São Romão);ACC;1;03;0307;030730
2025-08;2025;08;Porto;Vila do Conde;Aveleda;ACC;1;13;1316;131603
2025-08;2025;08;Braga;Vila Verde;Gême;ACC;1;03;0313;031317
2025-08;2025;08;Braga;Vila Nova de Famalicão;Joane;ACC;1;03;0312;031219
2025-08;2025;08;Porto;Porto;Paranhos;ACC;1;13;1312;131210
2025-08;2025;08;Porto;Matosinhos;Matosinhos e Leça da Palmeira;ACC;1;13;1308;130812
2025-08;2025;08;Braga;Vila Nova de Famalicão;Vila Nova de Famalicão e Calendário;ACC;4;03;0312;031260
2023-12;2023;12;Bragança;Miranda do douro;Miranda do Douro;ACC;1;04;0406;040608
2024-12;2024;12;Braga;Braga;Adaúfe;ACC;2;03;0303;030301
2025-04;2025;04;Coimbra;Penacova;Figueira de Lorvão;ACC;1;06;0613;061302
2025-08;2025;08;Setúbal;Moita;Baixa da Banheira e Vale da Amoreira;ACC;3;15;1506;150607
2024-08;2024;08;Aveiro;Águeda;Trofa, Segadães e Lamas do Vouga;ACC;1;01;0101;010126
2024-12;2024;12;Aveiro;Albergaria-a-Velha;Albergaria-a-Velha e Valmaior;ACC;1;01;0102;010209
2025-08;2025;08;Faro;Loulé;Almancil;ACC;3;08;0808;080801
2025-08;2025;08;Aveiro;Santa Maria da Feira;Arrifana;ACC;1;01;0109;010902
2025-08;2025;08;Santarém;Ourém;Atouguia;ACC;1;14;1421;142102
2025-08;2025;08;Lisboa;Mafra;Ericeira;ACC;1;11;1109;110906
2025-09;2025;09;Braga;Braga;Ferreiros e Gondizalves;ACC;1;03;0303;030371
2024-04;2024;04;Braga;Braga;Ferreiros e Gondizalves;ACC;1;03;0303;030371
2023-12;2023;12;Braga;Braga;Ferreiros e Gondizalves;ACC;1;03;0303;030371
2025-04;2025;04;Porto;Lousada;Figueiras e Covas;ACC;1;13;1305;130529
2025-08;2025;08;Porto;Lousada;Figueiras e Covas;ACC;1;13;1305;130529
2025-09;2025;09;Castelo Branco;Fundão;Fundão, Valverde, Donas, A. Joanes, A. Nova do Cabo;ACC;2;05;0504;050434
2022-12;2022;12;Castelo Branco;Fundão;Fundão, Valverde, Donas, A. Joanes, A. Nova do Cabo;ACC;1;05;0504;050434
2025-08;2025;08;Porto;Gondomar;Gondomar (São Cosme), Valbom e Jovim;ACC;2;13;1304;130415
2025-09;2025;09;Porto;Vila Nova de Gaia;Grijó e Sermonde;ACC;2;13;1317;131725
2025-09;2025;09;Leiria;Pombal;Guia, Ilha e Mata Mourisca;ACC;3;10;1015;101518
2025-09;2025;09;Castelo Branco;Idanha-a-Nova;Idanha-a-Nova e Alcafozes;ACC;1;05;0505;050518
2025-08;2025;08;Setúbal;Almada;Laranjeiro e Feijó;ACC;3;15;1503;150315
2025-09;2025;09;Leiria;Leiria;Leiria, Pousos, Barreira e Cortes;ACC;1;10;1009;100933
2025-04;2025;04;Leiria;Leiria;Leiria, Pousos, Barreira e Cortes;ACC;1;10;1009;100933
2025-09;2025;09;Porto;Porto;Lordelo do Ouro e Massarelos;ACC;2;13;1312;131218
2025-09;2025;09;Porto;Lousada;Lustosa e Barrosas (Santo Estêvão);ACC;1;13;1305;130530
2025-04;2025;04;Évora;Évora;Malagueira e Horta das Figueiras;ACC;5;07;0705;070524
2024-08;2024;08;Évora;Évora;Malagueira e Horta das Figueiras;ACC;3;07;0705;070524
2025-08;2025;08;Porto;Felgueiras;Margaride, Várzea, Lagares, Varziela e Moure;ACC;1;13;1303;130335
2025-09;2025;09;Leiria;Leiria;Marrazes e Barosa;ACC;5;10;1009;100934
2025-04;2025;04;Leiria;Leiria;Marrazes e Barosa;ACC;4;10;1009;100934
2025-09;2025;09;Coimbra;Montemor-o-Velho;Montemor-o-Velho e Gatões;ACC;1;06;0610;061016
2024-08;2024;08;Leiria;Leiria;Monte Real e Carvide;ACC;1;10;1009;100935
2025-09;2025;09;Leiria;Leiria;Monte Redondo e Carreira;ACC;1;10;1009;100936
2025-04;2025;04;Leiria;Leiria;Monte Redondo e Carreira;ACC;1;10;1009;100936
2025-09;2025;09;Castelo Branco;Castelo Branco;Ninho do Açor e Sobral do Campo;ACC;1;05;0502;050230
2025-09;2025;09;Aveiro;Oliveira de Azeméis;Nogueira do Cravo e Pindelo;ACC;1;01;0113;011320
2025-09;2025;09;Évora;Évora;N. S. da Tourega e N. S. de Guadalupe;ACC;1;07;0705;070525
2025-09;2025;09;Évora;Montemor-o-Novo;N. S. da Vila, N. S. do Bispo e Silveiras;ACC;1;07;0706;070612
2025-09;2025;09;Lisboa;Oeiras;Oeiras e S. Julião da Barra, Paço de Arcos e Caxias;ACC;3;11;1110;111014
2025-09;2025;09;Coimbra;Penacova;Oliveira do Mondego e Travanca do Mondego;ACC;1;06;0613;061313
2025-09;2025;09;Leiria;Leiria;Parceiros e Azoia;ACC;1;10;1009;100937
2025-09;2025;09;Porto;Matosinhos;Perafita, Lavra e Santa Cruz do Bispo;ACC;2;13;1308;130813
2025-09;2025;09;Vila Real;Peso da Régua;Poiares e Canelas;ACC;1;17;1708;170816
2025-04;2025;04;Vila Real;Peso da Régua;Poiares e Canelas;ACC;1;17;1708;170816
2024-08;2024;08;Portalegre;Ponte de Sor;Ponte de Sor, Tramaga e Vale de Açor;ACC;1;12;1213;121308
2025-09;2025;09;Lisboa;Odivelas;Pontinha e Famões;ACC;3;11;1116;111608
2025-04;2025;04;Lisboa;Odivelas;Pontinha e Famões;ACC;2;11;1116;111608
2025-09;2025;09;Castelo Branco;Proença-a-Nova;Proença-a-Nova e Peral;ACC;1;05;0508;050807
2025-09;2025;09;Lisboa;Sintra;Queluz e Belas;ACC;3;11;1111;111126
2025-08;2025;08;Lisboa;Sintra;Queluz e Belas;ACC;3;11;1111;111126
2025-09;2025;09;Braga;Braga;Real, Dume e Semelhe;ACC;2;03;0303;030379
2025-09;2025;09;Braga;Cabeceiras de Basto;Refojos de Basto, Outeiro e Painzela;ACC;1;03;0304;030421
2025-08;2025;08;Braga;Cabeceiras de Basto;Refojos de Basto, Outeiro e Painzela;ACC;1;03;0304;030421
2025-09;2025;09;Portalegre;Portalegre;Ribeira de Nisa e Carreiras;ACC;1;12;1214;121413
2025-09;2025;09;Santarém;Santarém;Romeira e Várzea;ACC;1;14;1416;141632
2025-09;2025;09;Guarda;Sabugal;Sabugal e Aldeia de Santo António;ACC;1;09;0911;091145
2025-08;2025;08;Porto;Vila Nova de Gaia;Sandim, Olival, Lever e Crestuma;ACC;1;13;1317;131729
2025-09;2025;09;Lisboa;Loures;Santo António dos Cavaleiros e Frielas;ACC;1;11;1107;110730
2023-12;2023;12;Lisboa;Loures;Santo Antão e São Julião do Tojal;ACC;1;11;1107;110729
2025-09;2025;09;Porto;Santo Tirso;St. Tirso, Couto (S. Cristina e S. Miguel) e Burgães;ACC;3;13;1314;131437
2025-08;2025;08;Porto;Santo Tirso;St. Tirso, Couto (S. Cristina e S. Miguel) e Burgães;ACC;3;13;1314;131437
2025-09;2025;09;Braga;Guimarães;Serzedo e Calvos;ACC;1;03;0308;030889
2025-09;2025;09;Setúbal;Setúbal;S. Julião, N. S. da Anunciada e S. Maria da Graça;ACC;3;15;1512;151210
2025-04;2025;04;Setúbal;Setúbal;S. Julião, N. S. da Anunciada e S. Maria da Graça;ACC;2;15;1512;151210
2025-09;2025;09;Braga;Braga;Santa Lucrécia de Algeriz e Navarra;ACC;1;03;0303;030380
2025-09;2025;09;Santarém;Abrantes;São Miguel do Rio Torto e Rossio ao Sul do Tejo;ACC;1;14;1401;140124
2025-09;2025;09;Setúbal;Santiago do Cacém;Santiago do Cacém, S. Cruz e S. Bartolomeu da Serra;ACC;1;15;1509;150912
2025-09;2025;09;Viseu;Tarouca;Tarouca e Dálvares;ACC;1;18;1820;182013
2025-09;2025;09;Coimbra;Coimbra;Taveiro, Ameal e Arzila;ACC;1;06;0603;060340
2025-09;2025;09;Santarém;Tomar;São João Baptista e Santa Maria dos Olivais;ACC;2;14;1418;141821
2025-09;2025;09;Leiria;Caldas da Rainha;Tornada e Salir do Porto;ACC;2;10;1006;100619
2025-09;2025;09;Porto;Felgueiras;Vila Verde e Santão;ACC;1;13;1303;130341
2025-09;2025;09;Viana do Castelo;Arcos de Valdevez;Vale;ACC;1;16;1601;160149
2025-08;2025;08;Viana do Castelo;Arcos de Valdevez;Vale;ACC;1;16;1601;160149
2025-09;2025;09;Braga;Vila Nova de Famalicão;Vale (São Martinho);ACC;2;03;0312;031241
2025-09;2025;09;Porto;Valongo;Valongo;ACC;1;13;1315;131505
2025-09;2025;09;Viseu;Lamego;Várzea de Abrunhais;ACC;1;18;1805;180523
2025-09;2025;09;Évora;Vendas Novas;Vendas Novas;ACC;2;07;0712;071201
2025-09;2025;09;Aveiro;Oliveira de Azeméis;Vila de Cucujães;ACC;1;01;0113;011319
2025-04;2025;04;Aveiro;Oliveira de Azeméis;Vila de Cucujães;ACC;1;01;0113;011319
2025-08;2025;08;Porto;Vila do Conde;Vilar de Pinheiro;ACC;1;13;1316;131630
2025-09;2025;09;Faro;Vila Real de Santo António;Vila Real de Santo António;ACC;2;08;0816;081602
2025-09;2025;09;Viseu;Viseu;Viseu;ACC;1;18;1823;182341
2025-08;2025;08;Viseu;Viseu;Viseu;ACC;1;18;1823;182341
2024-04;2024;04;Braga;Braga;Palmeira;CER;1;03;0303;030331
2024-08;2024;08;Braga;Braga;Palmeira;ACC;1;03;0303;030331
2024-08;2024;08;Braga;Braga;Palmeira;CER;1;03;0303;030331
2023-12;2023;12;Braga;Braga;Palmeira;CER;1;03;0303;030331
2024-04;2024;04;Braga;Guimarães;Lordelo;ACC;1;03;0308;030828
2024-04;2024;04;Porto;Maia;Castêlo da Maia;ACC;1;13;1306;130618
2023-04;2023;04;Lisboa;Lisboa;Lumiar;ACC;1;11;1106;110618
2024-04;2024;04;Santarém;Cartaxo;Pontével;ACC;1;14;1406;140604
2025-04;2025;04;Setúbal;Seixal;Corroios;ACC;5;15;1510;151005
2025-04;2025;04;Coimbra;Figueira da Foz;Buarcos e São Julião;ACC;1;06;0605;060520
2024-08;2024;08;Coimbra;Coimbra;Santo António dos Olivais;ACC;2;06;0603;060318
2025-08;2025;08;Coimbra;Coimbra;Santo António dos Olivais;ACC;2;06;0603;060318
2025-04;2025;04;Aveiro;Santa Maria da Feira;Caldas de São Jorge e de Pigeiros;ACC;1;01;0109;010932
2024-08;2024;08;Aveiro;Anadia;Avelãs de Cima;ACC;1;01;0103;010305
2025-04;2025;04;Leiria;Batalha;Batalha;ACC;1;10;1004;100401
2024-08;2024;08;Santarém;Almeirim;Almeirim;ACC;1;14;1403;140301
2025-04;2025;04;Santarém;Santarém;Pernes;ACC;1;14;1416;141614
2024-08;2024;08;Coimbra;Montemor-o-Velho;Carapinheira;ACC;1;06;0610;061003
2025-08;2025;08;Braga;Barcelos;Manhente;ACC;1;03;0302;030245
2024-04;2024;04;Braga;Guimarães;Atães e Rendufe;ACC;1;03;0308;030878
2025-08;2025;08;Braga;Guimarães;Nespereira;ACC;1;03;0308;030832
2025-04;2025;04;Braga;Esposende;Apúlia e Fão;ACC;1;03;0306;030616
2025-08;2025;08;Braga;Esposende;Apúlia e Fão;ACC;1;03;0306;030616
2025-04;2025;04;Braga;Fafe;Estorãos;ACC;1;03;0307;030708
2025-04;2025;04;Porto;Porto;Campanhã;ACC;2;13;1312;131203
2025-08;2025;08;Porto;Maia;Moreira;ACC;3;13;1306;130609
2025-04;2025;04;Vila Real;Vila Real;Folhadela;ACC;1;17;1714;171409
2024-08;2024;08;Viana do Castelo;Viana do Castelo;São Romão de Neiva;ACC;2;16;1609;160923
2024-08;2024;08;Lisboa;Vila Franca de Xira;Alverca do Ribatejo e Sobralinho;ACC;1;11;1114;111413
2025-08;2025;08;Lisboa;Azambuja;Azambuja;ACC;1;11;1103;110304
2025-08;2025;08;Porto;Maia;Cidade da Maia;ACC;2;13;1306;130619
2025-08;2025;08;Lisboa;Torres Vedras;Ponte do Rol;ACC;1;11;1113;111310
2025-08;2025;08;Braga;Guimarães;Selho (São Jorge);ACC;2;03;0308;030854
2025-08;2025;08;Porto;Porto;Aldoar, Foz do Douro e Nevogilde;ACC;1;13;1312;131216
2025-08;2025;08;Braga;Celorico de Basto;Britelo, Gémeos e Ourilhe;ACC;1;03;0305;030523
2025-08;2025;08;Coimbra;Penacova;Lorvão;ACC;1;06;0613;061304
2024-08;2024;08;Coimbra;Tábua;Tábua;ACC;1;06;0616;061614
2025-08;2025;08;Aveiro;Aveiro;Esgueira;ACC;2;01;0105;010505
2025-01;2025;01;Portalegre;Portalegre;Fortios;ACC;1;12;1214;121404
2025-08;2025;08;Santarém;Alcanena;Alcanena e Vila Moreira;ACC;1;14;1402;140211
2024-12;2024;12;Setúbal;Seixal;Amora;ACC;2;15;1510;151002
2024-12;2024;12;Évora;Arraiolos;Arraiolos;ACC;1;07;0702;070201
2024-12;2024;12;Aveiro;Anadia;Avelãs de Cima;ACC;1;01;0103;010305
2024-12;2024;12;Leiria;Batalha;Batalha;ACC;1;10;1004;100401
2024-12;2024;12;Santarém;Mação;Envendos;ACC;1;14;1413;141305
2024-12;2024;12;Porto;Valongo;Ermesinde;ACC;2;13;1315;131503
2024-12;2024;12;Aveiro;Aveiro;Esgueira;ACC;1;01;0105;010505
2024-12;2024;12;Aveiro;Ílhavo;Ílhavo (São Salvador);ACC;1;01;0110;011008
2024-12;2024;12;Santarém;Ourém;Nossa Senhora da Piedade;ACC;1;14;1421;142115
2024-02;2024;02;Santarém;Ourém;Nossa Senhora da Piedade;ACC;1;14;1421;142115
2024-01;2024;01;Santarém;Ourém;Nossa Senhora da Piedade;ACC;1;14;1421;142115
2024-12;2024;12;Coimbra;Penacova;Penacova;ACC;1;06;0613;061307
2024-12;2024;12;Leiria;Peniche;Peniche;ACC;1;10;1014;101407
2024-12;2024;12;Setúbal;Sesimbra;Quinta do Conde;ACC;1;15;1511;151103
2024-12;2024;12;Coimbra;Tábua;Tábua;ACC;2;06;0616;061614
2025-01;2025;01;Coimbra;Tábua;Tábua;ACC;2;06;0616;061614
2024-12;2024;12;Aveiro;Santa Maria da Feira;Caldas de São Jorge e de Pigeiros;ACC;1;01;0109;010932
2025-02;2025;02;Aveiro;Santa Maria da Feira;Caldas de São Jorge e de Pigeiros;ACC;1;01;0109;010932
2024-12;2024;12;Leiria;Pombal;Guia, Ilha e Mata Mourisca;ACC;2;10;1015;101518
2024-12;2024;12;Leiria;Leiria;Marrazes e Barosa;ACC;4;10;1009;100934
2024-12;2024;12;Setúbal;Montijo;Montijo e Afonsoeiro;ACC;1;15;1507;150710
2024-12;2024;12;Lisboa;Odivelas;Pontinha e Famões;ACC;2;11;1116;111608
2024-12;2024;12;Braga;Braga;Real, Dume e Semelhe;ACC;1;03;0303;030379
2024-12;2024;12;Lisboa;Loures;Sacavém e Prior Velho;ACC;2;11;1107;110727
2024-12;2024;12;Setúbal;Barreiro;Alto do Seixalinho, Santo André e Verderena;ACC;1;15;1504;150409
2024-12;2024;12;Braga;Guimarães;Serzedo e Calvos;ACC;1;03;0308;030889
2024-12;2024;12;Bragança;Bragança;Sé, Santa Maria e Meixedo;ACC;1;04;0402;040257
2024-12;2024;12;Lisboa;Sintra;S. Maria, S. Miguel, S. Martinho e S. Pedro de Penaferrim;ACC;1;11;1111;111128
2024-12;2024;12;Viseu;Tarouca;Tarouca e Dálvares;ACC;1;18;1820;182013
2024-12;2024;12;Santarém;Tomar;São João Baptista e Santa Maria dos Olivais;ACC;2;14;1418;141821
2024-12;2024;12;Aveiro;Oliveira de Azeméis;Vila de Cucujães;ACC;1;01;0113;011319
2024-12;2024;12;Lisboa;Cadaval;Vilar;ACC;1;11;1104;110410
2024-12;2024;12;Braga;Vila Nova de Famalicão;Vilarinho das Cambas;ACC;1;03;0312;031249
2024-02;2024;02;Castelo Branco;Fundão;Fundão, Valverde, Donas, A. Joanes, A. Nova do Cabo;ACC;1;05;0504;050434
2024-02;2024;02;Portalegre;Avis;Avis;ACC;1;12;1203;120303
2024-01;2024;01;Portalegre;Avis;Avis;ACC;1;12;1203;120303
2025-02;2025;02;Lisboa;Lisboa;Lumiar;ACC;2;11;1106;110618
2025-02;2025;02;Coimbra;Coimbra;Santo António dos Olivais;ACC;2;06;0603;060318
2025-01;2025;01;Lisboa;Azambuja;Azambuja;ACC;1;11;1103;110304
2024-12;2024;12;Coimbra;Figueira da Foz;Buarcos e São Julião;ACC;1;06;0605;060520
2025-02;2025;02;Coimbra;Figueira da Foz;Buarcos e São Julião;ACC;1;06;0605;060520
2024-12;2024;12;Porto;Paços de Ferreira;Carvalhosa;ACC;3;13;1309;130902
2024-12;2024;12;Porto;Maia;Castêlo da Maia;ACC;1;13;1306;130618
2024-12;2024;12;Porto;Maia;Cidade da Maia;ACC;1;13;1306;130619
2024-12;2024;12;Braga;Guimarães;Costa;ACC;1;03;0308;030812
2024-12;2024;12;Braga;Fafe;Estorãos;ACC;1;03;0307;030708
2025-01;2025;01;Braga;Fafe;Estorãos;ACC;1;03;0307;030708
2025-02;2025;02;Lisboa;Lisboa;Estrela;ACC;1;11;1106;110660
2025-02;2025;02;Vila Real;Vila Real;Folhadela;ACC;1;17;1714;171409
2025-02;2025;02;Braga;Guimarães;Gonça;ACC;1;03;0308;030820
2024-12;2024;12;Porto;Vila do Conde;Macieira da Maia;ACC;1;13;1316;131614
2024-12;2024;12;Porto;Marco de Canaveses;Marco;ACC;2;13;1307;130736
2024-12;2024;12;Porto;Maia;Moreira;ACC;2;13;1306;130609
2024-12;2024;12;Braga;Guimarães;Nespereira;ACC;1;03;0308;030832
2024-12;2024;12;Porto;Penafiel;Rio de Moinhos;ACC;2;13;1311;131129
2025-02;2025;02;Lisboa;Lisboa;São Domingos de Benfica;ACC;1;11;1106;110639
2024-12;2024;12;Viana do Castelo;Viana do Castelo;São Romão de Neiva;ACC;1;16;1609;160923
2025-01;2025;01;Viana do Castelo;Viana do Castelo;São Romão de Neiva;ACC;1;16;1609;160923
2024-12;2024;12;Porto;Porto;Aldoar, Foz do Douro e Nevogilde;ACC;1;13;1312;131216
2024-12;2024;12;Lisboa;Vila Franca de Xira;Alverca do Ribatejo e Sobralinho;ACC;1;11;1114;111413
2025-02;2025;02;Lisboa;Vila Franca de Xira;Alverca do Ribatejo e Sobralinho;ACC;1;11;1114;111413
2024-12;2024;12;Braga;Barcelos;Areias de Vilar e Encourados;ACC;1;03;0302;030292
2025-02;2025;02;Braga;Barcelos;Areias de Vilar e Encourados;ACC;1;03;0302;030292
2024-12;2024;12;Porto;Vila Nova de Gaia;Grijó e Sermonde;ACC;1;13;1317;131725
2024-12;2024;12;Porto;Porto;Lordelo do Ouro e Massarelos;ACC;2;13;1312;131218
2024-12;2024;12;Braga;Guimarães;Oliveira, São Paio e São Sebastião;ACC;2;03;0308;030884
2024-12;2024;12;Porto;Vila Nova de Gaia;Pedroso e Seixezelo;ACC;1;13;1317;131728
2024-12;2024;12;Porto;Matosinhos;Perafita, Lavra e Santa Cruz do Bispo;ACC;1;13;1308;130813
2025-01;2025;01;Porto;Matosinhos;Perafita, Lavra e Santa Cruz do Bispo;ACC;1;13;1308;130813
2024-12;2024;12;Portalegre;Ponte de Sor;Ponte de Sor, Tramaga e Vale de Açor;ACC;1;12;1213;121308
2025-01;2025;01;Portalegre;Ponte de Sor;Ponte de Sor, Tramaga e Vale de Açor;ACC;1;12;1213;121308
2024-12;2024;12;Viana do Castelo;Melgaço;Prado e Remoães;ACC;1;16;1603;160322
2025-02;2025;02;Braga;Braga;Merelim (São Paio), Panoias e Parada de Tibães;ACC;1;03;0303;030374
2025-01;2025;01;Setúbal;Seixal;Corroios;ACC;5;15;1510;151005
2025-01;2025;01;Coimbra;Figueira da Foz;Alqueidão;ACC;1;06;0605;060502
2025-01;2025;01;Braga;Barcelos;Manhente;ACC;1;03;0302;030245
2025-01;2025;01;Coimbra;Miranda do Corvo;Miranda do Corvo;ACC;1;06;0609;060902
2025-01;2025;01;Leiria;Pombal;Pombal;ACC;2;10;1015;101509
2025-01;2025;01;Porto;Felgueiras;Margaride, Várzea, Lagares, Varziela e Moure;ACC;1;13;1303;130335
2025-01;2025;01;Braga;Braga;Merelim (São Pedro) e Frossos;ACC;1;03;0303;030375
2024-07;2024;07;Porto;Porto;Campanhã;ACC;1;13;1312;131203
2024-06;2024;06;Porto;Porto;Campanhã;ACC;1;13;1312;131203
2024-07;2024;07;Porto;Paços de Ferreira;Carvalhosa;ACC;3;13;1309;130902
2024-07;2024;07;Setúbal;Seixal;Corroios;ACC;6;15;1510;151005
2025-07;2025;07;Setúbal;Seixal;Corroios;ACC;5;15;1510;151005
2024-07;2024;07;Setúbal;Seixal;Fernão Ferro;ACC;1;15;1510;151006
2022-06;2022;06;Castelo Branco;Fundão;Fundão, Valverde, Donas, A. Joanes, A. Nova do Cabo;ACC;1;05;0504;050434
2024-01;2024;01;Leiria;Leiria;Marrazes e Barosa;ACC;1;10;1009;100934
2025-01;2025;01;Leiria;Leiria;Monte Real e Carvide;ACC;1;10;1009;100935
2025-07;2025;07;Leiria;Leiria;Monte Real e Carvide;ACC;1;10;1009;100935
2025-01;2025;01;Évora;Montemor-o-Novo;N. S. da Vila, N. S. do Bispo e Silveiras;ACC;1;07;0706;070612
2025-02;2025;02;Setúbal;Barreiro;Palhais e Coina;ACC;1;15;1504;150411
2025-02;2025;02;Braga;Cabeceiras de Basto;Refojos de Basto, Outeiro e Painzela;ACC;1;03;0304;030421
2025-07;2025;07;Braga;Cabeceiras de Basto;Refojos de Basto, Outeiro e Painzela;ACC;1;03;0304;030421
2024-01;2024;01;Braga;Guimarães;Sande Vila Nova e Sande São Clemente;ACC;1;03;0308;030887
2025-07;2025;07;Setúbal;Barreiro;Alto do Seixalinho, Santo André e Verderena;ACC;1;15;1504;150409
2025-02;2025;02;Setúbal;Setúbal;S. Julião, N. S. da Anunciada e S. Maria da Graça;ACC;2;15;1512;151210
2025-01;2025;01;Lisboa;Sintra;S. Maria, S. Miguel, S. Martinho e S. Pedro de Penaferrim;ACC;1;11;1111;111128
2025-07;2025;07;Lisboa;Sintra;S. Maria, S. Miguel, S. Martinho e S. Pedro de Penaferrim;ACC;3;11;1111;111128
2024-07;2024;07;Coimbra;Coimbra;Souselas e Botão;ACC;1;06;0603;060339
2025-02;2025;02;Leiria;Caldas da Rainha;Tornada e Salir do Porto;ACC;2;10;1006;100619
2025-01;2025;01;Évora;Vendas Novas;Vendas Novas;ACC;1;07;0712;071201
2025-02;2025;02;Santarém;Cartaxo;Vila Chã de Ourique;ACC;1;14;1406;140607
2025-07;2025;07;Santarém;Cartaxo;Vila Chã de Ourique;ACC;1;14;1406;140607
2025-02;2025;02;Braga;Vila Nova de Famalicão;Vilarinho das Cambas;ACC;1;03;0312;031249
2025-01;2025;01;Évora;Arraiolos;Arraiolos;ACC;1;07;0702;070201
2024-07;2024;07;Santarém;Ourém;Nossa Senhora da Piedade;ACC;1;14;1421;142115
2025-07;2025;07;Lisboa;Vila Franca de Xira;Alverca do Ribatejo e Sobralinho;ACC;2;11;1114;111413
2024-07;2024;07;Braga;Guimarães;Atães e Rendufe;ACC;1;03;0308;030878
2024-07;2024;07;Aveiro;Santa Maria da Feira;Caldas de São Jorge e de Pigeiros;ACC;1;01;0109;010932
2024-07;2024;07;Braga;Braga;Merelim (São Paio), Panoias e Parada de Tibães;ACC;1;03;0303;030374
2024-07;2024;07;Braga;Braga;Nogueira, Fraião e Lamaçães;ACC;1;03;0303;030377
2024-07;2024;07;Braga;Guimarães;Oliveira, São Paio e São Sebastião;ACC;1;03;0308;030884
2025-07;2025;07;Braga;Guimarães;Oliveira, São Paio e São Sebastião;ACC;2;03;0308;030884
2024-07;2024;07;Porto;Matosinhos;Perafita, Lavra e Santa Cruz do Bispo;ACC;1;13;1308;130813
2025-07;2025;07;Porto;Matosinhos;Perafita, Lavra e Santa Cruz do Bispo;ACC;1;13;1308;130813
2025-07;2025;07;Castelo Branco;Vila de Rei;Vila de Rei;ACC;1;05;0510;051003
2025-07;2025;07;Porto;Valongo;Ermesinde;ACC;3;13;1315;131503
2025-07;2025;07;Lisboa;Amadora;Falagueira-Venda Nova;ACC;1;11;1115;111515
2025-07;2025;07;Porto;Póvoa de Varzim;Póvoa de Varzim, Beiriz e Argivai;ACC;1;13;1313;131315
2025-07;2025;07;Porto;Vila do Conde;Vilar de Pinheiro;ACC;1;13;1316;131630
2025-07;2025;07;Porto;Vila do Conde;Macieira da Maia;ACC;1;13;1316;131614
2024-07;2024;07;Setúbal;Moita;Moita;ACC;1;15;1506;150603
2025-07;2025;07;Setúbal;Moita;Moita;ACC;2;15;1506;150603
2024-07;2024;07;Santarém;Cartaxo;Pontével;ACC;1;14;1406;140604
2025-08;2025;08;Santarém;Entroncamento;Nossa Senhora de Fátima;ACC;1;14;1410;141002
2024-12;2024;12;Setúbal;Palmela;Palmela;ACC;2;15;1508;150802
2025-08;2025;08;Aveiro;Santa Maria da Feira;Santa Maria de Lamas;ACC;2;01;0109;010925
2025-01;2025;01;Portalegre;Castelo de Vide;São João Baptista;ACC;1;12;1205;120504
2025-08;2025;08;Aveiro;Santa Maria da Feira;Canedo, Vale e Vila Maior;ACC;1;01;0109;010933
2025-07;2025;07;Aveiro;Santa Maria da Feira;Canedo, Vale e Vila Maior;ACC;1;01;0109;010933
2025-08;2025;08;Porto;Lousada;Cristelos, Boim e Ordem;ACC;1;13;1305;130528
2024-12;2024;12;Santarém;Alpiarça;Alpiarça;ACC;1;14;1404;140401
2024-12;2024;12;Aveiro;Santa Maria da Feira;Arrifana;ACC;1;01;0109;010902
2025-07;2025;07;Aveiro;Santa Maria da Feira;Arrifana;ACC;1;01;0109;010902
2024-12;2024;12;Guarda;Guarda;Arrifana;ACC;1;09;0907;090706
2025-02;2025;02;Guarda;Guarda;Arrifana;ACC;1;09;0907;090706
2024-12;2024;12;Santarém;Ourém;Atouguia;ACC;1;14;1421;142102
2025-02;2025;02;Santarém;Ourém;Atouguia;ACC;1;14;1421;142102
2024-12;2024;12;Aveiro;Albergaria-a-Velha;Branca;ACC;1;01;0102;010204
2024-07;2024;07;Aveiro;Albergaria-a-Velha;Branca;ACC;1;01;0102;010204
2024-12;2024;12;Leiria;Leiria;Caranguejeira;ACC;1;10;1009;100907
2024-12;2024;12;Santarém;Ourém;Fátima;ACC;1;14;1421;142106
2024-12;2024;12;Setúbal;Palmela;Quinta do Anjo;ACC;1;15;1508;150804
2024-12;2024;12;Setúbal;Santiago do Cacém;Santo André;ACC;1;15;1509;150907
2024-12;2024;12;Aveiro;Estarreja;Beduído e Veiros;ACC;1;01;0108;010808
2024-12;2024;12;Aveiro;Santa Maria da Feira;Santa Maria da Feira, Travanca, Sanfins e Espargo;ACC;1;01;0109;010935
2024-12;2024;12;Lisboa;Cadaval;Painho e Figueiros;ACC;1;11;1104;110413
2024-12;2024;12;Lisboa;Odivelas;Póvoa de Santo Adrião e Olival Basto;ACC;1;11;1116;111609
2024-12;2024;12;Braga;Barcelos;Vila Cova e Feitos;ACC;1;03;0302;0302FH
2025-02;2025;02;Braga;Barcelos;Vila Cova e Feitos;ACC;1;03;0302;0302FH
2024-02;2024;02;Braga;Vila Nova de Famalicão;Vila Nova de Famalicão e Calendário;ACC;1;03;0312;031260
2025-07;2025;07;Braga;Vila Nova de Famalicão;Vila Nova de Famalicão e Calendário;ACC;4;03;0312;031260
2024-12;2024;12;Braga;Vila Verde;Vila de Prado;ACC;1;03;0313;031342
2024-01;2024;01;Braga;Vila Verde;Vila de Prado;ACC;1;03;0313;031342
2024-07;2024;07;Braga;Vila Verde;Vila de Prado;ACC;1;03;0313;031342
2025-02;2025;02;Braga;Braga;Adaúfe;ACC;2;03;0303;030301
2025-02;2025;02;Faro;Loulé;Almancil;ACC;3;08;0808;080801
2025-02;2025;02;Faro;Aljezur;Bordeira;ACC;1;08;0803;080302
2025-02;2025;02;Faro;Loulé;Loulé (São Clemente);ACC;1;08;0808;080808
2025-02;2025;02;Leiria;Caldas da Rainha;Nadadouro;ACC;1;10;1006;100608
2025-02;2025;02;Setúbal;Setúbal;Sado;ACC;1;15;1512;151208
2025-07;2025;07;Setúbal;Setúbal;Azeitão (São Lourenço e São Simão);ACC;1;15;1512;151209
2025-02;2025;02;Setúbal;Almada;Charneca de Caparica e Sobreda;ACC;3;15;1503;150314
2025-02;2025;02;Lisboa;Cascais;Alcabideche;ACC;1;11;1105;110501
2024-12;2024;12;Lisboa;Arruda dos Vinhos;Arruda dos Vinhos;ACC;2;11;1102;110202
2024-12;2024;12;Lisboa;Lisboa;Beato;ACC;1;11;1106;110607
2024-12;2024;12;Porto;Marco de Canaveses;Bem Viver;ACC;1;13;1307;130734
2024-12;2024;12;Porto;Vila Nova de Gaia;Canidelo;ACC;1;13;1317;131704
2025-02;2025;02;Porto;Vila Nova de Gaia;Canidelo;ACC;1;13;1317;131704
2024-12;2024;12;Braga;Vila Nova de Famalicão;Delães;ACC;1;03;0312;031213
2024-12;2024;12;Braga;Fafe;Fafe;ACC;1;03;0307;030709
2024-12;2024;12;Porto;Paços de Ferreira;Frazão Arreigada;ACC;1;13;1309;130917
2024-12;2024;12;Porto;Vila do Conde;Guilhabreu;ACC;1;13;1316;131611
2025-01;2025;01;Porto;Vila do Conde;Guilhabreu;ACC;1;13;1316;131611
2024-12;2024;12;Braga;Barcelos;Macieira de Rates;ACC;1;03;0302;030244
2024-12;2024;12;Bragança;Mirandela;Mascarenhas;ACC;1;04;0407;040720
2025-02;2025;02;Lisboa;Amadora;Mina de Água;ACC;1;11;1115;111516
2024-12;2024;12;Porto;Paços de Ferreira;Paços de Ferreira;ACC;1;13;1309;130918
2024-12;2024;12;Porto;Paredes;Paredes;ACC;1;13;1310;131025
2024-12;2024;12;Braga;Vila Nova de Famalicão;Requião;ACC;2;03;0312;031233
2024-12;2024;12;Vila Real;Vila Pouca de Aguiar;Sabroso de Aguiar;ACC;1;17;1713;171317
2025-01;2025;01;Vila Real;Vila Pouca de Aguiar;Sabroso de Aguiar;ACC;1;17;1713;171317
2025-02;2025;02;Viana do Castelo;Viana do Castelo;Santa Marta de Portuzelo;ACC;1;16;1609;160928
2024-12;2024;12;Lisboa;Sobral de Monte Agraço;Sobral de Monte Agraço;ACC;1;11;1112;111203
2025-02;2025;02;Porto;Amarante;Telões;ACC;1;13;1301;130135
2024-12;2024;12;Lisboa;Alenquer;Alenquer (Santo Estêvão e Triana);ACC;1;11;1101;110119
2024-12;2024;12;Lisboa;Loures;Santa Iria de Azoia, São João da Talha e Bobadela;ACC;2;11;1107;110728
2024-12;2024;12;Beja;Beja;Beja (Salvador e Santa Maria da Feira);ACC;3;02;0205;020520
2024-12;2024;12;Lisboa;Oeiras;Carnaxide e Queijas;ACC;2;11;1110;111013
2024-12;2024;12;Porto;Porto;Cedofeita, Ildefonso, Sé, Miragaia, Nicolau, Vitória;ACC;1;13;1312;131217
2024-02;2024;02;Porto;Gondomar;Fânzeres e São Pedro da Cova;ACC;1;13;1304;130413
2025-01;2025;01;Lisboa;Alenquer;Aldeia Galega da Merceana e Aldeia Gavinha;ACC;1;11;1101;110118
2025-01;2025;01;Lisboa;Cascais;Cascais e Estoril;ACC;1;11;1105;110508
2025-07;2025;07;Lisboa;Cascais;Cascais e Estoril;ACC;1;11;1105;110508
2025-01;2025;01;Lisboa;Lisboa;Avenidas Novas;ACC;1;11;1106;110657
2025-01;2025;01;Santarém;Benavente;Benavente;ACC;1;14;1405;140501
2025-01;2025;01;Lisboa;Lisboa;Carnide;ACC;1;11;1106;110611
2025-01;2025;01;Braga;Vila Verde;Gême;ACC;1;03;0313;031317
2024-07;2024;07;Lisboa;Sintra;Rio de Mouro;ACC;3;11;1111;111108
2025-01;2025;01;Lisboa;Lisboa;Santa Maria Maior;ACC;1;11;1106;110665
2025-01;2025;01;Lisboa;Loures;Camarate, Unhos e Apelação;ACC;1;11;1107;110731
2024-07;2024;07;Porto;Vila do Conde;Árvore;ACC;2;13;1316;131602
2025-07;2025;07;Coimbra;Penacova;Figueira de Lorvão;ACC;1;06;0613;061302
2025-07;2025;07;Faro;Loulé;Loulé (São Sebastião);ACC;1;08;0808;080809
2024-07;2024;07;Braga;Barcelos;Várzea;ACC;1;03;0302;030283
2024-07;2024;07;Porto;Santo Tirso;Água Longa;ACC;1;13;1314;131402
2024-07;2024;07;Aveiro;Santa Maria da Feira;Argoncilhe;ACC;3;01;0109;010901
2024-07;2024;07;Setúbal;Moita;Baixa da Banheira e Vale da Amoreira;ACC;3;15;1506;150607
2024-07;2024;07;Aveiro;Oliveira de Azeméis;O. Azeméis, Riba-Ul, Ul, Macinhata da Seixa, Madail;ACC;1;01;0113;011321
2025-07;2025;07;Lisboa;Cascais;Carcavelos e Parede;ACC;1;11;1105;110507
2025-07;2025;07;Portalegre;Nisa;Espírito Santo, Nossa Senhora da Graça e São Simão;ACC;1;12;1212;121212
2024-06;2024;06;Santarém;Benavente;Barrosa;ACC;1;14;1405;140504
2024-07;2024;07;Porto;Porto;Paranhos;ACC;1;13;1312;131210
2024-07;2024;07;Lisboa;Cadaval;Painho e Figueiros;ACC;1;11;1104;110413
2025-07;2025;07;Santarém;Ourém;Atouguia;ACC;1;14;1421;142102
2025-07;2025;07;Beja;Aljustrel;São João de Negrilhos;ACC;1;02;0201;020104
2025-07;2025;07;Lisboa;Alenquer;Aldeia Galega da Merceana e Aldeia Gavinha;ACC;1;11;1101;110118
2025-06;2025;06;Lisboa;Alenquer;Aldeia Galega da Merceana e Aldeia Gavinha;ACC;1;11;1101;110118
2024-06;2024;06;Setúbal;Moita;Moita;ACC;1;15;1506;150603
2024-06;2024;06;Santarém;Santarém;Pernes;ACC;1;14;1416;141614
2025-06;2025;06;Santarém;Santarém;Pernes;ACC;1;14;1416;141614
2024-05;2024;05;Santarém;Santarém;Pernes;ACC;1;14;1416;141614
2024-06;2024;06;Leiria;Pombal;Pombal;ACC;1;10;1015;101509
2024-06;2024;06;Porto;Felgueiras;Vila Verde e Santão;ACC;1;13;1303;130341
2025-06;2025;06;Braga;Vila Verde;Vila de Prado;ACC;1;03;0313;031342
2025-06;2025;06;Santarém;Alpiarça;Alpiarça;ACC;1;14;1404;140401
2025-03;2025;03;Santarém;Alpiarça;Alpiarça;ACC;1;14;1404;140401
2025-06;2025;06;Lisboa;Arruda dos Vinhos;Arruda dos Vinhos;ACC;2;11;1102;110202
2025-06;2025;06;Lisboa;Lisboa;Beato;ACC;2;11;1106;110607
2025-06;2025;06;Setúbal;Palmela;Quinta do Anjo;ACC;1;15;1508;150804
2025-06;2025;06;Évora;Évora;São Bento do Mato;ACC;1;07;0705;070506
2025-06;2025;06;Lisboa;Sintra;Queluz e Belas;ACC;2;11;1111;111126
2025-05;2025;05;Braga;Guimarães;Sande Vila Nova e Sande São Clemente;ACC;1;03;0308;030887
2025-06;2025;06;Setúbal;Barreiro;Alto do Seixalinho, Santo André e Verderena;ACC;1;15;1504;150409
2024-05;2024;05;Setúbal;Barreiro;Alto do Seixalinho, Santo André e Verderena;ACC;1;15;1504;150409
2025-06;2025;06;Braga;Barcelos;Vila Cova e Feitos;ACC;1;03;0302;0302FH
2025-06;2025;06;Vila Real;Vila Real;Vila Real;ACC;1;17;1714;171438
2024-05;2024;05;Braga;Guimarães;Polvoreira;ACC;1;03;0308;030837
2024-06;2024;06;Braga;Barcelos;Carvalhal;ACC;1;03;0302;030220
2025-06;2025;06;Braga;Vila Nova de Famalicão;Delães;ACC;1;03;0312;031213
2025-05;2025;05;Coimbra;Penacova;Figueira de Lorvão;ACC;1;06;0613;061302
2025-05;2025;05;Lisboa;Loures;Santa Iria de Azoia, São João da Talha e Bobadela;ACC;2;11;1107;110728
2025-06;2025;06;Braga;Esposende;Esposende, Marinhas e Gandra;ACC;3;03;0306;030618
2025-06;2025;06;Braga;Braga;Ferreiros e Gondizalves;ACC;1;03;0303;030371
2025-05;2025;05;Braga;Braga;Ferreiros e Gondizalves;ACC;1;03;0303;030371
2025-05;2025;05;Braga;Braga;Merelim (São Paio), Panoias e Parada de Tibães;ACC;1;03;0303;030374
2024-06;2024;06;Aveiro;Oliveira de Azeméis;O. Azeméis, Riba-Ul, Ul, Macinhata da Seixa, Madail;ACC;1;01;0113;011321
2025-06;2025;06;Évora;Arraiolos;Arraiolos;ACC;1;07;0702;070201
2025-06;2025;06;Braga;Guimarães;Brito;ACC;2;03;0308;030807
2025-05;2025;05;Braga;Guimarães;Brito;ACC;2;03;0308;030807
2025-06;2025;06;Porto;Vila Nova de Gaia;Canidelo;ACC;1;13;1317;131704
2025-06;2025;06;Santarém;Ourém;Fátima;ACC;1;14;1421;142106
2025-05;2025;05;Porto;Porto;Aldoar, Foz do Douro e Nevogilde;ACC;1;13;1312;131216
2025-06;2025;06;Leiria;Bombarral;Bombarral e Vale Covo;ACC;1;10;1005;100506
2025-05;2025;05;Aveiro;Santa Maria da Feira;Caldas de São Jorge e de Pigeiros;ACC;1;01;0109;010932
2024-05;2024;05;Braga;Guimarães;Oliveira, São Paio e São Sebastião;ACC;1;03;0308;030884
2025-05;2025;05;Viseu;Viseu;Abraveses;ACC;1;18;1823;182301
2025-05;2025;05;Braga;Braga;Adaúfe;ACC;2;03;0303;030301
2025-05;2025;05;Faro;Loulé;Loulé (São Sebastião);ACC;1;08;0808;080809
2025-05;2025;05;Porto;Porto;Paranhos;ACC;1;13;1312;131210
2025-05;2025;05;Lisboa;Oeiras;Algés, Linda-a-Velha e Cruz Quebrada-Dafundo;ACC;3;11;1110;111012
2025-05;2025;05;Aveiro;Estarreja;Beduído e Veiros;ACC;1;01;0108;010808
2025-05;2025;05;Lisboa;Oeiras;Carnaxide e Queijas;ACC;2;11;1110;111013
2025-05;2025;05;Porto;Porto;Cedofeita, Ildefonso, Sé, Miragaia, Nicolau, Vitória;ACC;1;13;1312;131217
2025-05;2025;05;Setúbal;Grândola;Grândola e Santa Margarida da Serra;ACC;2;15;1505;150506
2025-05;2025;05;Braga;Vila Nova de Famalicão;Vila Nova de Famalicão e Calendário;ACC;4;03;0312;031260
2024-03;2024;03;Santarém;Cartaxo;Pontével;ACC;1;14;1406;140604
2025-05;2025;05;Lisboa;Odivelas;Póvoa de Santo Adrião e Olival Basto;ACC;1;11;1116;111609
2024-05;2024;05;Setúbal;Setúbal;S. Julião, N. S. da Anunciada e S. Maria da Graça;ACC;1;15;1512;151210
2025-05;2025;05;Aveiro;Santa Maria da Feira;Argoncilhe;ACC;4;01;0109;010901
2025-05;2025;05;Lisboa;Loures;Bucelas;ACC;1;11;1107;110702
2025-05;2025;05;Aveiro;Ovar;Esmoriz;ACC;1;01;0115;011503
2025-05;2025;05;Santarém;Salvaterra de Magos;Muge;ACC;1;14;1415;141503
2024-11;2024;11;Leiria;Caldas da Rainha;Nadadouro;ACC;1;10;1006;100608
2025-05;2025;05;Setúbal;Setúbal;Sado;ACC;1;15;1512;151208
2024-11;2024;11;Setúbal;Setúbal;Sado;ACC;1;15;1512;151208
2025-05;2025;05;Évora;Évora;São Bento do Mato;ACC;1;07;0705;070506
2025-03;2025;03;Lisboa;Sobral de Monte Agraço;Sobral de Monte Agraço;ACC;1;11;1112;111203
2025-05;2025;05;Santarém;Santarém;Romeira e Várzea;ACC;1;14;1416;141632
2024-11;2024;11;Guarda;Sabugal;Sabugal e Aldeia de Santo António;ACC;1;09;0911;091145
2025-03;2025;03;Braga;Vila Nova de Famalicão;Joane;ACC;1;03;0312;031219
2024-11;2024;11;Bragança;Mirandela;Mascarenhas;ACC;1;04;0407;040720
2025-03;2025;03;Braga;Vila Nova de Famalicão;Requião;ACC;2;03;0312;031233
2024-11;2024;11;Viana do Castelo;Viana do Castelo;Santa Marta de Portuzelo;ACC;1;16;1609;160928
2025-03;2025;03;Porto;Vila Nova de Gaia;São Félix da Marinha;ACC;1;13;1317;131717
2025-03;2025;03;Braga;Esposende;Esposende, Marinhas e Gandra;ACC;3;03;0306;030618
2025-03;2025;03;Braga;Vila Verde;Esqueiros, Nevogilde e Travassós;ACC;1;03;0313;031363
2024-11;2024;11;Braga;Guimarães;Oliveira, São Paio e São Sebastião;ACC;1;03;0308;030884
2024-11;2024;11;Lisboa;Sintra;Queluz e Belas;ACC;2;11;1111;111126
2024-11;2024;11;Braga;Guimarães;Sande Vila Nova e Sande São Clemente;ACC;1;03;0308;030887
2025-03;2025;03;Porto;Santo Tirso;St. Tirso, Couto (S. Cristina e S. Miguel) e Burgães;ACC;2;13;1314;131437
2025-03;2025;03;Braga;Barcelos;Várzea;ACC;1;03;0302;030283
2023-11;2023;11;Braga;Braga;Palmeira;CER;1;03;0303;030331
2024-11;2024;11;Braga;Braga;Adaúfe;ACC;2;03;0303;030301
2024-11;2024;11;Porto;Santo Tirso;Água Longa;ACC;1;13;1314;131402
2024-11;2024;11;Aveiro;Albergaria-a-Velha;Albergaria-a-Velha e Valmaior;ACC;1;01;0102;010209
2024-11;2024;11;Lisboa;Lisboa;Alcântara;ACC;1;11;1106;110602
2024-11;2024;11;Porto;Valongo;Alfena;ACC;1;13;1315;131501
2024-11;2024;11;Santarém;Alpiarça;Alpiarça;ACC;1;14;1404;140401
2024-11;2024;11;Aveiro;Santa Maria da Feira;Argoncilhe;ACC;3;01;0109;010901
2024-11;2024;11;Évora;Arraiolos;Arraiolos;ACC;1;07;0702;070201
2024-11;2024;11;Guarda;Guarda;Arrifana;ACC;1;09;0907;090706
2024-11;2024;11;Portalegre;Elvas;Assunção, Ajuda, Salvador e Santo Ildefonso;ACC;1;12;1207;120712
2024-11;2024;11;Santarém;Ourém;Atouguia;ACC;1;14;1421;142102
2024-11;2024;11;Porto;Vila do Conde;Aveleda;ACC;1;13;1316;131603
2024-11;2024;11;Portalegre;Avis;Avis;ACC;1;12;1203;120303
2024-11;2024;11;Leiria;Batalha;Batalha;ACC;1;10;1004;100401
2024-11;2024;11;Porto;Paços de Ferreira;Paços de Ferreira;ACC;1;13;1309;130918
2024-11;2024;11;Lisboa;Torres Vedras;Ponte do Rol;ACC;1;11;1113;111310
2024-11;2024;11;Santarém;Cartaxo;Pontével;ACC;1;14;1406;140604
2024-11;2024;11;Lisboa;Oeiras;Porto Salvo;ACC;1;11;1110;111009
2024-11;2024;11;Braga;Póvoa de Lanhoso;Póvoa de Lanhoso (Nossa Senhora do Amparo);ACC;1;03;0309;030919
2024-11;2024;11;Vila Real;Vila Pouca de Aguiar;Sabroso de Aguiar;ACC;1;17;1713;171317
2024-11;2024;11;Lisboa;Torres Vedras;Santa Maria, São Pedro e Matacães;ACC;1;11;1113;111326
2024-11;2024;11;Porto;Amarante;Telões;ACC;1;13;1301;130135
2024-11;2024;11;Braga;Vila Verde;Turiz;ACC;1;03;0313;031354
2024-11;2024;11;Braga;Guimarães;Atães e Rendufe;ACC;1;03;0308;030878
2024-11;2024;11;Setúbal;Moita;Baixa da Banheira e Vale da Amoreira;ACC;3;15;1506;150607
2024-11;2024;11;Leiria;Figueiró dos Vinhos;Figueiró dos Vinhos e Bairradas;ACC;1;10;1008;100806
2024-11;2024;11;Lisboa;Odivelas;Póvoa de Santo Adrião e Olival Basto;ACC;1;11;1116;111609
2024-11;2024;11;Aveiro;Águeda;Recardães e Espinhel;ACC;1;01;0101;010124
2024-11;2024;11;Braga;Cabeceiras de Basto;Refojos de Basto, Outeiro e Painzela;ACC;1;03;0304;030421
2024-11;2024;11;Lisboa;Loures;Santo Antão e São Julião do Tojal;ACC;2;11;1107;110729
2024-11;2024;11;Porto;Vila Nova de Gaia;Canidelo;ACC;1;13;1317;131704
2024-11;2024;11;Braga;Barcelos;Carvalhal;ACC;1;03;0302;030220
2024-11;2024;11;Braga;Vila Nova de Famalicão;Delães;ACC;1;03;0312;031213
2024-11;2024;11;Porto;Paços de Ferreira;Frazão Arreigada;ACC;1;13;1309;130917
2025-03;2025;03;Porto;Vila do Conde;Guilhabreu;ACC;1;13;1316;131611
2022-11;2022;11;Bragança;Miranda do douro;Miranda do Douro;ACC;1;04;0406;040608
2024-11;2024;11;Bragança;Miranda do douro;Miranda do Douro;ACC;1;04;0406;040608
2022-11;2022;11;Santarém;Ourém;Nossa Senhora da Piedade;ACC;1;14;1421;142115
2024-11;2024;11;Leiria;Peniche;Peniche;ACC;1;10;1014;101407
2024-11;2024;11;Santarém;Santarém;Pernes;ACC;1;14;1416;141614
2025-03;2025;03;Setúbal;Palmela;Quinta do Anjo;ACC;1;15;1508;150804
2024-11;2024;11;Setúbal;Santiago do Cacém;Santo André;ACC;1;15;1509;150907
2024-11;2024;11;Lisboa;Vila Franca de Xira;Alverca do Ribatejo e Sobralinho;ACC;1;11;1114;111413
2024-11;2024;11;Leiria;Bombarral;Bombarral e Vale Covo;ACC;1;10;1005;100506
2025-03;2025;03;Lisboa;Loures;Camarate, Unhos e Apelação;ACC;1;11;1107;110731
2024-11;2024;11;Lisboa;Loures;Camarate, Unhos e Apelação;ACC;1;11;1107;110731
2024-11;2024;11;Lisboa;Oeiras;Carnaxide e Queijas;ACC;2;11;1110;111013
2024-11;2024;11;Porto;Porto;Lordelo do Ouro e Massarelos;ACC;2;13;1312;131218
2025-03;2025;03;Aveiro;Oliveira de Azeméis;O. Azeméis, Riba-Ul, Ul, Macinhata da Seixa, Madail;ACC;2;01;0113;011321
2024-11;2024;11;Aveiro;Oliveira de Azeméis;Pinheiro da Bemposta, Travanca e Palmaz;ACC;1;01;0113;011322
2025-03;2025;03;Braga;Barcelos;Vila Cova e Feitos;ACC;1;03;0302;0302FH
2024-11;2024;11;Aveiro;Oliveira de Azeméis;Vila de Cucujães;ACC;1;01;0113;011319
2024-11;2024;11;Lisboa;Cadaval;Vilar;ACC;1;11;1104;110410
2024-07;2024;07;Viana do Castelo;Viana do Castelo;São Romão de Neiva;ACC;1;16;1609;160923
2025-07;2025;07;Viseu;Sátão;Sátão;ACC;1;18;1817;181710
2024-07;2024;07;Aveiro;Águeda;Águeda e Borralha;ACC;1;01;0101;010121
2024-11;2024;11;Aveiro;Águeda;Águeda e Borralha;ACC;1;01;0101;010121
2025-05;2025;05;Santarém;Golegã;Azinhaga;ACC;1;14;1412;141201
2025-07;2025;07;Leiria;Alcobaça;Évora de Alcobaça;ACC;1;10;1001;100108
2025-07;2025;07;Porto;Póvoa de Varzim;Laundos;ACC;1;13;1313;131308
2025-05;2025;05;Porto;Póvoa de Varzim;Laundos;ACC;1;13;1313;131308
2025-07;2025;07;Faro;Loulé;Quarteira;ACC;1;08;0808;080805
2025-06;2025;06;Viseu;Tondela;Guardão;ACC;1;18;1821;182108
2024-03;2024;03;Viseu;Tondela;Guardão;ACC;1;18;1821;182108
2022-10;2022;10;Viseu;Tondela;Guardão;ACC;1;18;1821;182108
2024-03;2024;03;Porto;Marco de Canaveses;Marco;ACC;1;13;1307;130736
2024-11;2024;11;Porto;Marco de Canaveses;Marco;ACC;2;13;1307;130736
2025-06;2025;06;Leiria;Marinha Grande;Marinha Grande;ACC;3;10;1010;101001
2025-03;2025;03;Leiria;Marinha Grande;Marinha Grande;ACC;3;10;1010;101001
2024-05;2024;05;Porto;Penafiel;Rio de Moinhos;ACC;1;13;1311;131129
2024-05;2024;05;Braga;Guimarães;Sande (São Martinho);ACC;1;03;0308;030858
2025-03;2025;03;Lisboa;Loures;Sacavém e Prior Velho;ACC;2;11;1107;110727
2025-03;2025;03;Coimbra;Figueira da Foz;Buarcos e São Julião;ACC;1;06;0605;060520
2024-11;2024;11;Aveiro;Ílhavo;Ílhavo (São Salvador);ACC;1;01;0110;011008
2025-06;2025;06;Braga;Guimarães;Ponte;ACC;1;03;0308;030838
2025-06;2025;06;Viseu;Tarouca;Tarouca e Dálvares;ACC;1;18;1820;182013
2025-06;2025;06;Faro;Tavira;Tavira (Santa Maria e Santiago);ACC;1;08;0814;081412
2025-06;2025;06;Lisboa;Amadora;Venteira;ACC;1;11;1115;111517
2025-03;2025;03;Santarém;Rio Maior;Alcobertas;ACC;1;14;1414;141401
2024-11;2024;11;Coimbra;Coimbra;Santo António dos Olivais;ACC;2;06;0603;060318
2025-05;2025;05;Santarém;Alcanena;Alcanena e Vila Moreira;ACC;1;14;1402;140211
2024-11;2024;11;Porto;Paços de Ferreira;Carvalhosa;ACC;3;13;1309;130902
2025-06;2025;06;Porto;Maia;Castêlo da Maia;ACC;3;13;1306;130618
2024-05;2024;05;Setúbal;Seixal;Corroios;ACC;5;15;1510;151005
2024-03;2024;03;Braga;Barcelos;Areias de Vilar e Encourados;ACC;1;03;0302;030292
2024-06;2024;06;Braga;Celorico de Basto;Britelo, Gémeos e Ourilhe;ACC;1;03;0305;030523
2024-03;2024;03;Braga;Braga;Este (São Pedro e São Mamede);ACC;1;03;0303;030370
2024-06;2024;06;Setúbal;Almada;Laranjeiro e Feijó;ACC;2;15;1503;150315
2025-03;2025;03;Évora;Évora;Malagueira e Horta das Figueiras;ACC;5;07;0705;070524
2024-11;2024;11;Porto;Felgueiras;Margaride, Várzea, Lagares, Varziela e Moure;ACC;1;13;1303;130335
2025-06;2025;06;Leiria;Leiria;Marrazes e Barosa;ACC;4;10;1009;100934
2024-05;2024;05;Leiria;Leiria;Marrazes e Barosa;ACC;1;10;1009;100934
2024-03;2024;03;Leiria;Leiria;Marrazes e Barosa;ACC;1;10;1009;100934
2024-06;2024;06;Braga;Braga;Merelim (São Pedro) e Frossos;ACC;1;03;0303;030375
2025-03;2025;03;Braga;Braga;Merelim (São Pedro) e Frossos;ACC;1;03;0303;030375
2024-11;2024;11;Braga;Braga;Merelim (São Pedro) e Frossos;ACC;1;03;0303;030375
2024-06;2024;06;Évora;Montemor-o-Novo;N. S. da Vila, N. S. do Bispo e Silveiras;ACC;1;07;0706;070612
2025-03;2025;03;Porto;Vila Nova de Gaia;Pedroso e Seixezelo;ACC;2;13;1317;131728
2024-11;2024;11;Coimbra;Figueira da Foz;Alqueidão;ACC;1;06;0605;060502
2025-06;2025;06;Vila Real;Vila Real;Folhadela;ACC;1;17;1714;171409
2025-06;2025;06;Porto;Lousada;Figueiras e Covas;ACC;1;13;1305;130529
2025-05;2025;05;Porto;Lousada;Figueiras e Covas;ACC;1;13;1305;130529
2024-11;2024;11;Porto;Lousada;Figueiras e Covas;ACC;1;13;1305;130529
2024-11;2024;11;Leiria;Leiria;Monte Real e Carvide;ACC;1;10;1009;100935
2025-05;2025;05;Lisboa;Oeiras;Oeiras e S. Julião da Barra, Paço de Arcos e Caxias;ACC;2;11;1110;111014
2024-11;2024;11;Portalegre;Ponte de Sor;Ponte de Sor, Tramaga e Vale de Açor;ACC;1;12;1213;121308
2024-05;2024;05;Braga;Esposende;Apúlia e Fão;ACC;1;03;0306;030616
2024-03;2024;03;Braga;Esposende;Apúlia e Fão;ACC;1;03;0306;030616
2024-05;2024;05;Leiria;Leiria;Leiria, Pousos, Barreira e Cortes;ACC;1;10;1009;100933
2025-03;2025;03;Leiria;Leiria;Leiria, Pousos, Barreira e Cortes;ACC;1;10;1009;100933
2025-05;2025;05;Braga;Guimarães;Gonça;ACC;1;03;0308;030820
2024-11;2024;11;Braga;Guimarães;Gonça;ACC;1;03;0308;030820
2025-05;2025;05;Porto;Vila Nova de Gaia;Grijó e Sermonde;ACC;1;13;1317;131725
2024-11;2024;11;Leiria;Pombal;Carriço;ACC;1;10;1015;101505
2024-03;2024;03;Braga;Guimarães;Nespereira;ACC;1;03;0308;030832
2024-11;2024;11;Braga;Guimarães;Nespereira;ACC;1;03;0308;030832
2023-11;2023;11;Santarém;Tomar;São João Baptista e Santa Maria dos Olivais;ACC;1;14;1418;141821
2025-05;2025;05;Santarém;Ourém;Caxarias;ACC;1;14;1421;142104
2025-05;2025;05;Santarém;Mação;Envendos;ACC;1;14;1413;141305
2025-05;2025;05;Lisboa;Loures;Santo António dos Cavaleiros e Frielas;ACC;1;11;1107;110730
2025-03;2025;03;Lisboa;Lisboa;Estrela;ACC;1;11;1106;110660
2025-03;2025;03;Guarda;Sabugal;Souto;ACC;1;09;0911;091134
2024-11;2024;11;Setúbal;Sesimbra;Quinta do Conde;ACC;1;15;1511;151103
2024-11;2024;11;Viseu;Viseu;Rio de Loba;ACC;2;18;1823;182323
2024-11;2024;11;Aveiro;Aveiro;Esgueira;ACC;1;01;0105;010505
2024-11;2024;11;Braga;Fafe;Estorãos;ACC;1;03;0307;030708
2024-11;2024;11;Setúbal;Seixal;Fernão Ferro;ACC;1;15;1510;151006
2025-03;2025;03;Faro;Lagoa;Estômbar e Parchal;ACC;1;08;0806;080607
2025-03;2025;03;Vila Real;Peso da Régua;Poiares e Canelas;ACC;1;17;1708;170816
2022-10;2022;10;Bragança;Miranda do douro;Miranda do Douro;ACC;1;04;0406;040608
2022-10;2022;10;Castelo Branco;Fundão;Fundão, Valverde, Donas, A. Joanes, A. Nova do Cabo;ACC;1;05;0504;050434
2024-10;2024;10;Castelo Branco;Fundão;Fundão, Valverde, Donas, A. Joanes, A. Nova do Cabo;ACC;1;05;0504;050434
2024-09;2024;09;Castelo Branco;Fundão;Fundão, Valverde, Donas, A. Joanes, A. Nova do Cabo;ACC;1;05;0504;050434
2023-04;2023;04;Castelo Branco;Fundão;Fundão, Valverde, Donas, A. Joanes, A. Nova do Cabo;ACC;1;05;0504;050434
2024-04;2024;04;Castelo Branco;Fundão;Fundão, Valverde, Donas, A. Joanes, A. Nova do Cabo;ACC;1;05;0504;050434
2025-04;2025;04;Castelo Branco;Fundão;Fundão, Valverde, Donas, A. Joanes, A. Nova do Cabo;ACC;1;05;0504;050434
2023-08;2023;08;Castelo Branco;Fundão;Fundão, Valverde, Donas, A. Joanes, A. Nova do Cabo;ACC;1;05;0504;050434
2023-10;2023;10;Lisboa;Lisboa;Lumiar;ACC;1;11;1106;110618
2024-10;2024;10;Lisboa;Lisboa;Lumiar;ACC;2;11;1106;110618
2024-04;2024;04;Lisboa;Lisboa;Lumiar;ACC;1;11;1106;110618
2023-10;2023;10;Santarém;Ourém;Nossa Senhora da Piedade;ACC;1;14;1421;142115
2024-10;2024;10;Braga;Guimarães;Brito;ACC;2;03;0308;030807
2024-10;2024;10;Braga;Barcelos;Carvalhal;ACC;1;03;0302;030220
2024-10;2024;10;Porto;Paços de Ferreira;Carvalhosa;ACC;3;13;1309;130902
2024-10;2024;10;Santarém;Ourém;Fátima;ACC;1;14;1421;142106
2024-09;2024;09;Santarém;Ourém;Fátima;ACC;1;14;1421;142106
2024-08;2024;08;Santarém;Ourém;Fátima;ACC;1;14;1421;142106
2024-10;2024;10;Setúbal;Seixal;Fernão Ferro;ACC;1;15;1510;151006
2024-09;2024;09;Setúbal;Seixal;Fernão Ferro;ACC;1;15;1510;151006
2024-10;2024;10;Vila Real;Vila Real;Folhadela;ACC;1;17;1714;171409
2024-10;2024;10;Porto;Paços de Ferreira;Frazão Arreigada;ACC;1;13;1309;130917
2024-10;2024;10;Braga;Guimarães;Gonça;ACC;1;03;0308;030820
2024-10;2024;10;Faro;Loulé;Loulé (São Sebastião);ACC;1;08;0808;080809
2024-10;2024;10;Porto;Porto;Paranhos;ACC;1;13;1312;131210
2024-09;2024;09;Porto;Porto;Paranhos;ACC;1;13;1312;131210
2025-04;2025;04;Porto;Porto;Paranhos;ACC;1;13;1312;131210
2024-10;2024;10;Leiria;Peniche;Peniche;ACC;1;10;1014;101407
2024-08;2024;08;Leiria;Peniche;Peniche;ACC;1;10;1014;101407
2024-10;2024;10;Santarém;Santarém;Pernes;ACC;1;14;1416;141614
2024-10;2024;10;Santarém;Cartaxo;Pontével;ACC;1;14;1406;140604
2024-10;2024;10;Setúbal;Setúbal;Sado;ACC;1;15;1512;151208
2024-10;2024;10;Braga;Guimarães;Sande (São Martinho);ACC;1;03;0308;030858
2025-04;2025;04;Braga;Guimarães;Sande (São Martinho);ACC;1;03;0308;030858
2024-10;2024;10;Viana do Castelo;Viana do Castelo;Santa Marta de Portuzelo;ACC;1;16;1609;160928
2024-10;2024;10;Viana do Castelo;Viana do Castelo;São Romão de Neiva;ACC;1;16;1609;160923
2024-09;2024;09;Viana do Castelo;Viana do Castelo;São Romão de Neiva;ACC;2;16;1609;160923
2024-10;2024;10;Braga;Guimarães;Selho (São Jorge);ACC;2;03;0308;030854
2024-04;2024;04;Braga;Guimarães;Selho (São Jorge);ACC;1;03;0308;030854
2024-10;2024;10;Porto;Póvoa de Varzim;Aguçadoura e Navais;ACC;1;13;1313;131314
2024-10;2024;10;Braga;Barcelos;Areias de Vilar e Encourados;ACC;1;03;0302;030292
2024-09;2024;09;Braga;Barcelos;Areias de Vilar e Encourados;ACC;1;03;0302;030292
2024-10;2024;10;Braga;Guimarães;Atães e Rendufe;ACC;1;03;0308;030878
2024-10;2024;10;Setúbal;Moita;Baixa da Banheira e Vale da Amoreira;ACC;3;15;1506;150607
2024-10;2024;10;Portalegre;Nisa;Espírito Santo, Nossa Senhora da Graça e São Simão;ACC;1;12;1212;121212
2024-10;2024;10;Braga;Esposende;Esposende, Marinhas e Gandra;ACC;3;03;0306;030618
2024-10;2024;10;Leiria;Figueiró dos Vinhos;Figueiró dos Vinhos e Bairradas;ACC;1;10;1008;100806
2024-04;2024;04;Leiria;Figueiró dos Vinhos;Figueiró dos Vinhos e Bairradas;ACC;1;10;1008;100806
2024-10;2024;10;Porto;Gondomar;Gondomar (São Cosme), Valbom e Jovim;ACC;1;13;1304;130415
2024-10;2024;10;Setúbal;Almada;Laranjeiro e Feijó;ACC;3;15;1503;150315
2025-04;2025;04;Setúbal;Almada;Laranjeiro e Feijó;ACC;3;15;1503;150315
2024-10;2024;10;Porto;Felgueiras;Margaride, Várzea, Lagares, Varziela e Moure;ACC;1;13;1303;130335
2024-10;2024;10;Braga;Braga;Merelim (São Pedro) e Frossos;ACC;1;03;0303;030375
2024-04;2024;04;Braga;Braga;Merelim (São Pedro) e Frossos;ACC;1;03;0303;030375
2025-04;2025;04;Braga;Braga;Merelim (São Pedro) e Frossos;ACC;1;03;0303;030375
2024-10;2024;10;Leiria;Leiria;Monte Real e Carvide;ACC;1;10;1009;100935
2025-04;2025;04;Leiria;Leiria;Monte Real e Carvide;ACC;1;10;1009;100935
2024-10;2024;10;Évora;Montemor-o-Novo;N. S. da Vila, N. S. do Bispo e Silveiras;ACC;1;07;0706;070612
2024-10;2024;10;Aveiro;Oliveira de Azeméis;Pinheiro da Bemposta, Travanca e Palmaz;ACC;1;01;0113;011322
2024-09;2024;09;Aveiro;Oliveira de Azeméis;Pinheiro da Bemposta, Travanca e Palmaz;ACC;1;01;0113;011322
2024-10;2024;10;Lisboa;Sintra;Queluz e Belas;ACC;2;11;1111;111126
2024-10;2024;10;Braga;Braga;Real, Dume e Semelhe;ACC;1;03;0303;030379
2024-10;2024;10;Aveiro;Águeda;Recardães e Espinhel;ACC;1;01;0101;010124
2024-10;2024;10;Braga;Cabeceiras de Basto;Refojos de Basto, Outeiro e Painzela;ACC;1;03;0304;030421
2024-10;2024;10;Portalegre;Portalegre;Ribeira de Nisa e Carreiras;ACC;1;12;1214;121413
2024-10;2024;10;Lisboa;Loures;Sacavém e Prior Velho;ACC;2;11;1107;110727
2024-04;2024;04;Lisboa;Loures;Sacavém e Prior Velho;ACC;2;11;1107;110727
2024-10;2024;10;Aveiro;Oliveira de Azeméis;Vila de Cucujães;ACC;1;01;0113;011319
2024-10;2024;10;Lisboa;Cadaval;Vilar;ACC;1;11;1104;110410
2024-09;2024;09;Setúbal;Seixal;Corroios;ACC;6;15;1510;151005
2024-09;2024;09;Porto;Vila do Conde;Guilhabreu;ACC;1;13;1316;131611
2024-09;2024;09;Lisboa;Oeiras;Porto Salvo;ACC;1;11;1110;111009
2025-04;2025;04;Lisboa;Oeiras;Porto Salvo;ACC;4;11;1110;111009
2024-09;2024;09;Setúbal;Palmela;Quinta do Anjo;ACC;1;15;1508;150804
2024-09;2024;09;Setúbal;Santiago do Cacém;Santo André;ACC;1;15;1509;150907
2025-04;2025;04;Porto;Vila Nova de Gaia;São Félix da Marinha;ACC;1;13;1317;131717
2025-04;2025;04;Aveiro;Águeda;Águeda e Borralha;ACC;1;01;0101;010121
2024-09;2024;09;Braga;Guimarães;Oliveira, São Paio e São Sebastião;ACC;1;03;0308;030884
2024-09;2024;09;Portalegre;Ponte de Sor;Ponte de Sor, Tramaga e Vale de Açor;ACC;1;12;1213;121308
2024-11;2024;11;Faro;Tavira;Tavira (Santa Maria e Santiago);ACC;1;08;0814;081412
2024-11;2024;11;Santarém;Tomar;São João Baptista e Santa Maria dos Olivais;ACC;2;14;1418;141821
2024-10;2024;10;Aveiro;Águeda;Trofa, Segadães e Lamas do Vouga;ACC;1;01;0101;010126
2023-10;2023;10;Porto;Felgueiras;Vila Verde e Santão;ACC;1;13;1303;130341
2024-09;2024;09;Porto;Felgueiras;Vila Verde e Santão;ACC;1;13;1303;130341
2024-04;2024;04;Porto;Felgueiras;Vila Verde e Santão;ACC;1;13;1303;130341
2024-11;2024;11;Braga;Barcelos;Várzea;ACC;1;03;0302;030283
2024-10;2024;10;Braga;Vila Verde;Vila de Prado;ACC;1;03;0313;031342
2024-10;2024;10;Braga;Braga;Adaúfe;ACC;1;03;0303;030301
2024-10;2024;10;Porto;Santo Tirso;Água Longa;ACC;1;13;1314;131402
2024-10;2024;10;Santarém;Rio Maior;Alcobertas;ACC;1;14;1414;141401
2024-10;2024;10;Santarém;Alpiarça;Alpiarça;ACC;1;14;1404;140401
2024-10;2024;10;Leiria;Caldas da Rainha;Alvorninha;ACC;1;10;1006;100602
2024-09;2024;09;Portalegre;Elvas;Assunção, Ajuda, Salvador e Santo Ildefonso;ACC;1;12;1207;120712
2024-10;2024;10;Lisboa;Azambuja;Azambuja;ACC;1;11;1103;110304
2024-10;2024;10;Santarém;Mação;Envendos;ACC;1;14;1413;141305
2024-10;2024;10;Braga;Vila Nova de Famalicão;Joane;ACC;1;03;0312;031219
2024-10;2024;10;Braga;Guimarães;Lordelo;ACC;1;03;0308;030828
2024-10;2024;10;Porto;Vila do Conde;Macieira da Maia;ACC;1;13;1316;131614
2024-09;2024;09;Leiria;Leiria;Leiria, Pousos, Barreira e Cortes;ACC;1;10;1009;100933
2024-09;2024;09;Braga;Guimarães;Sande Vila Nova e Sande São Clemente;ACC;1;03;0308;030887
2025-04;2025;04;Braga;Guimarães;Sande Vila Nova e Sande São Clemente;ACC;1;03;0308;030887
2024-09;2024;09;Lisboa;Loures;Santo Antão e São Julião do Tojal;ACC;2;11;1107;110729
2025-04;2025;04;Lisboa;Loures;Santo Antão e São Julião do Tojal;ACC;2;11;1107;110729
2024-09;2024;09;Porto;Santo Tirso;St. Tirso, Couto (S. Cristina e S. Miguel) e Burgães;ACC;2;13;1314;131437
2024-04;2024;04;Braga;Guimarães;Nespereira;ACC;1;03;0308;030832
2024-04;2024;04;Braga;Vila Nova de Famalicão;Delães;ACC;1;03;0312;031213
2024-04;2024;04;Braga;Vila Nova de Famalicão;Requião;ACC;1;03;0312;031233
2025-04;2025;04;Aveiro;Aveiro;Requeixo, Nossa Senhora de Fátima e Nariz;ACC;1;01;0105;010516
2025-04;2025;04;Aveiro;Ílhavo;Ílhavo (São Salvador);ACC;1;01;0110;011008
2025-04;2025;04;Portalegre;Castelo de Vide;São João Baptista;ACC;1;12;1205;120504
2024-08;2024;08;Braga;Barcelos;Manhente;ACC;1;03;0302;030245
2025-04;2025;04;Lisboa;Amadora;Águas Livres;ACC;1;11;1115;111513
2025-04;2025;04;Lisboa;Sobral de Monte Agraço;Sobral de Monte Agraço;ACC;1;11;1112;111203
2024-08;2024;08;Porto;Vila Nova de Gaia;Canidelo;ACC;1;13;1317;131704
2024-08;2024;08;Porto;Maia;Castêlo da Maia;ACC;1;13;1306;130618
2025-08;2025;08;Porto;Póvoa de Varzim;Laundos;ACC;1;13;1313;131308
2025-04;2025;04;Porto;Póvoa de Varzim;AVer-o-Mar, Amorim e Terroso;ACC;1;13;1313;131313
2025-04;2025;04;Porto;Paredes;Paredes;ACC;1;13;1310;131025
2025-04;2025;04;Porto;Amarante;Telões;ACC;1;13;1301;130135
2024-08;2024;08;Bragança;Mirandela;Mascarenhas;ACC;1;04;0407;040720
2024-08;2024;08;Braga;Guimarães;Atães e Rendufe;ACC;1;03;0308;030878
2025-08;2025;08;Porto;Santo Tirso;Água Longa;ACC;1;13;1314;131402
2025-08;2025;08;Braga;Fafe;Estorãos;ACC;1;03;0307;030708
2025-08;2025;08;Braga;Guimarães;Gonça;ACC;1;03;0308;030820
2025-08;2025;08;Porto;Vila do Conde;Guilhabreu;ACC;1;13;1316;131611
2025-08;2025;08;Braga;Guimarães;Ponte;ACC;1;03;0308;030838
2025-08;2025;08;Braga;Vila Verde;Turiz;ACC;1;03;0313;031354
2025-08;2025;08;Braga;Braga;Real, Dume e Semelhe;ACC;1;03;0303;030379
2025-08;2025;08;Porto;Vila Nova de Gaia;Santa Marinha e São Pedro da Afurada;ACC;2;13;1317;131730
2024-08;2024;08;Guarda;Sabugal;Sabugal e Aldeia de Santo António;ACC;1;09;0911;091145
2025-08;2025;08;Leiria;Pombal;Carriço;ACC;1;10;1015;101505
2025-08;2025;08;Santarém;Ourém;Fátima;ACC;1;14;1421;142106
2025-08;2025;08;Leiria;Caldas da Rainha;Nadadouro;ACC;1;10;1006;100608
2025-08;2025;08;Setúbal;Palmela;Quinta do Anjo;ACC;1;15;1508;150804
2025-08;2025;08;Setúbal;Sesimbra;Quinta do Conde;ACC;1;15;1511;151103
2025-08;2025;08;Aveiro;Aveiro;Requeixo, Nossa Senhora de Fátima e Nariz;ACC;1;01;0105;010516
2025-08;2025;08;Setúbal;Setúbal;Sado;ACC;1;15;1512;151208
2023-10;2023;10;Porto;Valongo;Ermesinde;ACC;1;13;1315;131503
2024-10;2024;10;Coimbra;Cantanhede;Febres;ACC;1;06;0602;060207
2024-08;2024;08;Coimbra;Cantanhede;Febres;ACC;1;06;0602;060207
2024-10;2024;10;Castelo Branco;Idanha-a-Nova;Ladoeiro;ACC;1;05;0505;050505
2024-10;2024;10;Aveiro;Santa Maria da Feira;Paços de Brandão;ACC;1;01;0109;010919
2025-04;2025;04;Aveiro;Santa Maria da Feira;Paços de Brandão;ACC;1;01;0109;010919
2024-10;2024;10;Lisboa;Lisboa;Parque das Nações;ACC;1;11;1106;110662
2024-10;2024;10;Lisboa;Sintra;Rio de Mouro;ACC;3;11;1111;111108
2024-08;2024;08;Lisboa;Sintra;Rio de Mouro;ACC;3;11;1111;111108
2024-10;2024;10;Aveiro;Santa Maria da Feira;Santa Maria de Lamas;ACC;1;01;0109;010925
2024-10;2024;10;Porto;Porto;Aldoar, Foz do Douro e Nevogilde;ACC;1;13;1312;131216
2024-08;2024;08;Porto;Porto;Aldoar, Foz do Douro e Nevogilde;ACC;1;13;1312;131216
2024-10;2024;10;Lisboa;Alenquer;Alenquer (Santo Estêvão e Triana);ACC;1;11;1101;110119
2024-09;2024;09;Lisboa;Alenquer;Alenquer (Santo Estêvão e Triana);ACC;1;11;1101;110119
2024-10;2024;10;Porto;Trofa;Bougado (São Martinho e Santiago);ACC;1;13;1318;131810
2025-04;2025;04;Porto;Trofa;Bougado (São Martinho e Santiago);ACC;1;13;1318;131810
2024-10;2024;10;Braga;Guimarães;Candoso São Tiago e Mascotelos;ACC;1;03;0308;030881
2024-10;2024;10;Aveiro;Santa Maria da Feira;Canedo, Vale e Vila Maior;ACC;1;01;0109;010933
2024-10;2024;10;Porto;Gondomar;Fânzeres e São Pedro da Cova;ACC;2;13;1304;130413
2024-09;2024;09;Porto;Gondomar;Fânzeres e São Pedro da Cova;ACC;2;13;1304;130413
2025-04;2025;04;Porto;Gondomar;Fânzeres e São Pedro da Cova;ACC;2;13;1304;130413
2024-10;2024;10;Porto;Vila Nova de Gaia;Mafamude e Vilar do Paraíso;ACC;1;13;1317;131727
2025-08;2025;08;Porto;Vila Nova de Gaia;Mafamude e Vilar do Paraíso;ACC;2;13;1317;131727
2024-10;2024;10;Santarém;Cartaxo;Vila Chã de Ourique;ACC;1;14;1406;140607
2024-10;2024;10;Porto;Vila do Conde;Vilar de Pinheiro;ACC;1;13;1316;131630
2025-04;2025;04;Porto;Vila do Conde;Vilar de Pinheiro;ACC;1;13;1316;131630
2024-10;2024;10;Braga;Vila Nova de Famalicão;Vilarinho das Cambas;ACC;1;03;0312;031249
2025-04;2025;04;Braga;Vila Nova de Famalicão;Vilarinho das Cambas;ACC;1;03;0312;031249
2024-09;2024;09;Porto;Paços de Ferreira;Ferreira;ACC;1;13;1309;130905
2024-09;2024;09;Coimbra;Penacova;Figueira de Lorvão;ACC;1;06;0613;061302
2025-08;2025;08;Coimbra;Penacova;Figueira de Lorvão;ACC;1;06;0613;061302
2024-08;2024;08;Coimbra;Penacova;Lorvão;ACC;1;06;0613;061304
2025-08;2025;08;Santarém;Torres Novas;Meia Via;ACC;1;14;1419;141917
2024-09;2024;09;Setúbal;Palmela;Palmela;ACC;3;15;1508;150802
2024-08;2024;08;Setúbal;Palmela;Palmela;ACC;3;15;1508;150802
2024-09;2024;09;Braga;Guimarães;Polvoreira;ACC;2;03;0308;030837
2024-04;2024;04;Lisboa;Loures;Santa Iria de Azoia, São João da Talha e Bobadela;ACC;2;11;1107;110728
2024-09;2024;09;Braga;Barcelos;Barcelos, V. Boa, V. Frescainha;ACC;2;03;0302;030293
2024-10;2024;10;Coimbra;Coimbra;Souselas e Botão;ACC;1;06;0603;060339
2024-09;2024;09;Lisboa;Amadora;Alfragide;ACC;1;11;1115;111512
2024-08;2024;08;Lisboa;Amadora;Alfragide;ACC;1;11;1115;111512
2024-10;2024;10;Leiria;Alcobaça;Aljubarrota;ACC;1;10;1001;100120
2024-08;2024;08;Leiria;Alcobaça;Aljubarrota;ACC;1;10;1001;100120
2024-10;2024;10;Lisboa;Lisboa;Avenidas Novas;ACC;1;11;1106;110657
2024-09;2024;09;Faro;Aljezur;Bordeira;ACC;1;08;0803;080302
2024-09;2024;09;Lisboa;Lisboa;Misericórdia;ACC;1;11;1106;110661
2024-09;2024;09;Santarém;Benavente;Barrosa;ACC;1;14;1405;140504
2024-09;2024;09;Braga;Vila Nova de Famalicão;Vila Nova de Famalicão e Calendário;ACC;3;03;0312;031260
2024-08;2024;08;Braga;Vila Nova de Famalicão;Vila Nova de Famalicão e Calendário;ACC;3;03;0312;031260
2025-04;2025;04;Faro;Vila Real de Santo António;Vila Real de Santo António;ACC;1;08;0816;081602
2024-04;2024;04;Braga;Barcelos;Alvelos;ACC;1;03;0302;030208
2025-04;2025;04;Setúbal;Seixal;Amora;ACC;2;15;1510;151002
2025-08;2025;08;Aveiro;Albergaria-a-Velha;Branca;ACC;1;01;0102;010204
2025-08;2025;08;Aveiro;Santa Maria da Feira;Santa Maria da Feira, Travanca, Sanfins e Espargo;ACC;1;01;0109;010935
2025-04;2025;04;Évora;Évora;Canaviais;ACC;1;07;0705;070515
2025-04;2025;04;Santarém;Benavente;Benavente;ACC;1;14;1405;140501
2025-08;2025;08;Braga;Barcelos;Arcozelo;ACC;1;03;0302;030209
2025-04;2025;04;Braga;Vila Nova de Famalicão;Vale (São Martinho);ACC;1;03;0312;031241
2025-04;2025;04;Lisboa;Amadora;Falagueira-Venda Nova;ACC;1;11;1115;111515
2024-08;2024;08;Porto;Gondomar;Baguim do Monte (Rio Tinto);ACC;3;13;1304;130412
2025-08;2025;08;Porto;Gondomar;Baguim do Monte (Rio Tinto);ACC;3;13;1304;130412
2025-04;2025;04;Porto;Marco de Canaveses;Bem Viver;ACC;1;13;1307;130734
2025-04;2025;04;Porto;Porto;Cedofeita, Ildefonso, Sé, Miragaia, Nicolau, Vitória;ACC;1;13;1312;131217
2024-08;2024;08;Porto;Matosinhos;Perafita, Lavra e Santa Cruz do Bispo;ACC;1;13;1308;130813
2025-08;2025;08;Viseu;Viseu;Abraveses;ACC;1;18;1823;182301
2025-04;2025;04;Viana do Castelo;Arcos de Valdevez;Vale;ACC;1;16;1601;160149
2025-08;2025;08;Castelo Branco;Idanha-a-Nova;Idanha-a-Nova e Alcafozes;ACC;1;05;0505;050518
2025-08;2025;08;Porto;Póvoa de Varzim;Póvoa de Varzim, Beiriz e Argivai;ACC;1;13;1313;131315
2024-08;2024;08;Coimbra;Penacova;Penacova;ACC;1;06;0613;061307
2025-08;2025;08;Coimbra;Penacova;Penacova;ACC;1;06;0613;061307
2025-08;2025;08;Coimbra;Coimbra;Assafarge e Antanhol;ACC;1;06;0603;060333
2025-08;2025;08;Santarém;Alcanena;Malhou, Louriceira e Espinheiro;ACC;1;14;1402;140212
2025-08;2025;08;Setúbal;Santiago do Cacém;Santiago do Cacém, S. Cruz e S. Bartolomeu da Serra;ACC;1;15;1509;150912
2025-02;2025;02;Braga;Braga;Palmeira;ACC;1;03;0303;030331
2025-02;2025;02;Aveiro;Oliveira de Azeméis;Pinheiro da Bemposta, Travanca e Palmaz;ACC;1;01;0113;011322
2023-01;2023;01;Bragança;Miranda do douro;Miranda do Douro;ACC;1;04;0406;040608
2025-02;2025;02;Castelo Branco;Fundão;Fundão, Valverde, Donas, A. Joanes, A. Nova do Cabo;ACC;1;05;0504;050434
2022-07;2022;07;Castelo Branco;Fundão;Fundão, Valverde, Donas, A. Joanes, A. Nova do Cabo;ACC;1;05;0504;050434
2024-02;2024;02;Setúbal;Seixal;Corroios;ACC;2;15;1510;151005
2024-02;2024;02;Leiria;Marinha Grande;Marinha Grande;ACC;1;10;1010;101001
2025-02;2025;02;Leiria;Leiria;Caranguejeira;ACC;1;10;1009;100907
2025-01;2025;01;Leiria;Leiria;Caranguejeira;ACC;1;10;1009;100907
2025-02;2025;02;Leiria;Pombal;Carriço;ACC;1;10;1015;101505
2025-02;2025;02;Santarém;Ourém;Caxarias;ACC;1;14;1421;142104
2025-02;2025;02;Coimbra;Penacova;Figueira de Lorvão;ACC;1;06;0613;061302
2025-02;2025;02;Setúbal;Moita;Moita;ACC;1;15;1506;150603
2025-01;2025;01;Setúbal;Palmela;Quinta do Anjo;ACC;1;15;1508;150804
2025-02;2025;02;Setúbal;Sesimbra;Quinta do Conde;ACC;1;15;1511;151103
2024-07;2024;07;Porto;Gondomar;Baguim do Monte (Rio Tinto);ACC;3;13;1304;130412
2025-02;2025;02;Braga;Barcelos;Carvalhal;ACC;1;03;0302;030220
2025-02;2025;02;Porto;Maia;Castêlo da Maia;ACC;2;13;1306;130618
2024-07;2024;07;Porto;Maia;Castêlo da Maia;ACC;1;13;1306;130618
2025-01;2025;01;Porto;Paços de Ferreira;Ferreira;ACC;1;13;1309;130905
2025-02;2025;02;Porto;Vila do Conde;Guilhabreu;ACC;1;13;1316;131611
2025-02;2025;02;Bragança;Mirandela;Mascarenhas;ACC;1;04;0407;040720
2025-02;2025;02;Viseu;Viseu;Rio de Loba;ACC;2;18;1823;182323
2025-01;2025;01;Viseu;Viseu;Rio de Loba;ACC;2;18;1823;182323
2025-02;2025;02;Braga;Guimarães;Candoso São Tiago e Mascotelos;ACC;1;03;0308;030881
2025-01;2025;01;Braga;Guimarães;Candoso São Tiago e Mascotelos;ACC;1;03;0308;030881
2025-01;2025;01;Lisboa;Cascais;Carcavelos e Parede;ACC;1;11;1105;110507
2024-01;2024;01;Porto;Gondomar;Fânzeres e São Pedro da Cova;ACC;1;13;1304;130413
2025-02;2025;02;Porto;Póvoa de Varzim;Póvoa de Varzim, Beiriz e Argivai;ACC;1;13;1313;131315
2025-01;2025;01;Porto;Póvoa de Varzim;Póvoa de Varzim, Beiriz e Argivai;ACC;1;13;1313;131315
2025-02;2025;02;Lisboa;Lisboa;Carnide;ACC;2;11;1106;110611
2024-01;2024;01;Braga;Vila Verde;Esqueiros, Nevogilde e Travassós;ACC;1;03;0313;031363
2025-02;2025;02;Braga;Braga;Nogueira, Fraião e Lamaçães;ACC;1;03;0303;030377
2025-02;2025;02;Porto;Matosinhos;Perafita, Lavra e Santa Cruz do Bispo;ACC;1;13;1308;130813
2024-01;2024;01;Lisboa;Loures;Santa Iria de Azoia, São João da Talha e Bobadela;ACC;1;11;1107;110728
2025-01;2025;01;Viseu;São Pedro do Sul;Bordonhos;ACC;1;18;1816;181602
2025-01;2025;01;Santarém;Ourém;Fátima;ACC;1;14;1421;142106
2025-01;2025;01;Aveiro;Santa Maria da Feira;Canedo, Vale e Vila Maior;ACC;1;01;0109;010933
2025-01;2025;01;Braga;Braga;Merelim (São Paio), Panoias e Parada de Tibães;ACC;1;03;0303;030374
2023-07;2023;07;Santarém;Ourém;Nossa Senhora da Piedade;ACC;1;14;1421;142115
2024-07;2024;07;Lisboa;Amadora;Falagueira-Venda Nova;ACC;1;11;1115;111515
2025-02;2025;02;Lisboa;Odivelas;Pontinha e Famões;ACC;2;11;1116;111608
2025-01;2025;01;Porto;Santo Tirso;St. Tirso, Couto (S. Cristina e S. Miguel) e Burgães;ACC;2;13;1314;131437
2025-01;2025;01;Bragança;Bragança;Sé, Santa Maria e Meixedo;ACC;1;04;0402;040257
2025-01;2025;01;Santarém;Tomar;São João Baptista e Santa Maria dos Olivais;ACC;2;14;1418;141821
2024-07;2024;07;Aveiro;Águeda;Trofa, Segadães e Lamas do Vouga;ACC;1;01;0101;010126
2024-07;2024;07;Braga;Barcelos;Vila Cova e Feitos;ACC;1;03;0302;0302FH
2025-02;2025;02;Viana do Castelo;Arcos de Valdevez;Vale;ACC;1;16;1601;160149
2025-01;2025;01;Porto;Vila do Conde;Vilar de Pinheiro;ACC;1;13;1316;131630
2024-07;2024;07;Aveiro;Estarreja;Beduído e Veiros;ACC;1;01;0108;010808
2024-07;2024;07;Braga;Celorico de Basto;Britelo, Gémeos e Ourilhe;ACC;1;03;0305;030523
2024-07;2024;07;Portalegre;Nisa;Espírito Santo, Nossa Senhora da Graça e São Simão;ACC;1;12;1212;121212
2024-07;2024;07;Faro;Lagoa;Estômbar e Parchal;ACC;1;08;0806;080607
2025-07;2025;07;Faro;Lagoa;Estômbar e Parchal;ACC;1;08;0806;080607
2024-07;2024;07;Porto;Gondomar;Fânzeres e São Pedro da Cova;ACC;2;13;1304;130413
2025-07;2025;07;Leiria;Leiria;Caranguejeira;ACC;1;10;1009;100907
2025-07;2025;07;Coimbra;Cantanhede;Febres;ACC;1;06;0602;060207
2025-07;2025;07;Lisboa;Lisboa;Lumiar;ACC;2;11;1106;110618
2025-06;2025;06;Lisboa;Lisboa;Lumiar;ACC;2;11;1106;110618
2025-07;2025;07;Lisboa;Oeiras;Algés, Linda-a-Velha e Cruz Quebrada-Dafundo;ACC;3;11;1110;111012
2025-07;2025;07;Setúbal;Moita;Baixa da Banheira e Vale da Amoreira;ACC;3;15;1506;150607
2025-07;2025;07;Setúbal;Montijo;Montijo e Afonsoeiro;ACC;1;15;1507;150710
2025-07;2025;07;Vila Real;Vila Real;Vila Real;ACC;1;17;1714;171438
2024-07;2024;07;Braga;Barcelos;Manhente;ACC;1;03;0302;030245
2025-06;2025;06;Santarém;Torres Novas;Meia Via;ACC;1;14;1419;141917
2025-06;2025;06;Porto;Maia;Moreira;ACC;3;13;1306;130609
2024-07;2024;07;Aveiro;Espinho;Paramos;ACC;1;01;0107;010704
2025-07;2025;07;Aveiro;Espinho;Paramos;ACC;1;01;0107;010704
2025-07;2025;07;Braga;Braga;Sequeira;ACC;1;03;0303;030354
2024-07;2024;07;Porto;Póvoa de Varzim;Aguçadoura e Navais;ACC;1;13;1313;131314
2024-07;2024;07;Braga;Braga;Celeirós, Aveleda e Vimieiro;ACC;1;03;0303;030367
2025-07;2025;07;Santarém;Ourém;Caxarias;ACC;1;14;1421;142104
2025-07;2025;07;Santarém;Mação;Envendos;ACC;1;14;1413;141305
2025-07;2025;07;Lisboa;Lisboa;Parque das Nações;ACC;2;11;1106;110662
2025-07;2025;07;Évora;Borba;Rio de Moinhos;ACC;1;07;0703;070303
2025-07;2025;07;Porto;Lousada;Lustosa e Barrosas (Santo Estêvão);ACC;1;13;1305;130530
2024-02;2024;02;Leiria;Figueiró dos Vinhos;Figueiró dos Vinhos e Bairradas;ACC;1;10;1008;100806
2025-02;2025;02;Leiria;Figueiró dos Vinhos;Figueiró dos Vinhos e Bairradas;ACC;1;10;1008;100806
2024-01;2024;01;Setúbal;Almada;Laranjeiro e Feijó;ACC;1;15;1503;150315
2025-01;2025;01;Braga;Guimarães;Sande Vila Nova e Sande São Clemente;ACC;1;03;0308;030887
2025-01;2025;01;Lisboa;Loures;Santo Antão e São Julião do Tojal;ACC;2;11;1107;110729
2025-02;2025;02;Setúbal;Seixal;Seixal, Arrentela e Aldeia de Paio Pires;ACC;3;15;1510;151007
2025-07;2025;07;Setúbal;Setúbal;S. Julião, N. S. da Anunciada e S. Maria da Graça;ACC;2;15;1512;151210
2025-02;2025;02;Évora;Vendas Novas;Vendas Novas;ACC;1;07;0712;071201
2024-07;2024;07;Évora;Vendas Novas;Vendas Novas;ACC;1;07;0712;071201
2025-07;2025;07;Leiria;Caldas da Rainha;Alvorninha;ACC;1;10;1006;100602
2025-02;2025;02;Évora;Arraiolos;Arraiolos;ACC;1;07;0702;070201
2024-06;2024;06;Portalegre;Elvas;Assunção, Ajuda, Salvador e Santo Ildefonso;ACC;1;12;1207;120712
2024-07;2024;07;Aveiro;Aveiro;Esgueira;ACC;1;01;0105;010505
2025-02;2025;02;Santarém;Cartaxo;Pontével;ACC;1;14;1406;140604
2024-06;2024;06;Santarém;Cartaxo;Pontével;ACC;1;14;1406;140604
2025-02;2025;02;Santarém;Tomar;São Pedro de Tomar;ACC;1;14;1418;141813
2025-07;2025;07;Coimbra;Tábua;Tábua;ACC;2;06;0616;061614
2025-07;2025;07;Leiria;Bombarral;Bombarral e Vale Covo;ACC;1;10;1005;100506
2025-01;2025;01;Porto;Valongo;Alfena;ACC;1;13;1315;131501
2025-07;2025;07;Coimbra;Figueira da Foz;Alqueidão;ACC;1;06;0605;060502
2025-02;2025;02;Coimbra;Montemor-o-Velho;Carapinheira;ACC;1;06;0610;061003
2024-07;2024;07;Vila Real;Vila Real;Folhadela;ACC;1;17;1714;171409
2025-01;2025;01;Porto;Porto;Paranhos;ACC;1;13;1312;131210
2024-07;2024;07;Braga;Barcelos;Pousa;ACC;1;03;0302;030261
2025-02;2025;02;Lisboa;Torres Vedras;São Pedro da Cadeira;ACC;2;11;1113;111314
2025-01;2025;01;Braga;Esposende;Apúlia e Fão;ACC;1;03;0306;030616
2025-01;2025;01;Lisboa;Oeiras;Carnaxide e Queijas;ACC;2;11;1110;111013
2025-02;2025;02;Braga;Braga;Este (São Pedro e São Mamede);ACC;1;03;0303;030370
2024-07;2024;07;Porto;Lousada;Figueiras e Covas;ACC;1;13;1305;130529
2025-07;2025;07;Braga;Braga;Merelim (São Pedro) e Frossos;ACC;1;03;0303;030375
2025-07;2025;07;Viana do Castelo;Monção;Trute;ACC;1;16;1604;160431
2025-01;2025;01;Aveiro;Anadia;Avelãs de Cima;ACC;1;01;0103;010305
2025-01;2025;01;Lisboa;Lisboa;Beato;ACC;1;11;1106;110607
2025-01;2025;01;Braga;Guimarães;Brito;ACC;2;03;0308;030807
2025-01;2025;01;Braga;Guimarães;Costa;ACC;1;03;0308;030812
2025-01;2025;01;Aveiro;Ílhavo;Ílhavo (São Salvador);ACC;1;01;0110;011008
2025-01;2025;01;Lisboa;Vila Franca de Xira;Alverca do Ribatejo e Sobralinho;ACC;1;11;1114;111413
2024-07;2024;07;Leiria;Batalha;Batalha;ACC;1;10;1004;100401
2024-07;2024;07;Coimbra;Figueira da Foz;Buarcos e São Julião;ACC;1;06;0605;060520
2024-01;2024;01;Braga;Braga;Ferreiros e Gondizalves;ACC;1;03;0303;030371
2025-07;2025;07;Braga;Braga;Ferreiros e Gondizalves;ACC;1;03;0303;030371
2025-01;2025;01;Leiria;Pombal;Guia, Ilha e Mata Mourisca;ACC;2;10;1015;101518
2025-07;2025;07;Leiria;Pombal;Guia, Ilha e Mata Mourisca;ACC;2;10;1015;101518
2024-07;2024;07;Lisboa;Sintra;Queluz e Belas;ACC;1;11;1111;111126
2025-01;2025;01;Portalegre;Portalegre;Ribeira de Nisa e Carreiras;ACC;1;12;1214;121413
2024-07;2024;07;Setúbal;Almada;Charneca de Caparica e Sobreda;ACC;2;15;1503;150314
2025-07;2025;07;Porto;Paredes;Vilela;ACC;1;13;1310;131024
2024-07;2024;07;Braga;Guimarães;Nespereira;ACC;1;03;0308;030832
2024-07;2024;07;Braga;Guimarães;Selho (São Jorge);ACC;2;03;0308;030854
2025-07;2025;07;Lisboa;Lisboa;Belém;ACC;1;11;1106;110658
2025-07;2025;07;Aveiro;Aveiro;Eixo e Eirol;ACC;1;01;0105;010515
2025-07;2025;07;Aveiro;Ovar;Esmoriz;ACC;1;01;0115;011503
2025-07;2025;07;Santarém;Rio Maior;Fráguas;ACC;1;14;1414;141405
2025-07;2025;07;Santarém;Torres Novas;Riachos;ACC;1;14;1419;141910
2025-07;2025;07;Guarda;Sabugal;Souto;ACC;1;09;0911;091134
2025-07;2025;07;Faro;Tavira;Luz de Tavira e Santo Estêvão;ACC;1;08;0814;081411
2024-05;2024;05;Braga;Vila Nova de Famalicão;Requião;ACC;1;03;0312;031233
2025-06;2025;06;Coimbra;Coimbra;Santo António dos Olivais;ACC;2;06;0603;060318
2024-06;2024;06;Faro;Silves;São Bartolomeu de Messines;ACC;1;08;0813;081305
2025-06;2025;06;Faro;Silves;São Bartolomeu de Messines;ACC;1;08;0813;081305
2024-05;2024;05;Faro;Silves;São Bartolomeu de Messines;ACC;1;08;0813;081305
2024-06;2024;06;Lisboa;Odivelas;Póvoa de Santo Adrião e Olival Basto;ACC;1;11;1116;111609
2024-06;2024;06;Bragança;Bragança;Sé, Santa Maria e Meixedo;ACC;1;04;0402;040257
2025-06;2025;06;Aveiro;Santa Maria da Feira;Argoncilhe;ACC;4;01;0109;010901
2025-06;2025;06;Portalegre;Elvas;Assunção, Ajuda, Salvador e Santo Ildefonso;ACC;1;12;1207;120712
2025-06;2025;06;Santarém;Ourém;Atouguia;ACC;1;14;1421;142102
2025-06;2025;06;Porto;Maia;Cidade da Maia;ACC;1;13;1306;130619
2025-06;2025;06;Aveiro;Aveiro;Eixo e Eirol;ACC;1;01;0105;010515
2025-05;2025;05;Santarém;Ourém;Nossa Senhora da Piedade;ACC;1;14;1421;142115
2025-06;2025;06;Braga;Braga;Palmeira;ACC;1;03;0303;030331
2025-06;2025;06;Braga;Braga;Palmeira;CER;1;03;0303;030331
2025-06;2025;06;Lisboa;Lisboa;Parque das Nações;ACC;2;11;1106;110662
2025-06;2025;06;Setúbal;Sesimbra;Quinta do Conde;ACC;1;15;1511;151103
2025-06;2025;06;Aveiro;Águeda;Recardães e Espinhel;ACC;1;01;0101;010124
2025-06;2025;06;Porto;Vila Nova de Gaia;Sandim, Olival, Lever e Crestuma;ACC;1;13;1317;131729
2025-06;2025;06;Leiria;Caldas da Rainha;Tornada e Salir do Porto;ACC;2;10;1006;100619
2024-03;2024;03;Braga;Barcelos;Várzea;ACC;1;03;0302;030283
2025-06;2025;06;Évora;Vendas Novas;Vendas Novas;ACC;2;07;0712;071201
2023-05;2023;05;Bragança;Miranda do douro;Miranda do Douro;ACC;1;04;0406;040608
2024-03;2024;03;Bragança;Miranda do douro;Miranda do Douro;ACC;1;04;0406;040608
2024-05;2024;05;Porto;Marco de Canaveses;Marco;ACC;1;13;1307;130736
2025-05;2025;05;Santarém;Cartaxo;Pontével;ACC;1;14;1406;140604
2025-05;2025;05;Leiria;Pombal;Carriço;ACC;1;10;1015;101505
2024-06;2024;06;Braga;Vila Nova de Famalicão;Delães;ACC;1;03;0312;031213
2025-05;2025;05;Braga;Vila Nova de Famalicão;Delães;ACC;1;03;0312;031213
2024-05;2024;05;Braga;Vila Verde;Gême;ACC;1;03;0313;031317
2024-06;2024;06;Coimbra;Penacova;Lorvão;ACC;1;06;0613;061304
2025-05;2025;05;Braga;Esposende;Apúlia e Fão;ACC;1;03;0306;030616
2025-09;2025;09;Coimbra;Figueira da Foz;Buarcos e São Julião;ACC;1;06;0605;060520
2025-09;2025;09;Coimbra;Montemor-o-Velho;Carapinheira;ACC;1;06;0610;061003
2025-10;2025;10;Viseu;Moimenta da Beira;Moimenta da Beira;ACC;1;18;1807;180710
2025-10;2025;10;Viseu;Tondela;Guardão;ACC;1;18;1821;182108
2025-10;2025;10;Viseu;Penalva do Castelo;Ínsua;ACC;1;18;1811;181105
2025-10;2025;10;Viseu;Tarouca;Tarouca e Dálvares;ACC;1;18;1820;182013
2025-10;2025;10;Braga;Braga;Sequeira;ACC;1;03;0303;030354
2025-10;2025;10;Braga;Braga;Celeirós, Aveleda e Vimieiro;ACC;1;03;0303;030367
2025-10;2025;10;Braga;Braga;Ferreiros e Gondizalves;ACC;1;03;0303;030371
2025-10;2025;10;Braga;Braga;Merelim (São Paio), Panoias e Parada de Tibães;ACC;1;03;0303;030374
2025-10;2025;10;Braga;Braga;Nogueira, Fraião e Lamaçães;ACC;2;03;0303;030377
2025-10;2025;10;Braga;Braga;Real, Dume e Semelhe;ACC;2;03;0303;030379
2025-10;2025;10;Braga;Guimarães;Aldão;ACC;1;03;0308;030801
2025-10;2025;10;Braga;Guimarães;Costa;ACC;1;03;0308;030812
2025-10;2025;10;Braga;Guimarães;Gonça;ACC;1;03;0308;030820
2025-10;2025;10;Braga;Guimarães;Ponte;ACC;1;03;0308;030838
2025-10;2025;10;Braga;Guimarães;Selho São Lourenço e Gominhães;ACC;1;03;0308;030888
2025-10;2025;10;Braga;Barcelos;Alvelos;ACC;1;03;0302;030208
2025-10;2025;10;Braga;Barcelos;Carvalhal;ACC;1;03;0302;030220
2025-10;2025;10;Braga;Barcelos;Manhente;ACC;1;03;0302;030245
2025-10;2025;10;Braga;Barcelos;Tamel (São Veríssimo);ACC;1;03;0302;030277
2025-10;2025;10;Braga;Barcelos;Barcelos, V. Boa, V. Frescainha;ACC;3;03;0302;030293
2025-10;2025;10;Braga;Barcelos;Vila Cova e Feitos;ACC;1;03;0302;0302FH
2025-10;2025;10;Braga;Barcelos;Várzea;ACC;1;03;0302;030283
2025-10;2025;10;Braga;Fafe;Quinchães;ACC;2;03;0307;030722
2025-10;2025;10;Braga;Vila Nova de Famalicão;Requião;ACC;3;03;0312;031233
2025-10;2025;10;Braga;Vila Nova de Famalicão;Vila Nova de Famalicão e Calendário;ACC;5;03;0312;031260
2025-10;2025;10;Braga;Vila Nova de Famalicão;Vale (São Martinho);ACC;2;03;0312;031241
2025-10;2025;10;Braga;Vila Nova de Famalicão;Vilarinho das Cambas;ACC;2;03;0312;031249
2025-10;2025;10;Braga;Vila Verde;Vila de Prado;ACC;1;03;0313;031342
2025-10;2025;10;Braga;Amares;Amares e Figueiredo;ACC;1;03;0301;030125
2025-10;2025;10;Aveiro;Águeda;Aguada de Cima;ACC;1;01;0101;010103
2025-10;2025;10;Aveiro;Águeda;Recardães e Espinhel;ACC;1;01;0101;010124
2025-10;2025;10;Aveiro;Albergaria-a-Velha;Albergaria-a-Velha e Valmaior;ACC;1;01;0102;010209
2025-10;2025;10;Aveiro;Albergaria-a-Velha;Branca;ACC;1;01;0102;010204
2025-10;2025;10;Aveiro;Arouca;Alvarenga;ACC;1;01;0104;010402
2025-10;2025;10;Aveiro;Santa Maria da Feira;Arrifana;ACC;1;01;0109;010902
2025-10;2025;10;Aveiro;Santa Maria da Feira;Romariz;ACC;1;01;0109;010922
2025-10;2025;10;Aveiro;Santa Maria da Feira;Santa Maria de Lamas;ACC;2;01;0109;010925
2025-10;2025;10;Aveiro;Santa Maria da Feira;Santa Maria da Feira, Travanca, Sanfins e Espargo;ACC;3;01;0109;010935
2025-10;2025;10;Aveiro;Anadia;Avelãs de Cima;ACC;1;01;0103;010305
2025-10;2025;10;Aveiro;Oliveira de Azeméis;Carregosa;ACC;2;01;0113;011301
2025-10;2025;10;Aveiro;Aveiro;Requeixo, Nossa Senhora de Fátima e Nariz;ACC;1;01;0105;010516
2025-10;2025;10;Aveiro;Aveiro;Glória e Vera Cruz;ACC;1;01;0105;010517
2025-10;2025;10;Aveiro;Espinho;Paramos;ACC;1;01;0107;010704
2025-10;2025;10;Aveiro;Estarreja;Beduído e Veiros;ACC;1;01;0108;010808
2025-10;2025;10;Aveiro;Vagos;Fonte de Angeão e Covão do Lobo;ACC;1;01;0118;011812
2025-10;2025;10;Porto;Felgueiras;Vila Verde e Santão;ACC;1;13;1303;130341
2025-10;2025;10;Porto;Valongo;Campo e Sobrado;ACC;1;13;1315;131506
2025-10;2025;10;Porto;Vila Nova de Gaia;Arcozelo;ACC;1;13;1317;131701
2025-10;2025;10;Porto;Vila Nova de Gaia;Canelas;ACC;3;13;1317;131703
2025-10;2025;10;Porto;Vila Nova de Gaia;Sandim, Olival, Lever e Crestuma;ACC;1;13;1317;131729
2025-10;2025;10;Porto;Vila do Conde;Aveleda;ACC;1;13;1316;131603
2025-10;2025;10;Porto;Vila do Conde;Macieira da Maia;ACC;1;13;1316;131614
2025-10;2025;10;Porto;Vila do Conde;Vila do Conde;ACC;2;13;1316;131628
2025-10;2025;10;Porto;Paredes;Paredes;ACC;2;13;1310;131025
2025-10;2025;10;Porto;Gondomar;Fânzeres e São Pedro da Cova;ACC;5;13;1304;130413
2025-10;2025;10;Porto;Gondomar;Gondomar (São Cosme), Valbom e Jovim;ACC;2;13;1304;130415
2025-10;2025;10;Porto;Porto;Ramalde;ACC;2;13;1312;131211
2025-10;2025;10;Porto;Porto;Cedofeita, Ildefonso, Sé, Miragaia, Nicolau, Vitória;ACC;1;13;1312;131217
2025-10;2025;10;Porto;Paços de Ferreira;Carvalhosa;ACC;4;13;1309;130902
2025-10;2025;10;Porto;Paços de Ferreira;Eiriz;ACC;1;13;1309;130904
2025-10;2025;10;Porto;Paços de Ferreira;Frazão Arreigada;ACC;1;13;1309;130917
2025-10;2025;10;Porto;Maia;Castêlo da Maia;ACC;7;13;1306;130618
2025-10;2025;10;Porto;Maia;Cidade da Maia;ACC;2;13;1306;130619
2025-10;2025;10;Porto;Maia;São Pedro Fins;ACC;1;13;1306;130613
2025-10;2025;10;Porto;Póvoa de Varzim;AVer-o-Mar, Amorim e Terroso;ACC;1;13;1313;131313
2025-10;2025;10;Porto;Póvoa de Varzim;Póvoa de Varzim, Beiriz e Argivai;ACC;1;13;1313;131315
2025-10;2025;10;Porto;Lousada;Lodares;ACC;1;13;1305;130510
2025-10;2025;10;Porto;Lousada;Lustosa e Barrosas (Santo Estêvão);ACC;1;13;1305;130530
2025-10;2025;10;Porto;Amarante;Vila Chã do Marão;ACC;1;13;1301;130139
2025-10;2025;10;Porto;Matosinhos;Matosinhos e Leça da Palmeira;ACC;1;13;1308;130812
2025-10;2025;10;Lisboa;Amadora;Falagueira-Venda Nova;ACC;1;11;1115;111515
2025-10;2025;10;Lisboa;Cascais;Alcabideche;ACC;1;11;1105;110501
2025-10;2025;10;Lisboa;Cascais;Cascais e Estoril;ACC;1;11;1105;110508
2025-10;2025;10;Lisboa;Lisboa;Alcântara;ACC;2;11;1106;110602
2025-10;2025;10;Lisboa;Lisboa;Estrela;ACC;1;11;1106;110660
2025-10;2025;10;Lisboa;Sintra;Casal de Cambra;ACC;1;11;1111;111115
2025-10;2025;10;Lisboa;Sintra;Agualva e Mira-Sintra;ACC;2;11;1111;111122
2025-10;2025;10;Lisboa;Sintra;S. Maria, S. Miguel, S. Martinho e S. Pedro de Penaferrim;ACC;5;11;1111;111128
2025-10;2025;10;Lisboa;Oeiras;Barcarena;ACC;3;11;1110;111002
2025-10;2025;10;Lisboa;Oeiras;Porto Salvo;ACC;4;11;1110;111009
2025-10;2025;10;Lisboa;Oeiras;Algés, Linda-a-Velha e Cruz Quebrada-Dafundo;ACC;3;11;1110;111012
2025-10;2025;10;Lisboa;Loures;Bucelas;ACC;1;11;1107;110702
2025-10;2025;10;Lisboa;Loures;Santa Iria de Azoia, São João da Talha e Bobadela;ACC;3;11;1107;110728
2025-10;2025;10;Lisboa;Loures;Camarate, Unhos e Apelação;ACC;1;11;1107;110731
2025-10;2025;10;Lisboa;Mafra;Ericeira;ACC;1;11;1109;110906
2025-10;2025;10;Lisboa;Mafra;Mafra;ACC;1;11;1109;110909
2025-10;2025;10;Lisboa;Torres Vedras;Ramalhal;ACC;1;11;1113;111311
2025-10;2025;10;Lisboa;Torres Vedras;Santa Maria, São Pedro e Matacães;ACC;2;11;1113;111326
2025-10;2025;10;Lisboa;Torres Vedras;Maxial e Monte Redondo;ACC;1;11;1113;111325
2025-10;2025;10;Lisboa;Sobral de Monte Agraço;Sobral de Monte Agraço;ACC;1;11;1112;111203
2025-10;2025;10;Lisboa;Alenquer;Aldeia Galega da Merceana e Aldeia Gavinha;ACC;1;11;1101;110118
2025-10;2025;10;Lisboa;Vila Franca de Xira;Alverca do Ribatejo e Sobralinho;ACC;2;11;1114;111413
2025-10;2025;10;Lisboa;Vila Franca de Xira;Vialonga;ACC;2;11;1114;111408
2025-10;2025;10;Faro;Portimão;Alvor;ACC;1;08;0811;081101
2025-10;2025;10;Faro;Portimão;Portimão;ACC;1;08;0811;081103
2025-10;2025;10;Faro;Lagoa;Porches;ACC;1;08;0806;080604
2025-10;2025;10;Faro;Tavira;Tavira (Santa Maria e Santiago);ACC;1;08;0814;081412
2025-10;2025;10;Évora;Arraiolos;Arraiolos;ACC;2;07;0702;070201
2025-10;2025;10;Évora;Borba;Rio de Moinhos;ACC;1;07;0703;070303
2025-10;2025;10;Évora;Évora;Canaviais;ACC;1;07;0705;070515
2025-10;2025;10;Évora;Évora;Malagueira e Horta das Figueiras;ACC;7;07;0705;070524
2025-10;2025;10;Santarém;Santarém;Alcanede;ACC;1;14;1416;141604
2025-10;2025;10;Santarém;Santarém;Amiais de Baixo;ACC;1;14;1416;141607
2025-10;2025;10;Santarém;Rio Maior;Rio Maior;ACC;1;14;1414;141408
2025-10;2025;10;Santarém;Ourém;Atouguia;ACC;2;14;1421;142102
2025-10;2025;10;Santarém;Golegã;Golegã;ACC;1;14;1412;141202
2025-10;2025;10;Santarém;Salvaterra de Magos;Muge;ACC;1;14;1415;141503
2025-10;2025;10;Santarém;Torres Novas;Riachos;ACC;1;14;1419;141910
2025-10;2025;10;Santarém;Cartaxo;Pontével;ACC;1;14;1406;140604
2025-10;2025;10;Santarém;Tomar;São Pedro de Tomar;ACC;1;14;1418;141813
2025-10;2025;10;Guarda;Figueira de Castelo Rodrigo;Figueira de Castelo Rodrigo;ACC;1;09;0904;090408
2025-10;2025;10;Guarda;Seia;Pinhanços;ACC;1;09;0912;091209
2025-10;2025;10;Guarda;Pinhel;Pinhel;ACC;1;09;0910;091017
2025-10;2025;10;Guarda;Sabugal;Sabugal e Aldeia de Santo António;ACC;1;09;0911;091145
2025-10;2025;10;Guarda;Gouveia;Melo e Nabais;ACC;1;09;0906;090626
2025-10;2025;10;Leiria;Alcobaça;Aljubarrota;ACC;1;10;1001;100120
2025-10;2025;10;Leiria;Caldas da Rainha;Nadadouro;ACC;1;10;1006;100608
2025-10;2025;10;Leiria;Leiria;Regueira de Pontes;ACC;2;10;1009;100921
2025-10;2025;10;Leiria;Leiria;Marrazes e Barosa;ACC;5;10;1009;100934
2025-10;2025;10;Leiria;Leiria;Parceiros e Azoia;ACC;1;10;1009;100937
2025-10;2025;10;Leiria;Batalha;Batalha;ACC;1;10;1004;100401
2025-10;2025;10;Leiria;Pombal;Pelariga;ACC;2;10;1015;101508
2025-10;2025;10;Leiria;Óbidos;Olho Marinho;ACC;1;10;1012;101203
2025-10;2025;10;Setúbal;Seixal;Amora;ACC;4;15;1510;151002
2025-10;2025;10;Setúbal;Seixal;Seixal, Arrentela e Aldeia de Paio Pires;ACC;6;15;1510;151007
2025-10;2025;10;Setúbal;Palmela;Palmela;ACC;2;15;1508;150802
2025-10;2025;10;Setúbal;Setúbal;Setúbal (São Sebastião);ACC;1;15;1512;151205
2025-10;2025;10;Setúbal;Montijo;Montijo e Afonsoeiro;ACC;2;15;1507;150710
2025-10;2025;10;Setúbal;Montijo;Pegões;ACC;1;15;1507;150711
2025-10;2025;10;Setúbal;Grândola;Grândola e Santa Margarida da Serra;ACC;2;15;1505;150506
2025-10;2025;10;Setúbal;Barreiro;Palhais e Coina;ACC;1;15;1504;150411
2025-10;2025;10;Coimbra;Figueira da Foz;Alqueidão;ACC;1;06;0605;060502
2025-10;2025;10;Coimbra;Figueira da Foz;Buarcos e São Julião;ACC;1;06;0605;060520
2025-10;2025;10;Coimbra;Coimbra;Santo António dos Olivais;ACC;2;06;0603;060318
2025-10;2025;10;Coimbra;Coimbra;Souselas e Botão;ACC;2;06;0603;060339
2025-10;2025;10;Coimbra;Penacova;Penacova;ACC;1;06;0613;061307
2025-10;2025;10;Coimbra;Penacova;Oliveira do Mondego e Travanca do Mondego;ACC;1;06;0613;061313
2025-10;2025;10;Viana do Castelo;Viana do Castelo;Anha;ACC;1;16;1609;160904
2025-10;2025;10;Viana do Castelo;Viana do Castelo;Santa Maria Maior e Monserrate e Meadela;ACC;1;16;1609;160948
2025-10;2025;10;Viana do Castelo;Vila Nova de Cerveira;Vila Nova de Cerveira e Lovelhe;ACC;2;16;1610;161019
2025-10;2025;10;Viana do Castelo;Valença;Gandra e Taião;ACC;1;16;1608;160817
2025-10;2025;10;Portalegre;Avis;Avis;ACC;1;12;1203;120303
2025-10;2025;10;Portalegre;Portalegre;Sé e São Lourenço;ACC;1;12;1214;121411
2025-10;2025;10;Portalegre;Ponte de Sor;Longomel;ACC;1;12;1213;121305
2025-10;2025;10;Portalegre;Ponte de Sor;Ponte de Sor, Tramaga e Vale de Açor;ACC;2;12;1213;121308
2025-10;2025;10;Beja;Odemira;Boavista dos Pinheiros;ACC;1;02;0211;021116
2025-10;2025;10;Beja;Serpa;Pias;ACC;1;02;0213;021303
2025-10;2025;10;Vila Real;Vila Real;Lordelo;ACC;1;17;1714;171414
2025-10;2025;10;Vila Real;Peso da Régua;Poiares e Canelas;ACC;1;17;1708;170816
2025-10;2025;10;Bragança;Carrazeda de Ansiães;Amedo e Zedes;ACC;1;04;0403;040320
2025-10;2025;10;Bragança;Macedo de Cavaleiros;Lamas;ACC;1;04;0405;040518
2025-10;2025;10;Bragança;Mirandela;Mirandela;ACC;1;04;0407;040721
2025-10;2025;10;Bragança;Vinhais;Vinhais;ACC;1;04;0412;041235
2025-10;2025;10;Castelo Branco;Covilhã;Covilhã e Canhoso;ACC;2;05;0503;050335
2025-10;2025;10;Castelo Branco;Vila de Rei;Vila de Rei;ACC;1;05;0510;051003
2025-11;2025;11;Viseu;Moimenta da Beira;Moimenta da Beira;ACC;1;18;1807;180710
2025-11;2025;11;Viseu;São Pedro do Sul;Bordonhos;ACC;1;18;1816;181602
2025-11;2025;11;Viseu;Nelas;Canas de Senhorim;ACC;1;18;1809;180901
2025-11;2025;11;Viseu;Sátão;Silvã de Cima;ACC;1;18;1817;181711
2025-11;2025;11;Braga;Braga;Sequeira;ACC;1;03;0303;030354
2025-11;2025;11;Braga;Braga;Este (São Pedro e São Mamede);ACC;1;03;0303;030370
2025-11;2025;11;Braga;Braga;Merelim (São Pedro) e Frossos;ACC;4;03;0303;030375
2025-11;2025;11;Braga;Braga;Real, Dume e Semelhe;ACC;2;03;0303;030379
2025-11;2025;11;Braga;Guimarães;Aldão;ACC;1;03;0308;030801
2025-11;2025;11;Braga;Guimarães;Brito;ACC;2;03;0308;030807
2025-11;2025;11;Braga;Guimarães;Lordelo;ACC;1;03;0308;030828
2025-11;2025;11;Braga;Guimarães;Polvoreira;ACC;2;03;0308;030837
2025-11;2025;11;Braga;Guimarães;Serzedelo;ACC;1;03;0308;030866
2025-11;2025;11;Braga;Guimarães;Oliveira, São Paio e São Sebastião;ACC;2;03;0308;030884
2025-11;2025;11;Braga;Guimarães;Serzedo e Calvos;ACC;1;03;0308;030889
2025-11;2025;11;Braga;Barcelos;Carvalhal;ACC;1;03;0302;030220
2025-11;2025;11;Braga;Barcelos;Barcelos, V. Boa, V. Frescainha;ACC;3;03;0302;030293
2025-11;2025;11;Braga;Fafe;Arões (São Romão);ACC;1;03;0307;030730
2025-11;2025;11;Braga;Vila Nova de Famalicão;Requião;ACC;3;03;0312;031233
2025-11;2025;11;Braga;Vila Verde;Freiriz;ACC;1;03;0313;031316
2025-11;2025;11;Braga;Amares;Amares e Figueiredo;ACC;1;03;0301;030125
2025-11;2025;11;Braga;Celorico de Basto;Veade, Gagos e Molares;ACC;1;03;0305;030527
2025-11;2025;11;Aveiro;Albergaria-a-Velha;Albergaria-a-Velha e Valmaior;ACC;2;01;0102;010209
2025-11;2025;11;Aveiro;Albergaria-a-Velha;Branca;ACC;1;01;0102;010204
2025-11;2025;11;Aveiro;Arouca;Alvarenga;ACC;1;01;0104;010402
2025-11;2025;11;Aveiro;Santa Maria da Feira;Arrifana;ACC;1;01;0109;010902
2025-11;2025;11;Aveiro;Santa Maria da Feira;Paços de Brandão;ACC;2;01;0109;010919
2025-11;2025;11;Aveiro;Santa Maria da Feira;São Paio de Oleiros;ACC;2;01;0109;010918
2025-11;2025;11;Aveiro;Santa Maria da Feira;Santa Maria da Feira, Travanca, Sanfins e Espargo;ACC;3;01;0109;010935
2025-11;2025;11;Aveiro;Anadia;Avelãs de Cima;ACC;1;01;0103;010305
2025-11;2025;11;Aveiro;Anadia;Arcos e Mogofores;ACC;1;01;0103;010317
2025-11;2025;11;Aveiro;Murtosa;Bunheiro;ACC;2;01;0112;011201
2025-11;2025;11;Aveiro;Oliveira de Azeméis;Nogueira do Cravo e Pindelo;ACC;1;01;0113;011320
2025-11;2025;11;Aveiro;Aveiro;Eixo e Eirol;ACC;1;01;0105;010515
2025-11;2025;11;Aveiro;Aveiro;Requeixo, Nossa Senhora de Fátima e Nariz;ACC;1;01;0105;010516
2025-11;2025;11;Aveiro;Aveiro;Glória e Vera Cruz;ACC;1;01;0105;010517
2025-11;2025;11;Aveiro;Ílhavo;Gafanha da Encarnação;ACC;1;01;0110;011005
2025-11;2025;11;Aveiro;Oliveira do Bairro;Oiã;ACC;2;01;0114;011403
2025-11;2025;11;Aveiro;Espinho;Paramos;ACC;1;01;0107;010704
2025-11;2025;11;Aveiro;Vagos;Fonte de Angeão e Covão do Lobo;ACC;1;01;0118;011812
2025-11;2025;11;Porto;Santo Tirso;Água Longa;ACC;1;13;1314;131402
2025-11;2025;11;Porto;Maia;Águas Santas;ACC;1;13;1306;130601
2025-11;2025;11;Porto;Maia;Castêlo da Maia;ACC;7;13;1306;130618
2025-11;2025;11;Porto;Maia;Folgosa;ACC;1;13;1306;130603
2025-11;2025;11;Porto;Maia;Milheirós;ACC;1;13;1306;130608
2025-11;2025;11;Porto;Maia;São Pedro Fins;ACC;1;13;1306;130613
2025-11;2025;11;Porto;Felgueiras;Vila Verde e Santão;ACC;1;13;1303;130341
2025-11;2025;11;Porto;Valongo;Alfena;ACC;4;13;1315;131501
2025-11;2025;11;Porto;Vila Nova de Gaia;Grijó e Sermonde;ACC;2;13;1317;131725
2025-11;2025;11;Porto;Vila Nova de Gaia;Mafamude e Vilar do Paraíso;ACC;2;13;1317;131727
2025-11;2025;11;Porto;Vila Nova de Gaia;Pedroso e Seixezelo;ACC;2;13;1317;131728
2025-11;2025;11;Porto;Vila Nova de Gaia;Sandim, Olival, Lever e Crestuma;ACC;1;13;1317;131729
2025-11;2025;11;Porto;Vila do Conde;Guilhabreu;ACC;1;13;1316;131611
2025-11;2025;11;Porto;Paredes;Cete;ACC;1;13;1310;131008
2025-11;2025;11;Porto;Paredes;Paredes;ACC;2;13;1310;131025
2025-11;2025;11;Porto;Marco de Canaveses;Constance;ACC;2;13;1307;130705
2025-11;2025;11;Porto;Porto;Campanhã;ACC;3;13;1312;131203
2025-11;2025;11;Porto;Porto;Ramalde;ACC;3;13;1312;131211
2025-11;2025;11;Porto;Porto;Aldoar, Foz do Douro e Nevogilde;ACC;1;13;1312;131216
2025-11;2025;11;Porto;Porto;Lordelo do Ouro e Massarelos;ACC;2;13;1312;131218
2025-11;2025;11;Porto;Póvoa de Varzim;Estela;ACC;1;13;1313;131307
2025-11;2025;11;Porto;Póvoa de Varzim;AVer-o-Mar, Amorim e Terroso;ACC;1;13;1313;131313
2025-11;2025;11;Porto;Amarante;Lufrei;ACC;1;13;1301;130121
2025-11;2025;11;Porto;Penafiel;Rio de Moinhos;ACC;2;13;1311;131129
2025-11;2025;11;Porto;Trofa;Bougado (São Martinho e Santiago);ACC;2;13;1318;131810
2025-11;2025;11;Porto;Trofa;Coronado (São Romão e São Mamede);ACC;1;13;1318;131811
2025-11;2025;11;Lisboa;Amadora;Falagueira-Venda Nova;ACC;1;11;1115;111515
2025-11;2025;11;Lisboa;Cascais;Alcabideche;ACC;1;11;1105;110501
2025-11;2025;11;Lisboa;Cascais;São Domingos de Rana;ACC;1;11;1105;110506
2025-11;2025;11;Lisboa;Cascais;Cascais e Estoril;ACC;1;11;1105;110508
2025-11;2025;11;Lisboa;Lisboa;Arroios;ACC;1;11;1106;110656
2025-11;2025;11;Lisboa;Lisboa;Beato;ACC;2;11;1106;110607
2025-11;2025;11;Lisboa;Lisboa;Campolide;ACC;1;11;1106;110610
2025-11;2025;11;Lisboa;Lisboa;Lumiar;CER;1;11;1106;110618
2025-11;2025;11;Lisboa;Lisboa;Misericórdia;ACC;2;11;1106;110661
2025-11;2025;11;Lisboa;Lisboa;Santo António;ACC;1;11;1106;110666
2025-11;2025;11;Lisboa;Lisboa;São Domingos de Benfica;ACC;4;11;1106;110639
2025-11;2025;11;Lisboa;Sintra;Casal de Cambra;ACC;1;11;1111;111115
2025-11;2025;11;Lisboa;Arruda dos Vinhos;Arruda dos Vinhos;ACC;2;11;1102;110202
2025-11;2025;11;Lisboa;Azambuja;Azambuja;ACC;1;11;1103;110304
2025-11;2025;11;Lisboa;Oeiras;Algés, Linda-a-Velha e Cruz Quebrada-Dafundo;ACC;4;11;1110;111012
2025-11;2025;11;Lisboa;Loures;Bucelas;ACC;1;11;1107;110702
2025-11;2025;11;Lisboa;Loures;Santo António dos Cavaleiros e Frielas;ACC;1;11;1107;110730
2025-11;2025;11;Lisboa;Mafra;Ericeira;ACC;1;11;1109;110906
2025-11;2025;11;Lisboa;Mafra;Mafra;ACC;1;11;1109;110909
2025-11;2025;11;Lisboa;Mafra;Venda do Pinheiro e Santo Estêvão das Galés;ACC;2;11;1109;110922
2025-11;2025;11;Lisboa;Torres Vedras;Ramalhal;ACC;1;11;1113;111311
2025-11;2025;11;Lisboa;Torres Vedras;São Pedro da Cadeira;ACC;2;11;1113;111314
2025-11;2025;11;Lisboa;Torres Vedras;Maxial e Monte Redondo;ACC;1;11;1113;111325
2025-11;2025;11;Lisboa;Vila Franca de Xira;Alverca do Ribatejo e Sobralinho;ACC;2;11;1114;111413
2025-11;2025;11;Lisboa;Cadaval;Cadaval e Pêro Moniz;ACC;1;11;1104;110411
2025-11;2025;11;Lisboa;Odivelas;Pontinha e Famões;ACC;5;11;1116;111608
2025-11;2025;11;Lisboa;Odivelas;Póvoa de Santo Adrião e Olival Basto;ACC;1;11;1116;111609
2025-11;2025;11;Faro;Aljezur;Bordeira;ACC;1;08;0803;080302
2025-11;2025;11;Faro;Loulé;Boliqueime;ACC;1;08;0808;080804
2025-11;2025;11;Faro;Loulé;Loulé (São Clemente);ACC;2;08;0808;080808
2025-11;2025;11;Faro;Portimão;Alvor;ACC;1;08;0811;081101
2025-11;2025;11;Faro;Olhão;Olhão;ACC;1;08;0810;081003
2025-11;2025;11;Faro;Olhão;Quelfes;ACC;2;08;0810;081005
2025-11;2025;11;Faro;Tavira;Luz de Tavira e Santo Estêvão;ACC;1;08;0814;081411
2025-11;2025;11;Évora;Reguengos de Monsaraz;Corval;ACC;1;07;0711;071102
2025-11;2025;11;Évora;Vila Viçosa;Nossa Senhora da Conceição e São Bartolomeu;ACC;2;07;0714;071406
2025-11;2025;11;Santarém;Santarém;Alcanede;ACC;1;14;1416;141604
2025-11;2025;11;Santarém;Santarém;Amiais de Baixo;ACC;1;14;1416;141607
2025-11;2025;11;Santarém;Rio Maior;Rio Maior;ACC;1;14;1414;141408
2025-11;2025;11;Santarém;Alpiarça;Alpiarça;ACC;1;14;1404;140401
2025-11;2025;11;Santarém;Ourém;Atouguia;ACC;2;14;1421;142102
2025-11;2025;11;Santarém;Benavente;Benavente;ACC;2;14;1405;140501
2025-11;2025;11;Santarém;Salvaterra de Magos;Marinhais;ACC;3;14;1415;141502
2025-11;2025;11;Santarém;Torres Novas;Torres Novas (Santa Maria, Salvador e Santiago);ACC;1;14;1419;141920
2025-11;2025;11;Santarém;Alcanena;Moitas Venda;ACC;1;14;1402;140207
2025-11;2025;11;Santarém;Alcanena;Alcanena e Vila Moreira;ACC;1;14;1402;140211
2025-11;2025;11;Santarém;Alcanena;Malhou, Louriceira e Espinheiro;ACC;1;14;1402;140212
2025-11;2025;11;Santarém;Cartaxo;Vale da Pedra;ACC;1;14;1406;140608
2025-11;2025;11;Santarém;Abrantes;São Miguel do Rio Torto e Rossio ao Sul do Tejo;ACC;1;14;1401;140124
2025-11;2025;11;Setúbal;Moita;Moita;ACC;2;15;1506;150603
2025-11;2025;11;Setúbal;Seixal;Seixal, Arrentela e Aldeia de Paio Pires;ACC;6;15;1510;151007
2025-11;2025;11;Setúbal;Palmela;Quinta do Anjo;ACC;1;15;1508;150804
2025-11;2025;11;Setúbal;Santiago do Cacém;Santo André;ACC;1;15;1509;150907
2025-11;2025;11;Setúbal;Santiago do Cacém;Santiago do Cacém, S. Cruz e S. Bartolomeu da Serra;ACC;1;15;1509;150912
2025-11;2025;11;Setúbal;Montijo;Sarilhos Grandes;ACC;1;15;1507;150704
2025-11;2025;11;Setúbal;Montijo;Pegões;ACC;1;15;1507;150711
2025-11;2025;11;Setúbal;Sines;Sines;ACC;1;15;1513;151301
2025-11;2025;11;Setúbal;Barreiro;Alto do Seixalinho, Santo André e Verderena;ACC;3;15;1504;150409
2025-11;2025;11;Guarda;Guarda;Aldeia do Bispo;ACC;1;09;0907;090703
2025-11;2025;11;Leiria;Alcobaça;Alfeizerão;ACC;1;10;1001;100102
2025-11;2025;11;Leiria;Leiria;Arrabal;ACC;2;10;1009;100902
2025-11;2025;11;Leiria;Leiria;Caranguejeira;ACC;3;10;1009;100907
2025-11;2025;11;Leiria;Leiria;Leiria, Pousos, Barreira e Cortes;ACC;1;10;1009;100933
2025-11;2025;11;Leiria;Leiria;Monte Real e Carvide;ACC;1;10;1009;100935
2025-11;2025;11;Leiria;Pombal;Pelariga;ACC;2;10;1015;101508
2025-11;2025;11;Leiria;Óbidos;Gaeiras;ACC;1;10;1012;101208
2025-11;2025;11;Leiria;Porto de Mós;Porto de Mós - São João Baptista e São Pedro;ACC;1;10;1016;101614
2025-11;2025;11;Leiria;Bombarral;Bombarral e Vale Covo;ACC;1;10;1005;100506
2025-11;2025;11;Portalegre;Nisa;Alpalhão;ACC;1;12;1212;121201
2025-11;2025;11;Portalegre;Elvas;Assunção, Ajuda, Salvador e Santo Ildefonso;ACC;1;12;1207;120712
2025-11;2025;11;Portalegre;Avis;Avis;ACC;1;12;1203;120303
2025-11;2025;11;Portalegre;Portalegre;Fortios;ACC;1;12;1214;121404
2025-11;2025;11;Portalegre;Portalegre;Ribeira de Nisa e Carreiras;ACC;1;12;1214;121413
2025-11;2025;11;Portalegre;Ponte de Sor;Ponte de Sor, Tramaga e Vale de Açor;ACC;2;12;1213;121308
2025-11;2025;11;Portalegre;Sousel;Sousel;ACC;1;12;1215;121504
2025-11;2025;11;Coimbra;Figueira da Foz;Buarcos e São Julião;ACC;1;06;0605;060520
2025-11;2025;11;Coimbra;Góis;Alvares;ACC;1;06;0606;060601
2025-11;2025;11;Coimbra;Coimbra;Assafarge e Antanhol;ACC;1;06;0603;060333
2025-11;2025;11;Coimbra;Cantanhede;Sepins e Bolho;ACC;1;06;0602;060223
2025-11;2025;11;Coimbra;Penacova;Lorvão;ACC;1;06;0613;061304
2025-11;2025;11;Coimbra;Penacova;Penacova;ACC;1;06;0613;061307
2025-11;2025;11;Coimbra;Miranda do Corvo;Miranda do Corvo;ACC;1;06;0609;060902
2025-11;2025;11;Viana do Castelo;Viana do Castelo;Anha;ACC;1;16;1609;160904
2025-11;2025;11;Viana do Castelo;Viana do Castelo;São Romão de Neiva;ACC;2;16;1609;160923
2025-11;2025;11;Viana do Castelo;Viana do Castelo;Santa Maria Maior e Monserrate e Meadela;ACC;2;16;1609;160948
2025-11;2025;11;Viana do Castelo;Valença;Fontoura;ACC;1;16;1608;160805
2025-11;2025;11;Viana do Castelo;Monção;Trute;ACC;1;16;1604;160431
2025-11;2025;11;Viana do Castelo;Arcos de Valdevez;Vale;ACC;1;16;1601;160149
2025-11;2025;11;Beja;Beja;Beja (Salvador e Santa Maria da Feira);ACC;4;02;0205;020520
2025-11;2025;11;Beja;Moura;Póvoa de São Miguel;ACC;1;02;0210;021002
2025-11;2025;11;Beja;Aljustrel;São João de Negrilhos;ACC;1;02;0201;020104
2025-11;2025;11;Vila Real;Vila Real;Lordelo;ACC;1;17;1714;171414
2025-11;2025;11;Vila Real;Peso da Régua;Poiares e Canelas;ACC;1;17;1708;170816
2025-11;2025;11;Vila Real;Chaves;Santa Cruz/Trindade e Sanjurge;ACC;3;17;1703;170358
2025-11;2025;11;Bragança;Carrazeda de Ansiães;Carrazeda de Ansiães;ACC;1;04;0403;040304
2025-11;2025;11;Bragança;Carrazeda de Ansiães;Amedo e Zedes;ACC;1;04;0403;040320
2025-11;2025;11;Bragança;Macedo de Cavaleiros;Lamas;ACC;1;04;0405;040518
2025-11;2025;11;Bragança;Mirandela;Mirandela;ACC;1;04;0407;040721
2025-11;2025;11;Bragança;Miranda do douro;Miranda do Douro;ACC;1;04;0406;040608
2025-11;2025;11;Castelo Branco;Castelo Branco;Lardosa;ACC;1;05;0502;050211
2025-11;2025;11;Castelo Branco;Fundão;Fundão, Valverde, Donas, A. Joanes, A. Nova do Cabo;ACC;2;05;0504;050434
2025-11;2025;11;Faro;Lagos;São Gonçalo de Lagos;ACC;1;08;0807;080708
2025-11;2025;11;Setúbal;Alcochete;Alcochete;ACC;1;15;1502;150201
2025-11;2025;11;Vila Real;Santa Marta de Penaguião;Lobrigos (S. Miguel e S. João Baptista) e Sanhoane;ACC;1;17;1711;171111
2025-11;2025;11;Braga;Vila Nova de Famalicão;Vale (São Martinho);ACC;2;03;0312;031241
2025-12;2025;12;Braga;Vila Nova de Famalicão;Joane;ACC;1;03;0312;031219
2025-12;2025;12;Braga;Vila Nova de Famalicão;Requião;ACC;3;03;0312;031233
2025-12;2025;12;Santarém;Cartaxo;Pontével;ACC;1;14;1406;140604
2025-12;2025;12;Santarém;Cartaxo;Cartaxo e Vale da Pinta;ACC;2;14;1406;140609
2025-12;2025;12;Vila Real;Vila Real;Folhadela;ACC;1;17;1714;171409
2025-12;2025;12;Vila Real;Vila Real;Lordelo;ACC;1;17;1714;171414
2025-12;2025;12;Leiria;Alcobaça;Alfeizerão;ACC;1;10;1001;100102
2025-12;2025;12;Leiria;Alcobaça;Aljubarrota;ACC;1;10;1001;100120
2025-12;2025;12;Leiria;Alcobaça;Bárrio;ACC;1;10;1001;100104
2025-12;2025;12;Castelo Branco;Castelo Branco;Escalos de Cima e Lousa;ACC;1;05;0502;050228
2025-12;2025;12;Santarém;Rio Maior;Fráguas;ACC;1;14;1414;141405
2025-12;2025;12;Setúbal;Alcochete;Alcochete;ACC;1;15;1502;150201
2025-12;2025;12;Coimbra;Figueira da Foz;Buarcos e São Julião;ACC;1;06;0605;060520
2025-12;2025;12;Setúbal;Seixal;Corroios;ACC;9;15;1510;151005
2025-12;2025;12;Viana do Castelo;Viana do Castelo;Anha;ACC;1;16;1609;160904
2025-12;2025;12;Viana do Castelo;Viana do Castelo;São Romão de Neiva;ACC;2;16;1609;160923
2025-12;2025;12;Leiria;Peniche;Atouguia da Baleia;ACC;1;10;1014;101402
2025-12;2025;12;Portalegre;Avis;Avis;ACC;1;12;1203;120303
2025-11;2025;11;Porto;Valongo;Valongo;ACC;4;13;1315;131505
2025-12;2025;12;Porto;Valongo;Alfena;ACC;4;13;1315;131501
2025-12;2025;12;Porto;Valongo;Alfena;CER;1;13;1315;131501
2025-12;2025;12;Porto;Valongo;Ermesinde;ACC;5;13;1315;131503
2025-11;2025;11;Porto;Paredes;Vilela;ACC;2;13;1310;131024
2025-12;2025;12;Porto;Paredes;Cete;ACC;1;13;1310;131008
2025-11;2025;11;Braga;Barcelos;Várzea;ACC;1;03;0302;030283
2025-12;2025;12;Braga;Barcelos;Carvalhal;ACC;1;03;0302;030220
2025-12;2025;12;Braga;Barcelos;Tamel (São Veríssimo);ACC;1;03;0302;030277
2025-12;2025;12;Braga;Barcelos;Areias de Vilar e Encourados;ACC;1;03;0302;030292
2025-11;2025;11;Viseu;Lamego;Várzea de Abrunhais;ACC;1;18;1805;180523
2025-11;2025;11;Évora;Vendas Novas;Vendas Novas;ACC;2;07;0712;071201
2025-12;2025;12;Lisboa;Amadora;Mina de Água;ACC;2;11;1115;111516
2025-12;2025;12;Lisboa;Torres Vedras;Turcifal;ACC;1;11;1113;111317
2025-12;2025;12;Lisboa;Vila Franca de Xira;Castanheira do Ribatejo e Cachoeiras;ACC;1;11;1114;111414
2025-11;2025;11;Santarém;Cartaxo;Vila Chã de Ourique;ACC;2;14;1406;140607
2025-11;2025;11;Porto;Amarante;Vila Chã do Marão;ACC;1;13;1301;130139
2025-12;2025;12;Porto;Amarante;Lufrei;ACC;1;13;1301;130121
2025-12;2025;12;Porto;Amarante;Amarante (São Gonçalo), Madalena, Cepelos e Gatão;ACC;1;13;1301;130142
2025-12;2025;12;Braga;Vila Verde;Esqueiros, Nevogilde e Travassós;ACC;1;03;0313;031363
2025-11;2025;11;Porto;Vila do Conde;Vila do Conde;ACC;2;13;1316;131628
2025-12;2025;12;Porto;Vila do Conde;Gião;ACC;1;13;1316;131610
2025-12;2025;12;Porto;Vila do Conde;Macieira da Maia;ACC;2;13;1316;131614
2025-12;2025;12;Porto;Maia;Águas Santas;ACC;1;13;1306;130601
2025-12;2025;12;Porto;Maia;Nogueira e Silva Escura;ACC;2;13;1306;130620
2025-11;2025;11;Vila Real;Vila Real;Vila Real;ACC;2;17;1714;171438
2025-11;2025;11;Faro;Vila Real de Santo António;Vila Real de Santo António;ACC;2;08;0816;081602
2025-11;2025;11;Bragança;Vinhais;Vinhais;ACC;1;04;0412;041235
2025-12;2025;12;Viseu;Viseu;Abraveses;ACC;1;18;1823;182301
2025-12;2025;12;Viseu;Viseu;Fragosela;ACC;1;18;1823;182315
2025-12;2025;12;Viseu;Viseu;Rio de Loba;ACC;2;18;1823;182323
2025-12;2025;12;Viseu;Viseu;Fail e Vila Chã de Sá;ACC;1;18;1823;182338
2025-12;2025;12;Braga;Braga;Este (São Pedro e São Mamede);ACC;1;03;0303;030370
2025-12;2025;12;Braga;Braga;Ferreiros e Gondizalves;ACC;1;03;0303;030371
2025-12;2025;12;Aveiro;Águeda;Aguada de Cima;ACC;1;01;0101;010103
2025-12;2025;12;Aveiro;Águeda;Águeda e Borralha;ACC;2;01;0101;010121
2025-12;2025;12;Porto;Santo Tirso;Areias, Sequeiró, Lama e Palmeira;ACC;1;13;1314;131433
2025-12;2025;12;Porto;Santo Tirso;Lamelas e Guimarei;ACC;1;13;1314;131436
2025-12;2025;12;Aveiro;Albergaria-a-Velha;Branca;ACC;1;01;0102;010204
2025-12;2025;12;Lisboa;Cascais;Alcabideche;ACC;2;11;1105;110501
2025-12;2025;12;Lisboa;Cascais;Cascais e Estoril;ACC;3;11;1105;110508
2025-12;2025;12;Castelo Branco;Castelo Branco;Castelo Branco;ACC;2;05;0502;050205
2025-12;2025;12;Santarém;Santarém;Alcanede;ACC;1;14;1416;141604
2025-12;2025;12;Lisboa;Lisboa;Alcântara;ACC;2;11;1106;110602
2025-12;2025;12;Lisboa;Lisboa;Arroios;ACC;1;11;1106;110656
2025-12;2025;12;Lisboa;Lisboa;Avenidas Novas;ACC;1;11;1106;110657
2025-12;2025;12;Braga;Guimarães;Aldão;ACC;1;03;0308;030801
2025-12;2025;12;Braga;Guimarães;Fermentões;ACC;1;03;0308;030815
2025-12;2025;12;Braga;Guimarães;Sande (São Martinho);ACC;1;03;0308;030858
2025-12;2025;12;Braga;Guimarães;Selho (São Jorge);ACC;2;03;0308;030854
2025-12;2025;12;Braga;Guimarães;Serzedelo;ACC;1;03;0308;030866
2025-12;2025;12;Lisboa;Sintra;Rio de Mouro;ACC;5;11;1111;111108
2025-12;2025;12;Lisboa;Sintra;Almargem do Bispo, Pêro Pinheiro e Montelavar;ACC;1;11;1111;111123
2025-12;2025;12;Faro;Loulé;Almancil;ACC;4;08;0808;080801
2025-12;2025;12;Faro;Loulé;Boliqueime;ACC;1;08;0808;080804
2025-12;2025;12;Faro;Loulé;Quarteira;ACC;2;08;0808;080805
2025-12;2025;12;Porto;Vila Nova de Gaia;Canelas;ACC;3;13;1317;131703
2025-12;2025;12;Aveiro;Santa Maria da Feira;Romariz;ACC;1;01;0109;010922
2025-12;2025;12;Aveiro;Santa Maria da Feira;Santa Maria de Lamas;ACC;2;01;0109;010925
2025-12;2025;12;Aveiro;Santa Maria da Feira;São Paio de Oleiros;ACC;2;01;0109;010918
2025-12;2025;12;Aveiro;Santa Maria da Feira;Caldas de São Jorge e de Pigeiros;ACC;1;01;0109;010932
2025-12;2025;12;Aveiro;Santa Maria da Feira;Santa Maria da Feira, Travanca, Sanfins e Espargo;ACC;5;01;0109;010935
2025-12;2025;12;Faro;Silves;São Bartolomeu de Messines;ACC;2;08;0813;081305
2025-12;2025;12;Braga;Fafe;Arões (São Romão);ACC;1;03;0307;030730
2025-12;2025;12;Braga;Fafe;Quinchães;ACC;2;03;0307;030722
2025-12;2025;12;Aveiro;Anadia;São Lourenço do Bairro;ACC;1;01;0103;010310
2025-12;2025;12;Lisboa;Azambuja;Azambuja;ACC;1;11;1103;110304
2025-12;2025;12;Porto;Gondomar;Foz do Sousa e Covelo;CER;1;13;1304;130414
2025-12;2025;12;Lisboa;Oeiras;Barcarena;ACC;4;11;1110;111002
2025-12;2025;12;Lisboa;Oeiras;Porto Salvo;ACC;4;11;1110;111009
2025-12;2025;12;Leiria;Batalha;Batalha;ACC;1;10;1004;100401
2025-12;2025;12;Porto;Marco de Canaveses;Bem Viver;ACC;1;13;1307;130734
2025-12;2025;12;Porto;Marco de Canaveses;Marco;ACC;4;13;1307;130736
2025-12;2025;12;Santarém;Benavente;Benavente;ACC;2;14;1405;140501
2025-12;2025;12;Santarém;Benavente;Samora Correia;ACC;1;14;1405;140502
2025-12;2025;12;Porto;Porto;Bonfim;CER;1;13;1312;131202
2025-12;2025;12;Porto;Porto;Paranhos;ACC;1;13;1312;131210
2025-12;2025;12;Porto;Porto;Paranhos;CER;1;13;1312;131210
2025-12;2025;12;Porto;Lousada;Caíde de Rei;ACC;1;13;1305;130504
2025-12;2025;12;Porto;Lousada;Lodares;ACC;2;13;1305;130510
2025-12;2025;12;Évora;Évora;São Bento do Mato;ACC;1;07;0705;070506
2025-12;2025;12;Évora;Évora;Bacelo e Senhora da Saúde;ACC;1;07;0705;070522
2025-12;2025;12;Porto;Paços de Ferreira;Eiriz;ACC;1;13;1309;130904
2025-12;2025;12;Porto;Paços de Ferreira;Figueiró;ACC;1;13;1309;130906
2025-12;2025;12;Porto;Paços de Ferreira;Freamunde;ACC;1;13;1309;130908
2025-12;2025;12;Porto;Paços de Ferreira;Meixomil;ACC;1;13;1309;130910
2025-12;2025;12;Porto;Paços de Ferreira;Paços de Ferreira;ACC;1;13;1309;130918
2025-12;2025;12;Lisboa;Mafra;Ericeira;ACC;1;11;1109;110906
2025-12;2025;12;Lisboa;Mafra;Mafra;ACC;2;11;1109;110909
2025-12;2025;12;Lisboa;Mafra;Igreja Nova e Cheleiros;ACC;3;11;1109;110920
2025-12;2025;12;Coimbra;Coimbra;Santo António dos Olivais;ACC;2;06;0603;060318
2025-12;2025;12;Coimbra;Coimbra;Assafarge e Antanhol;ACC;1;06;0603;060333
2025-12;2025;12;Coimbra;Coimbra;Eiras e São Paulo de Frades;ACC;1;06;0603;060335
2025-12;2025;12;Évora;Reguengos de Monsaraz;Reguengos de Monsaraz;ACC;1;07;0711;071104
2025-12;2025;12;Braga;Vieira do Minho;Eira Vedra;ACC;1;03;0311;031107
2025-12;2025;12;Aveiro;Aveiro;Eixo e Eirol;ACC;1;01;0105;010515
2025-12;2025;12;Aveiro;Aveiro;Glória e Vera Cruz;ACC;1;01;0105;010517
2025-12;2025;12;Porto;Póvoa de Varzim;Aguçadoura e Navais;ACC;1;13;1313;131314
2025-12;2025;12;Porto;Póvoa de Varzim;AVer-o-Mar, Amorim e Terroso;ACC;1;13;1313;131313
2025-12;2025;12;Guarda;Figueira de Castelo Rodrigo;Figueira de Castelo Rodrigo;ACC;1;09;0904;090408
2025-12;2025;12;Coimbra;Penacova;Figueira de Lorvão;ACC;2;06;0613;061302
2025-12;2025;12;Coimbra;Penacova;Lorvão;ACC;2;06;0613;061304
2025-12;2025;12;Leiria;Óbidos;Olho Marinho;ACC;1;10;1012;101203
2025-12;2025;12;Setúbal;Setúbal;Azeitão (São Lourenço e São Simão);ACC;2;15;1512;151209
2025-12;2025;12;Viseu;Tondela;Guardão;ACC;1;18;1821;182108
2025-12;2025;12;Bragança;Macedo de Cavaleiros;Macedo de Cavaleiros;ACC;1;04;0405;040520
2025-12;2025;12;Portalegre;Ponte de Sor;Longomel;ACC;1;12;1213;121305
2025-12;2025;12;Santarém;Salvaterra de Magos;Muge;ACC;1;14;1415;141503
2025-12;2025;12;Santarém;Torres Novas;Meia Via;ACC;1;14;1419;141917
2025-12;2025;12;Coimbra;Miranda do Corvo;Miranda do Corvo;ACC;2;06;0609;060902
2025-12;2025;12;Beja;Beja;Nossa Senhora das Neves;ACC;1;02;0205;020506
2025-12;2025;12;Évora;Vila Viçosa;Nossa Senhora da Conceição e São Bartolomeu;ACC;2;07;0714;071406
2025-12;2025;12;Aveiro;Oliveira do Bairro;Oiã;ACC;3;01;0114;011403
2025-12;2025;12;Aveiro;Espinho;Silvalde;ACC;1;01;0107;010705
2025-12;2025;12;Porto;Penafiel;Penafiel;ACC;2;13;1311;131139
2025-12;2025;12;Guarda;Pinhel;Pinhel;ACC;1;09;0910;091017
2025-12;2025;12;Faro;Lagoa;Estômbar e Parchal;ACC;1;08;0806;080607
2025-12;2025;12;Braga;Póvoa de Lanhoso;Póvoa de Lanhoso (Nossa Senhora do Amparo);ACC;1;03;0309;030919
2025-12;2025;12;Setúbal;Sesimbra;Sesimbra (Castelo);ACC;2;15;1511;151101
2025-12;2025;12;Viseu;Resende;Resende;ACC;2;18;1813;181311
2025-12;2025;12;Castelo Branco;Idanha-a-Nova;Idanha-a-Nova e Alcafozes;ACC;2;05;0505;050518
2025-12;2025;12;Bragança;Bragança;Samil;ACC;1;04;0402;040240
2025-12;2025;12;Bragança;Bragança;Izeda, Calvelhe e Paradinha Nova;ACC;1;04;0402;040252
2025-12;2025;12;Braga;Vizela;Caldas de Vizela (São Miguel e São João);ACC;2;03;0314;031408
2025-12;2025;12;Vila Real;Chaves;Santa Maria Maior;ACC;1;17;1703;170350
2025-12;2025;12;Faro;São Brás de Alportel;São Brás de Alportel;ACC;1;08;0812;081201
2025-12;2025;12;Portalegre;Campo Maior;São João Baptista;ACC;1;12;1204;120403
2025-12;2025;12;Beja;Aljustrel;São João de Negrilhos;ACC;1;02;0201;020104
2025-12;2025;12;Santarém;Tomar;São Pedro de Tomar;ACC;1;14;1418;141813
2025-12;2025;12;Santarém;Sardoal;Sardoal;ACC;1;14;1417;141703
2025-12;2025;12;Aveiro;Sever do Vouga;Talhadas;ACC;1;01;0117;011708
2025-12;2025;12;Portalegre;Sousel;Sousel;ACC;1;12;1215;121504
2025-12;2025;12;Coimbra;Tábua;Tábua;ACC;3;06;0616;061614
2025-12;2025;12;Viana do Castelo;Monção;Trute;ACC;1;16;1604;160431
2025-12;2025;12;Setúbal;Almada;Almada, Cova da Piedade, Pragal e Cacilhas;ACC;1;15;1503;150312
2025-12;2025;12;Setúbal;Almada;Laranjeiro e Feijó;ACC;3;15;1503;150315
2025-12;2025;12;Braga;Esposende;Esposende, Marinhas e Gandra;ACC;5;03;0306;030618
2025-12;2025;12;Viana do Castelo;Arcos de Valdevez;Arcos de Valdevez (Salvador), Vila Fonche e Parada;ACC;1;16;1601;160154
2025-12;2025;12;Aveiro;Estarreja;Beduído e Veiros;ACC;1;01;0108;010808
2025-12;2025;12;Leiria;Bombarral;Bombarral e Vale Covo;ACC;1;10;1005;100506
2025-12;2025;12;Porto;Trofa;Bougado (São Martinho e Santiago);ACC;2;13;1318;131810
2025-12;2025;12;Porto;Matosinhos;Custóias, Leça do Balio e Guifões;ACC;3;13;1308;130811
2025-12;2025;12;Vila Real;Santa Marta de Penaguião;Lobrigos (S. Miguel e S. João Baptista) e Sanhoane;ACC;1;17;1711;171111
2025-12;2025;12;Viseu;Armamar;Armamar;ACC;1;18;1801;180120
2025-12;2025;12;Leiria;Nazaré;Famalicão;ACC;1;10;1011;101101
2025-12;2025;12;Portalegre;Fronteira;Fronteira;ACC;1;12;1208;120802
2025-12;2025;12;Beja;Ourique;Ourique;ACC;1;02;0212;021203
2025-12;2025;12;Beja;Almodôvar;Almodôvar e Graça dos Padrões;ACC;1;02;0202;020209
2025-12;2025;12;Santarém;Chamusca;Chamusca e Pinheiro Grande;ACC;1;14;1407;140708
2025-12;2025;12;Porto;Vila Nova de Gaia;Sandim, Olival, Lever e Crestuma;ACC;1;13;1317;131729
2025-12;2025;12;Porto;Vila Nova de Gaia;Serzedo e Perosinho;ACC;2;13;1317;131731
2025-12;2025;12;Évora;Évora;Malagueira e Horta das Figueiras;ACC;9;07;0705;070524
2025-12;2025;12;Évora;Évora;N. S. da Tourega e N. S. de Guadalupe;ACC;1;07;0705;070525
2025-12;2025;12;Santarém;Alcanena;Malhou, Louriceira e Espinheiro;ACC;1;14;1402;140212
2025-12;2025;12;Porto;Felgueiras;Margaride, Várzea, Lagares, Varziela e Moure;ACC;2;13;1303;130335
2025-12;2025;12;Porto;Felgueiras;Vila Verde e Santão;ACC;1;13;1303;130341
2025-12;2025;12;Leiria;Leiria;Monte Redondo e Carreira;ACC;1;10;1009;100936
2025-12;2025;12;Leiria;Leiria;Parceiros e Azoia;ACC;1;10;1009;100937
2025-12;2025;12;Porto;Matosinhos;Matosinhos e Leça da Palmeira;ACC;1;13;1308;130812
2025-12;2025;12;Porto;Matosinhos;Perafita, Lavra e Santa Cruz do Bispo;ACC;4;13;1308;130813
2025-12;2025;12;Porto;Matosinhos;São Mamede de Infesta e Senhora da Hora;CER;1;13;1308;130814
2025-12;2025;12;Lisboa;Torres Vedras;Maxial e Monte Redondo;ACC;1;11;1113;111325
2025-12;2025;12;Braga;Braga;Merelim (São Paio), Panoias e Parada de Tibães;ACC;1;03;0303;030374
2025-12;2025;12;Braga;Braga;Nogueira, Fraião e Lamaçães;ACC;2;03;0303;030377
2025-12;2025;12;Braga;Braga;Nogueiró e Tenões;ACC;1;03;0303;030378
2025-12;2025;12;Setúbal;Montijo;Montijo e Afonsoeiro;ACC;4;15;1507;150710
2025-12;2025;12;Setúbal;Montijo;Pegões;ACC;1;15;1507;150711
2025-12;2025;12;Aveiro;Oliveira de Azeméis;Pinheiro da Bemposta, Travanca e Palmaz;ACC;1;01;0113;011322
2025-12;2025;12;Braga;Guimarães;Sande São Lourenço e Balazar;ACC;1;03;0308;030886
2025-12;2025;12;Braga;Guimarães;Sande Vila Nova e Sande São Clemente;ACC;4;03;0308;030887
2025-12;2025;12;Braga;Guimarães;Serzedo e Calvos;ACC;1;03;0308;030889
2025-12;2025;12;Setúbal;Barreiro;Alto do Seixalinho, Santo André e Verderena;ACC;3;15;1504;150409
2025-12;2025;12;Portalegre;Ponte de Sor;Ponte de Sor, Tramaga e Vale de Açor;ACC;2;12;1213;121308
2025-12;2025;12;Castelo Branco;Proença-a-Nova;Proença-a-Nova e Peral;ACC;2;05;0508;050807
2025-12;2025;12;Lisboa;Sintra;São João das Lampas e Terrugem;ACC;2;11;1111;111127
2025-12;2025;12;Lisboa;Sintra;S. Maria, S. Miguel, S. Martinho e S. Pedro de Penaferrim;ACC;5;11;1111;111128
2025-12;2025;12;Lisboa;Loures;Sacavém e Prior Velho;ACC;5;11;1107;110727
2025-12;2025;12;Braga;Vila Verde;Sande, Vilarinho, Barros e Gomide;ACC;1;03;0313;031367
2025-12;2025;12;Coimbra;Coimbra;Souselas e Botão;ACC;2;06;0603;060339
2025-12;2025;12;Coimbra;Coimbra;Taveiro, Ameal e Arzila;ACC;1;06;0603;060340
2025-12;2025;12;Vila Real;Chaves;Santa Cruz/Trindade e Sanjurge;ACC;3;17;1703;170358
2025-12;2025;12;Setúbal;Setúbal;S. Julião, N. S. da Anunciada e S. Maria da Graça;ACC;4;15;1512;151210
2025-12;2025;12;Santarém;Torres Novas;Torres Novas (São Pedro), Lapas e Ribeira Branca;ACC;1;14;1419;141921
2025-12;2025;12;Santarém;Tomar;São João Baptista e Santa Maria dos Olivais;ACC;2;14;1418;141821
2025-12;2025;12;Viseu;Tondela;Tondela e Nandufe;ACC;2;18;1821;182132
2025-12;2025;12;Viana do Castelo;Vila Nova de Cerveira;Vila Nova de Cerveira e Lovelhe;ACC;2;16;1610;161019
2025-12;2025;12;Leiria;Nazaré;Valado dos Frades;ACC;1;10;1011;101103
2025-12;2025;12;Viana do Castelo;Arcos de Valdevez;Vale;ACC;1;16;1601;160149
2025-12;2025;12;Santarém;Cartaxo;Vale da Pedra;ACC;1;14;1406;140608
2025-12;2025;12;Aveiro;Ovar;Válega;ACC;1;01;0115;011507
2025-12;2025;12;Viseu;Lamego;Várzea de Abrunhais;ACC;1;18;1805;180523
2025-12;2025;12;Lisboa;Amadora;Venteira;ACC;2;11;1115;111517
2025-12;2025;12;Porto;Vila do Conde;Vila do Conde;ACC;3;13;1316;131628
2025-12;2025;12;Vila Real;Vila Pouca de Aguiar;Vila Pouca de Aguiar;ACC;1;17;1713;171314
2025-12;2025;12;Lisboa;Cadaval;Vilar;ACC;1;11;1104;110410
2025-12;2025;12;Vila Real;Vila Real;Vila Real;ACC;2;17;1714;171438
2025-12;2025;12;Faro;Vila Real de Santo António;Vila Real de Santo António;ACC;2;08;0816;081602
2025-12;2025;12;Viseu;Viseu;Viseu;ACC;1;18;1823;182341
2025-12;2025;12;Viseu;Santa Comba Dão;Santa Comba Dão e Couto do Mosteiro;ACC;1;18;1814;181411
2025-12;2025;12;Lisboa;Odivelas;Póvoa de Santo Adrião e Olival Basto;ACC;1;11;1116;111609
2025-12;2025;12;Lisboa;Odivelas;Ramada e Caneças;ACC;1;11;1116;111610
2025-12;2025;12;Viseu;Mangualde;Santiago de Cassurrães e Póvoa de Cervães;ACC;1;18;1806;180621
2025-12;2025;12;Coimbra;Penela;São Miguel, Santa Eufémia e Rabaçal;ACC;2;06;0614;061407
2025-12;2025;12;Aveiro;Vale de Cambra;Vila Chã, Codal e Vila Cova de Perrinho;ACC;1;01;0119;011910
2025-12;2025;12;Vila Real;Mesão Frio;Vila Marim;ACC;1;17;1704;170407
2025-12;2025;12;Santarém;Vila Nova da Barquinha;Vila Nova da Barquinha;ACC;1;14;1420;142006
2025-06;2025;06;Setúbal;Moita;Baixa da Banheira e Vale da Amoreira;ACC;3;15;1506;150607
2024-05;2024;05;Setúbal;Moita;Baixa da Banheira e Vale da Amoreira;ACC;1;15;1506;150607
2024-06;2024;06;Évora;Évora;Malagueira e Horta das Figueiras;ACC;2;07;0705;070524
2024-03;2024;03;Braga;Braga;Merelim (São Pedro) e Frossos;ACC;1;03;0303;030375
2025-06;2025;06;Évora;Montemor-o-Novo;N. S. da Vila, N. S. do Bispo e Silveiras;ACC;1;07;0706;070612
2025-05;2025;05;Évora;Montemor-o-Novo;N. S. da Vila, N. S. do Bispo e Silveiras;ACC;1;07;0706;070612
2024-06;2024;06;Braga;Guimarães;Oliveira, São Paio e São Sebastião;ACC;1;03;0308;030884
2024-05;2024;05;Porto;Vila Nova de Gaia;Pedroso e Seixezelo;ACC;1;13;1317;131728
2025-05;2025;05;Porto;Vila Nova de Gaia;Pedroso e Seixezelo;ACC;2;13;1317;131728
2024-06;2024;06;Lisboa;Odivelas;Pontinha e Famões;ACC;2;11;1116;111608
2025-06;2025;06;Lisboa;Odivelas;Pontinha e Famões;ACC;2;11;1116;111608
2025-06;2025;06;Braga;Braga;Adaúfe;ACC;2;03;0303;030301
2025-03;2025;03;Braga;Braga;Adaúfe;ACC;2;03;0303;030301
2025-06;2025;06;Leiria;Caldas da Rainha;Alvorninha;ACC;1;10;1006;100602
2025-03;2025;03;Leiria;Caldas da Rainha;Alvorninha;ACC;1;10;1006;100602
2025-05;2025;05;Portalegre;Nisa;Espírito Santo, Nossa Senhora da Graça e São Simão;ACC;1;12;1212;121212
2025-05;2025;05;Setúbal;Barreiro;Palhais e Coina;ACC;1;15;1504;150411
2025-06;2025;06;Vila Real;Peso da Régua;Poiares e Canelas;ACC;1;17;1708;170816
2025-05;2025;05;Porto;Santo Tirso;Água Longa;ACC;1;13;1314;131402
2025-05;2025;05;Coimbra;Figueira da Foz;Alqueidão;ACC;1;06;0605;060502
2025-03;2025;03;Aveiro;Anadia;Avelãs de Cima;ACC;1;01;0103;010305
2025-05;2025;05;Porto;Gondomar;Baguim do Monte (Rio Tinto);ACC;3;13;1304;130412
2025-05;2025;05;Leiria;Batalha;Batalha;ACC;1;10;1004;100401
2025-05;2025;05;Santarém;Santarém;Pernes;ACC;1;14;1416;141614
2025-05;2025;05;Lisboa;Torres Vedras;Santa Maria, São Pedro e Matacães;ACC;1;11;1113;111326
2025-05;2025;05;Porto;Póvoa de Varzim;Aguçadoura e Navais;ACC;1;13;1313;131314
2025-05;2025;05;Leiria;Bombarral;Bombarral e Vale Covo;ACC;1;10;1005;100506
2025-05;2025;05;Braga;Barcelos;Vila Cova e Feitos;ACC;1;03;0302;0302FH
2025-05;2025;05;Lisboa;Amadora;Venteira;ACC;1;11;1115;111517
2025-05;2025;05;Vila Real;Vila Real;Vila Real;ACC;1;17;1714;171438
2023-03;2023;03;Lisboa;Lisboa;Lumiar;ACC;1;11;1106;110618
2024-03;2024;03;Santarém;Rio Maior;Alcobertas;ACC;1;14;1414;141401
2025-03;2025;03;Braga;Cabeceiras de Basto;Refojos de Basto, Outeiro e Painzela;ACC;1;03;0304;030421
2024-05;2024;05;Portalegre;Portalegre;Ribeira de Nisa e Carreiras;ACC;1;12;1214;121413
2025-03;2025;03;Setúbal;Barreiro;Alto do Seixalinho, Santo André e Verderena;ACC;1;15;1504;150409
2025-05;2025;05;Lisboa;Lisboa;Alcântara;ACC;1;11;1106;110602
2025-03;2025;03;Lisboa;Lisboa;Alcântara;ACC;1;11;1106;110602
2025-05;2025;05;Santarém;Ourém;Atouguia;ACC;1;14;1421;142102
2025-03;2025;03;Santarém;Ourém;Atouguia;ACC;1;14;1421;142102
2025-05;2025;05;Braga;Barcelos;Manhente;ACC;1;03;0302;030245
2025-03;2025;03;Aveiro;Santa Maria da Feira;Milheirós de Poiares;ACC;1;01;0109;010914
2025-05;2025;05;Lisboa;Lisboa;Parque das Nações;ACC;2;11;1106;110662
2025-03;2025;03;Lisboa;Lisboa;Parque das Nações;ACC;2;11;1106;110662
2025-05;2025;05;Braga;Póvoa de Lanhoso;Póvoa de Lanhoso (Nossa Senhora do Amparo);ACC;1;03;0309;030919
2025-05;2025;05;Viseu;Viseu;Rio de Loba;ACC;2;18;1823;182323
2025-03;2025;03;Aveiro;Águeda;Águeda e Borralha;ACC;1;01;0101;010121
2025-05;2025;05;Viseu;Tondela;Tondela e Nandufe;ACC;1;18;1821;182132
2025-05;2025;05;Aveiro;Águeda;Trofa, Segadães e Lamas do Vouga;ACC;1;01;0101;010126
2025-03;2025;03;Lisboa;Lisboa;Misericórdia;ACC;2;11;1106;110661
2025-03;2025;03;Lisboa;Torres Vedras;Ponte do Rol;ACC;1;11;1113;111310
2025-03;2025;03;Setúbal;Setúbal;Sado;ACC;1;15;1512;151208
2025-03;2025;03;Coimbra;Coimbra;Santo António dos Olivais;ACC;2;06;0603;060318
2025-03;2025;03;Faro;Silves;São Bartolomeu de Messines;ACC;1;08;0813;081305
2025-03;2025;03;Lisboa;Loures;Santo António dos Cavaleiros e Frielas;ACC;1;11;1107;110730
2025-03;2025;03;Viseu;Tarouca;Tarouca e Dálvares;ACC;1;18;1820;182013
2025-03;2025;03;Braga;Vila Nova de Famalicão;Vila Nova de Famalicão e Calendário;ACC;4;03;0312;031260
2025-03;2025;03;Leiria;Pombal;Carriço;ACC;1;10;1015;101505
2025-03;2025;03;Braga;Vila Nova de Famalicão;Delães;ACC;1;03;0312;031213
2025-03;2025;03;Coimbra;Cantanhede;Febres;ACC;1;06;0602;060207
2025-03;2025;03;Santarém;Torres Novas;Meia Via;ACC;1;14;1419;141917
2025-03;2025;03;Porto;Penafiel;Rio de Moinhos;ACC;2;13;1311;131129
2025-03;2025;03;Aveiro;Santa Maria da Feira;Canedo, Vale e Vila Maior;ACC;1;01;0109;010933
2025-03;2025;03;Castelo Branco;Fundão;Fundão, Valverde, Donas, A. Joanes, A. Nova do Cabo;ACC;1;05;0504;050434
2025-03;2025;03;Leiria;Leiria;Monte Redondo e Carreira;ACC;1;10;1009;100936
2024-06;2024;06;Santarém;Cartaxo;Vila Chã de Ourique;ACC;1;14;1406;140607
2025-06;2025;06;Braga;Barcelos;Alvelos;ACC;1;03;0302;030208
2025-06;2025;06;Santarém;Golegã;Azinhaga;ACC;1;14;1412;141201
2025-06;2025;06;Porto;Póvoa de Varzim;Laundos;ACC;1;13;1313;131308
2025-06;2025;06;Braga;Barcelos;Macieira de Rates;ACC;1;03;0302;030244
2025-06;2025;06;Porto;Santo Tirso;Monte Córdova;ACC;1;13;1314;131413
2025-05;2025;05;Porto;Santo Tirso;Monte Córdova;ACC;1;13;1314;131413
2025-06;2025;06;Lisboa;Oeiras;Porto Salvo;ACC;4;11;1110;111009
2025-06;2025;06;Aveiro;Santa Maria da Feira;Santa Maria de Lamas;ACC;2;01;0109;010925
2025-06;2025;06;Viana do Castelo;Viana do Castelo;Santa Marta de Portuzelo;ACC;1;16;1609;160928
2025-05;2025;05;Viana do Castelo;Viana do Castelo;Santa Marta de Portuzelo;ACC;1;16;1609;160928
2025-06;2025;06;Porto;Vila Nova de Gaia;São Félix da Marinha;ACC;1;13;1317;131717
2025-06;2025;06;Porto;Vila Nova de Gaia;Santa Marinha e São Pedro da Afurada;ACC;2;13;1317;131730
2025-03;2025;03;Porto;Vila Nova de Gaia;Santa Marinha e São Pedro da Afurada;ACC;2;13;1317;131730
2025-06;2025;06;Braga;Vila Nova de Famalicão;Vilarinho das Cambas;ACC;1;03;0312;031249
2024-05;2024;05;Santarém;Benavente;Barrosa;ACC;1;14;1405;140504
2024-03;2024;03;Santarém;Benavente;Barrosa;ACC;1;14;1405;140504
2025-05;2025;05;Setúbal;Palmela;Palmela;ACC;2;15;1508;150802
2025-03;2025;03;Setúbal;Palmela;Palmela;ACC;2;15;1508;150802
2024-05;2024;05;Lisboa;Sintra;Rio de Mouro;ACC;1;11;1111;111108
2025-03;2025;03;Lisboa;Sintra;Rio de Mouro;ACC;3;11;1111;111108
2024-05;2024;05;Braga;Barcelos;Carvalhal;ACC;1;03;0302;030220
2025-03;2025;03;Braga;Barcelos;Carvalhal;ACC;1;03;0302;030220
2024-06;2024;06;Porto;Paços de Ferreira;Carvalhosa;ACC;2;13;1309;130902
2025-03;2025;03;Porto;Valongo;Ermesinde;ACC;3;13;1315;131503
2024-06;2024;06;Braga;Guimarães;Lordelo;ACC;1;03;0308;030828
2024-03;2024;03;Lisboa;Alenquer;Alenquer (Santo Estêvão e Triana);ACC;1;11;1101;110119
2024-03;2024;03;Braga;Vila Verde;Esqueiros, Nevogilde e Travassós;ACC;1;03;0313;031363
2025-06;2025;06;Viseu;Viseu;Abraveses;ACC;1;18;1823;182301
2025-05;2025;05;Lisboa;Amadora;Alfragide;ACC;2;11;1115;111512
2025-06;2025;06;Faro;Loulé;Almancil;ACC;3;08;0808;080801
2025-06;2025;06;Setúbal;Seixal;Amora;ACC;2;15;1510;151002
2025-06;2025;06;Guarda;Guarda;Arrifana;ACC;1;09;0907;090706
2025-03;2025;03;Guarda;Guarda;Arrifana;ACC;1;09;0907;090706
2025-03;2025;03;Porto;Vila do Conde;Árvore;ACC;2;13;1316;131602
2025-03;2025;03;Porto;Marco de Canaveses;Bem Viver;ACC;1;13;1307;130734
2025-06;2025;06;Faro;Aljezur;Bordeira;ACC;1;08;0803;080302
2025-06;2025;06;Braga;Fafe;Fafe;ACC;1;03;0307;030709
2025-06;2025;06;Braga;Guimarães;Candoso São Tiago e Mascotelos;ACC;1;03;0308;030881
2025-06;2025;06;Porto;Porto;Cedofeita, Ildefonso, Sé, Miragaia, Nicolau, Vitória;ACC;1;13;1312;131217
2025-03;2025;03;Porto;Porto;Cedofeita, Ildefonso, Sé, Miragaia, Nicolau, Vitória;ACC;1;13;1312;131217
2025-05;2025;05;Porto;Vila Nova de Gaia;Mafamude e Vilar do Paraíso;ACC;2;13;1317;131727
2024-05;2024;05;Braga;Esposende;Esposende, Marinhas e Gandra;ACC;2;03;0306;030618
2025-05;2025;05;Braga;Vila Verde;Vila de Prado;ACC;1;03;0313;031342
2024-03;2024;03;Braga;Vila Verde;Vila de Prado;ACC;1;03;0313;031342
2025-05;2025;05;Lisboa;Cascais;Alcabideche;ACC;1;11;1105;110501
2024-03;2024;03;Lisboa;Cascais;Alcabideche;ACC;1;11;1105;110501
2025-05;2025;05;Castelo Branco;Idanha-a-Nova;Ladoeiro;ACC;1;05;0505;050505
2025-03;2025;03;Castelo Branco;Idanha-a-Nova;Ladoeiro;ACC;1;05;0505;050505
2025-05;2025;05;Braga;Guimarães;Polvoreira;ACC;2;03;0308;030837
2025-05;2025;05;Braga;Vila Verde;Turiz;ACC;1;03;0313;031354
2024-03;2024;03;Braga;Vila Verde;Turiz;ACC;1;03;0313;031354
2025-03;2025;03;Porto;Vila do Conde;Aveleda;ACC;1;13;1316;131603
2025-03;2025;03;Braga;Fafe;Arões (São Romão);ACC;1;03;0307;030730
2025-05;2025;05;Aveiro;Oliveira do Bairro;Oiã;ACC;1;01;0114;011403
2025-05;2025;05;Lisboa;Sintra;S. Maria, S. Miguel, S. Martinho e S. Pedro de Penaferrim;ACC;4;11;1111;111128
2025-03;2025;03;Faro;Loulé;Loulé (São Clemente);ACC;1;08;0808;080808
2025-03;2025;03;Lisboa;Alenquer;Aldeia Galega da Merceana e Aldeia Gavinha;ACC;1;11;1101;110118
2025-03;2025;03;Braga;Vila Nova de Famalicão;Vilarinho das Cambas;ACC;1;03;0312;031249
2024-09;2024;09;Braga;Fafe;Fafe;ACC;1;03;0307;030709
2024-08;2024;08;Braga;Fafe;Fafe;ACC;1;03;0307;030709
2024-09;2024;09;Vila Real;Vila Pouca de Aguiar;Sabroso de Aguiar;ACC;1;17;1713;171317
2024-09;2024;09;Viseu;Sátão;Sátão;ACC;1;18;1817;181710
2025-04;2025;04;Lisboa;Loures;Santa Iria de Azoia, São João da Talha e Bobadela;ACC;2;11;1107;110728
2023-09;2023;09;Castelo Branco;Fundão;Fundão, Valverde, Donas, A. Joanes, A. Nova do Cabo;ACC;1;05;0504;050434
2024-09;2024;09;Braga;Barcelos;Carvalhal;ACC;1;03;0302;030220
2025-04;2025;04;Braga;Barcelos;Carvalhal;ACC;1;03;0302;030220
2024-09;2024;09;Braga;Fafe;Estorãos;ACC;1;03;0307;030708
2024-09;2024;09;Coimbra;Cantanhede;Febres;ACC;1;06;0602;060207
2024-09;2024;09;Braga;Vila Verde;Gême;ACC;1;03;0313;031317
2025-04;2025;04;Braga;Vila Verde;Gême;ACC;1;03;0313;031317
2024-09;2024;09;Lisboa;Torres Vedras;Ponte do Rol;ACC;1;11;1113;111310
2024-09;2024;09;Setúbal;Setúbal;Sado;ACC;1;15;1512;151208
2025-02;2025;02;Lisboa;Oeiras;Porto Salvo;ACC;3;11;1110;111009
2025-02;2025;02;Porto;Porto;Ramalde;ACC;1;13;1312;131211
2025-02;2025;02;Vila Real;Vila Pouca de Aguiar;Sabroso de Aguiar;ACC;1;17;1713;171317
2025-02;2025;02;Braga;Guimarães;Selho (São Jorge);ACC;2;03;0308;030854
2025-01;2025;01;Braga;Guimarães;Selho (São Jorge);ACC;2;03;0308;030854
2025-01;2025;01;Lisboa;Vila Franca de Xira;Castanheira do Ribatejo e Cachoeiras;ACC;1;11;1114;111414
2025-01;2025;01;Braga;Esposende;Esposende, Marinhas e Gandra;ACC;3;03;0306;030618
2025-02;2025;02;Lisboa;Lisboa;Belém;ACC;1;11;1106;110658
2025-02;2025;02;Bragança;Bragança;Izeda, Calvelhe e Paradinha Nova;ACC;1;04;0402;040252
2025-01;2025;01;Bragança;Bragança;Izeda, Calvelhe e Paradinha Nova;ACC;1;04;0402;040252
2025-02;2025;02;Porto;Felgueiras;Margaride, Várzea, Lagares, Varziela e Moure;ACC;1;13;1303;130335
2024-01;2024;01;Viseu;Tondela;Guardão;ACC;1;18;1821;182108
2023-07;2023;07;Viseu;Tondela;Guardão;ACC;1;18;1821;182108
2025-01;2025;01;Porto;Vila do Conde;Árvore;ACC;2;13;1316;131602
2025-01;2025;01;Setúbal;Seixal;Fernão Ferro;ACC;1;15;1510;151006
2025-01;2025;01;Bragança;Mirandela;Mascarenhas;ACC;1;04;0407;040720
2025-01;2025;01;Porto;Amarante;Telões;ACC;1;13;1301;130135
2025-01;2025;01;Lisboa;Alenquer;Alenquer (Santo Estêvão e Triana);ACC;1;11;1101;110119
2025-01;2025;01;Setúbal;Setúbal;Azeitão (São Lourenço e São Simão);ACC;1;15;1512;151209
2025-01;2025;01;Beja;Beja;Beja (Salvador e Santa Maria da Feira);ACC;3;02;0205;020520
2025-02;2025;02;Faro;Lagoa;Estômbar e Parchal;ACC;1;08;0806;080607
2025-01;2025;01;Faro;Lagoa;Estômbar e Parchal;ACC;1;08;0806;080607
2025-02;2025;02;Évora;Estremoz;Estremoz (Santa Maria e Santo André);ACC;1;07;0704;070414
2025-02;2025;02;Setúbal;Almada;Laranjeiro e Feijó;ACC;3;15;1503;150315
2025-02;2025;02;Braga;Braga;Real, Dume e Semelhe;ACC;1;03;0303;030379
2025-02;2025;02;Coimbra;Coimbra;Souselas e Botão;ACC;1;06;0603;060339
2025-07;2025;07;Coimbra;Coimbra;Souselas e Botão;ACC;1;06;0603;060339
2025-01;2025;01;Faro;Tavira;Tavira (Santa Maria e Santiago);ACC;1;08;0814;081412
2024-07;2024;07;Santarém;Tomar;São João Baptista e Santa Maria dos Olivais;ACC;2;14;1418;141821
2025-02;2025;02;Braga;Vila Nova de Famalicão;Vale (São Martinho);ACC;1;03;0312;031241
2025-01;2025;01;Castelo Branco;Vila de Rei;Vila de Rei;ACC;1;05;0510;051003
2025-01;2025;01;Porto;Vila do Conde;Vila do Conde;ACC;1;13;1316;131628
2024-07;2024;07;Porto;Vila do Conde;Vila do Conde;ACC;1;13;1316;131628
2025-01;2025;01;Porto;Paredes;Vilela;ACC;1;13;1310;131024
2025-01;2025;01;Viseu;Viseu;Abraveses;ACC;1;18;1823;182301
2025-01;2025;01;Leiria;Caldas da Rainha;Alvorninha;ACC;1;10;1006;100602
2025-01;2025;01;Aveiro;Santa Maria da Feira;Arrifana;ACC;1;01;0109;010902
2024-07;2024;07;Braga;Barcelos;Barcelos, V. Boa, V. Frescainha;ACC;2;03;0302;030293
2024-07;2024;07;Lisboa;Oeiras;Carnaxide e Queijas;ACC;1;11;1110;111013
2024-07;2024;07;Setúbal;Grândola;Grândola e Santa Margarida da Serra;ACC;1;15;1505;150506
2024-07;2024;07;Évora;Évora;Malagueira e Horta das Figueiras;ACC;3;07;0705;070524
2024-07;2024;07;Porto;Felgueiras;Margaride, Várzea, Lagares, Varziela e Moure;ACC;1;13;1303;130335
2025-07;2025;07;Leiria;Leiria;Marrazes e Barosa;ACC;4;10;1009;100934
2024-07;2024;07;Porto;Matosinhos;Matosinhos e Leça da Palmeira;ACC;1;13;1308;130812
2025-07;2025;07;Porto;Matosinhos;Matosinhos e Leça da Palmeira;ACC;1;13;1308;130812
2024-07;2024;07;Porto;Vila Nova de Gaia;Pedroso e Seixezelo;ACC;1;13;1317;131728
2024-07;2024;07;Portalegre;Ponte de Sor;Ponte de Sor, Tramaga e Vale de Açor;ACC;1;12;1213;121308
2025-07;2025;07;Lisboa;Odivelas;Póvoa de Santo Adrião e Olival Basto;ACC;1;11;1116;111609
2024-07;2024;07;Guarda;Sabugal;Sabugal e Aldeia de Santo António;ACC;1;09;0911;091145
2025-07;2025;07;Guarda;Sabugal;Sabugal e Aldeia de Santo António;ACC;1;09;0911;091145
2024-07;2024;07;Braga;Guimarães;Sande Vila Nova e Sande São Clemente;ACC;1;03;0308;030887
2024-07;2024;07;Porto;Santo Tirso;St. Tirso, Couto (S. Cristina e S. Miguel) e Burgães;ACC;1;13;1314;131437
2024-07;2024;07;Setúbal;Seixal;Seixal, Arrentela e Aldeia de Paio Pires;ACC;3;15;1510;151007
2025-07;2025;07;Santarém;Almeirim;Almeirim;ACC;1;14;1403;140301
2025-07;2025;07;Braga;Guimarães;Gonça;ACC;1;03;0308;030820
2025-07;2025;07;Viseu;Tondela;Guardão;ACC;1;18;1821;182108
2023-06;2023;06;Viseu;Tondela;Guardão;ACC;1;18;1821;182108
2025-07;2025;07;Castelo Branco;Idanha-a-Nova;Ladoeiro;ACC;1;05;0505;050505
2025-07;2025;07;Setúbal;Almada;Charneca de Caparica e Sobreda;ACC;3;15;1503;150314
2025-07;2025;07;Leiria;Figueiró dos Vinhos;Figueiró dos Vinhos e Bairradas;ACC;1;10;1008;100806
2025-07;2025;07;Porto;Gondomar;Gondomar (São Cosme), Valbom e Jovim;ACC;1;13;1304;130415
2025-07;2025;07;Aveiro;Oliveira de Azeméis;O. Azeméis, Riba-Ul, Ul, Macinhata da Seixa, Madail;ACC;2;01;0113;011321
2025-07;2025;07;Lisboa;Oeiras;Oeiras e S. Julião da Barra, Paço de Arcos e Caxias;ACC;2;11;1110;111014
2025-07;2025;07;Lisboa;Amadora;Venteira;ACC;1;11;1115;111517
2023-06;2023;06;Castelo Branco;Fundão;Fundão, Valverde, Donas, A. Joanes, A. Nova do Cabo;ACC;1;05;0504;050434
2025-07;2025;07;Porto;Marco de Canaveses;Marco;ACC;2;13;1307;130736
2024-07;2024;07;Lisboa;Amadora;Mina de Água;ACC;1;11;1115;111516
2025-07;2025;07;Lisboa;Amadora;Mina de Água;ACC;1;11;1115;111516
2025-07;2025;07;Lisboa;Oeiras;Porto Salvo;ACC;4;11;1110;111009
2024-07;2024;07;Braga;Póvoa de Lanhoso;Póvoa de Lanhoso (Nossa Senhora do Amparo);ACC;1;03;0309;030919
2025-07;2025;07;Lisboa;Loures;Bucelas;ACC;1;11;1107;110702
2025-08;2025;08;Faro;Loulé;Loulé (São Clemente);ACC;1;08;0808;080808
2025-01;2025;01;Faro;Loulé;Loulé (São Clemente);ACC;1;08;0808;080808
2025-08;2025;08;Santarém;Salvaterra de Magos;Muge;ACC;1;14;1415;141503
2025-02;2025;02;Leiria;Pombal;Pombal;ACC;2;10;1015;101509
2025-08;2025;08;Leiria;Leiria;Regueira de Pontes;ACC;1;10;1009;100921
2025-02;2025;02;Setúbal;Santiago do Cacém;Santo André;ACC;1;15;1509;150907
2025-08;2025;08;Leiria;Pombal;Guia, Ilha e Mata Mourisca;ACC;2;10;1015;101518
2025-07;2025;07;Leiria;Caldas da Rainha;Nadadouro;ACC;1;10;1006;100608
2025-02;2025;02;Aveiro;Aveiro;Requeixo, Nossa Senhora de Fátima e Nariz;ACC;1;01;0105;010516
2025-02;2025;02;Faro;Silves;São Bartolomeu de Messines;ACC;1;08;0813;081305
2024-07;2024;07;Santarém;Alcanena;Alcanena e Vila Moreira;ACC;1;14;1402;140211
2025-07;2025;07;Santarém;Alcanena;Alcanena e Vila Moreira;ACC;1;14;1402;140211
2025-02;2025;02;Lisboa;Sintra;Queluz e Belas;ACC;2;11;1111;111126
2025-07;2025;07;Porto;Vila Nova de Gaia;Sandim, Olival, Lever e Crestuma;ACC;1;13;1317;131729
2024-07;2024;07;Leiria;Pombal;Carriço;ACC;1;10;1015;101505
2025-02;2025;02;Santarém;Ourém;Fátima;ACC;1;14;1421;142106
2025-01;2025;01;Lisboa;Oeiras;Barcarena;ACC;2;11;1110;111002
2025-07;2025;07;Braga;Fafe;Estorãos;ACC;1;03;0307;030708
2025-01;2025;01;Braga;Guimarães;Polvoreira;ACC;2;03;0308;030837
2024-01;2024;01;Braga;Vila Nova de Famalicão;Requião;ACC;1;03;0312;031233
2025-02;2025;02;Lisboa;Lisboa;Santa Maria Maior;ACC;1;11;1106;110665
2025-07;2025;07;Braga;Esposende;Apúlia e Fão;ACC;1;03;0306;030616
2025-02;2025;02;Braga;Guimarães;Atães e Rendufe;ACC;1;03;0308;030878
2024-02;2024;02;Braga;Vila Verde;Esqueiros, Nevogilde e Travassós;ACC;1;03;0313;031363
2025-01;2025;01;Braga;Vila Verde;Esqueiros, Nevogilde e Travassós;ACC;1;03;0313;031363
2025-02;2025;02;Lisboa;Amadora;Águas Livres;ACC;1;11;1115;111513
2025-02;2025;02;Portalegre;Nisa;Espírito Santo, Nossa Senhora da Graça e São Simão;ACC;1;12;1212;121212
2025-02;2025;02;Porto;Gondomar;Fânzeres e São Pedro da Cova;ACC;2;13;1304;130413
2025-02;2025;02;Braga;Braga;Merelim (São Pedro) e Frossos;ACC;1;03;0303;030375
2025-02;2025;02;Viana do Castelo;Melgaço;Prado e Remoães;ACC;1;16;1603;160322
2025-07;2025;07;Braga;Barcelos;Arcozelo;ACC;1;03;0302;030209
2025-01;2025;01;Lisboa;Arruda dos Vinhos;Arruda dos Vinhos;ACC;2;11;1102;110202
2024-07;2024;07;Lisboa;Arruda dos Vinhos;Arruda dos Vinhos;ACC;3;11;1102;110202
2025-01;2025;01;Porto;Vila do Conde;Aveleda;ACC;1;13;1316;131603
2025-01;2025;01;Setúbal;Palmela;Palmela;ACC;2;15;1508;150802
2025-01;2025;01;Porto;Porto;Aldoar, Foz do Douro e Nevogilde;ACC;1;13;1312;131216
2024-07;2024;07;Lisboa;Amadora;Alfragide;ACC;1;11;1115;111512
2024-07;2024;07;Braga;Barcelos;Carvalhal;ACC;1;03;0302;030220
2025-02;2025;02;Aveiro;Santa Maria da Feira;Santa Maria da Feira, Travanca, Sanfins e Espargo;ACC;1;01;0109;010935
2025-01;2025;01;Coimbra;Montemor-o-Velho;Montemor-o-Velho e Gatões;ACC;1;06;0610;061016
2025-07;2025;07;Porto;Vila Nova de Gaia;Santa Marinha e São Pedro da Afurada;ACC;2;13;1317;131730
2025-02;2025;02;Leiria;Pombal;Santiago e S. Simão de Litém e Albergaria dos Doze;ACC;1;10;1015;101519
2025-02;2025;02;Braga;Vila Nova de Famalicão;Vila Nova de Famalicão e Calendário;ACC;4;03;0312;031260
2025-01;2025;01;Braga;Vila Nova de Famalicão;Vilarinho das Cambas;ACC;1;03;0312;031249
2025-07;2025;07;Setúbal;Seixal;Amora;ACC;2;15;1510;151002
2025-07;2025;07;Braga;Guimarães;Serzedo e Calvos;ACC;1;03;0308;030889
2025-07;2025;07;Leiria;Leiria;Regueira de Pontes;ACC;1;10;1009;100921
2025-07;2025;07;Santarém;Tomar;São Pedro de Tomar;ACC;1;14;1418;141813
2025-07;2025;07;Coimbra;Cantanhede;Cantanhede e Pocariça;ACC;1;06;0602;060220
2025-05;2025;05;Leiria;Marinha Grande;Marinha Grande;ACC;3;10;1010;101001
2025-05;2025;05;Bragança;Mirandela;Mascarenhas;ACC;1;04;0407;040720
2024-06;2024;06;Braga;Guimarães;Nespereira;ACC;1;03;0308;030832
2024-06;2024;06;Santarém;Ourém;Nossa Senhora da Piedade;ACC;1;14;1421;142115
2024-06;2024;06;Setúbal;Palmela;Palmela;ACC;2;15;1508;150802
2024-03;2024;03;Setúbal;Palmela;Palmela;ACC;2;15;1508;150802
2024-06;2024;06;Lisboa;Oeiras;Porto Salvo;ACC;1;11;1110;111009
2024-03;2024;03;Lisboa;Oeiras;Porto Salvo;ACC;1;11;1110;111009
2024-06;2024;06;Setúbal;Palmela;Quinta do Anjo;ACC;1;15;1508;150804
2025-06;2025;06;Lisboa;Lisboa;São Domingos de Benfica;ACC;2;11;1106;110639
2024-06;2024;06;Braga;Vila Verde;Turiz;ACC;1;03;0313;031354
2025-06;2025;06;Braga;Vila Verde;Turiz;ACC;1;03;0313;031354
2024-06;2024;06;Braga;Guimarães;Sande Vila Nova e Sande São Clemente;ACC;1;03;0308;030887
2024-06;2024;06;Setúbal;Setúbal;S. Julião, N. S. da Anunciada e S. Maria da Graça;ACC;1;15;1512;151210
2025-05;2025;05;Setúbal;Setúbal;S. Julião, N. S. da Anunciada e S. Maria da Graça;ACC;2;15;1512;151210
2024-06;2024;06;Braga;Vila Nova de Famalicão;Vila Nova de Famalicão e Calendário;ACC;2;03;0312;031260
2025-06;2025;06;Braga;Vila Nova de Famalicão;Vila Nova de Famalicão e Calendário;ACC;4;03;0312;031260
2025-06;2025;06;Lisboa;Cascais;Alcabideche;ACC;1;11;1105;110501
2025-06;2025;06;Santarém;Rio Maior;Alcobertas;ACC;1;14;1414;141401
2025-05;2025;05;Santarém;Rio Maior;Alcobertas;ACC;1;14;1414;141401
2025-03;2025;03;Lisboa;Lisboa;Avenidas Novas;ACC;1;11;1106;110657
2025-06;2025;06;Lisboa;Oeiras;Barcarena;ACC;2;11;1110;111002
2025-06;2025;06;Évora;Évora;Canaviais;ACC;1;07;0705;070515
2025-06;2025;06;Coimbra;Miranda do Corvo;Miranda do Corvo;ACC;1;06;0609;060902
2025-06;2025;06;Porto;Paredes;Paredes;ACC;1;13;1310;131025
2025-06;2025;06;Leiria;Pombal;Pelariga;ACC;1;10;1015;101508
2025-05;2025;05;Braga;Vila Nova de Famalicão;Requião;ACC;2;03;0312;031233
2025-06;2025;06;Braga;Guimarães;Sande (São Martinho);ACC;1;03;0308;030858
2025-05;2025;05;Braga;Guimarães;Sande (São Martinho);ACC;1;03;0308;030858
2025-06;2025;06;Aveiro;Águeda;Águeda e Borralha;ACC;1;01;0101;010121
2025-06;2025;06;Castelo Branco;Fundão;Fundão, Valverde, Donas, A. Joanes, A. Nova do Cabo;ACC;1;05;0504;050434
2023-03;2023;03;Castelo Branco;Fundão;Fundão, Valverde, Donas, A. Joanes, A. Nova do Cabo;ACC;1;05;0504;050434
2024-05;2024;05;Lisboa;Loures;Sacavém e Prior Velho;ACC;2;11;1107;110727
2025-05;2025;05;Lisboa;Loures;Sacavém e Prior Velho;ACC;2;11;1107;110727
2024-03;2024;03;Lisboa;Loures;Sacavém e Prior Velho;ACC;2;11;1107;110727
2025-05;2025;05;Porto;Santo Tirso;St. Tirso, Couto (S. Cristina e S. Miguel) e Burgães;ACC;3;13;1314;131437
2025-06;2025;06;Santarém;Cartaxo;Vila Chã de Ourique;ACC;1;14;1406;140607
2025-06;2025;06;Porto;Vila do Conde;Vila do Conde;ACC;1;13;1316;131628
2025-06;2025;06;Porto;Paredes;Vilela;ACC;1;13;1310;131024
2024-05;2024;05;Lisboa;Lisboa;Lumiar;ACC;1;11;1106;110618
2025-05;2025;05;Lisboa;Lisboa;Lumiar;ACC;2;11;1106;110618
2025-05;2025;05;Lisboa;Lisboa;Lumiar;CER;1;11;1106;110618
2024-03;2024;03;Lisboa;Lisboa;Lumiar;ACC;1;11;1106;110618
2023-05;2023;05;Braga;Braga;Palmeira;CER;1;03;0303;030331
2024-05;2024;05;Braga;Braga;Palmeira;CER;1;03;0303;030331
2025-05;2025;05;Santarém;Alpiarça;Alpiarça;ACC;1;14;1404;140401
2025-03;2025;03;Braga;Barcelos;Alvelos;ACC;1;03;0302;030208
2024-05;2024;05;Porto;Paços de Ferreira;Paços de Ferreira;ACC;1;13;1309;130918
2024-05;2024;05;Leiria;Peniche;Peniche;ACC;1;10;1014;101407
2024-06;2024;06;Lisboa;Amadora;Falagueira-Venda Nova;ACC;1;11;1115;111515
2025-05;2025;05;Lisboa;Amadora;Falagueira-Venda Nova;ACC;1;11;1115;111515
2024-03;2024;03;Lisboa;Amadora;Falagueira-Venda Nova;ACC;1;11;1115;111515
2024-06;2024;06;Portalegre;Portalegre;Fortios;ACC;1;12;1214;121404
2024-05;2024;05;Braga;Vila Nova de Famalicão;Joane;ACC;1;03;0312;031219
2025-06;2025;06;Coimbra;Penacova;Lorvão;ACC;1;06;0613;061304
2025-05;2025;05;Braga;Guimarães;Atães e Rendufe;ACC;1;03;0308;030878
2024-06;2024;06;Braga;Barcelos;Barcelos, V. Boa, V. Frescainha;ACC;1;03;0302;030293
2025-05;2025;05;Braga;Barcelos;Barcelos, V. Boa, V. Frescainha;ACC;2;03;0302;030293
2024-06;2024;06;Aveiro;Estarreja;Beduído e Veiros;ACC;1;01;0108;010808
2024-03;2024;03;Braga;Esposende;Esposende, Marinhas e Gandra;ACC;2;03;0306;030618
2024-06;2024;06;Porto;Gondomar;Fânzeres e São Pedro da Cova;ACC;1;13;1304;130413
2025-06;2025;06;Porto;Vila Nova de Gaia;Grijó e Sermonde;ACC;1;13;1317;131725
2025-06;2025;06;Aveiro;Oliveira de Azeméis;O. Azeméis, Riba-Ul, Ul, Macinhata da Seixa, Madail;ACC;2;01;0113;011321
2025-05;2025;05;Porto;Valongo;Alfena;ACC;1;13;1315;131501
2025-03;2025;03;Porto;Gondomar;Baguim do Monte (Rio Tinto);ACC;3;13;1304;130412
2025-06;2025;06;Porto;Trofa;Bougado (São Martinho e Santiago);ACC;1;13;1318;131810
2025-06;2025;06;Coimbra;Condeixa-a-Nova;Condeixa-a-Velha e Condeixa-a-Nova;ACC;1;06;0604;060411
2025-05;2025;05;Porto;Matosinhos;Matosinhos e Leça da Palmeira;ACC;1;13;1308;130812
2024-05;2024;05;Lisboa;Loures;Santa Iria de Azoia, São João da Talha e Bobadela;ACC;2;11;1107;110728
2025-05;2025;05;Braga;Braga;Merelim (São Pedro) e Frossos;ACC;1;03;0303;030375
2025-05;2025;05;Faro;Loulé;Almancil;ACC;3;08;0808;080801
2025-03;2025;03;Setúbal;Seixal;Amora;ACC;2;15;1510;151002
2025-05;2025;05;Porto;Paços de Ferreira;Frazão Arreigada;ACC;1;13;1309;130917
2025-05;2025;05;Faro;Silves;São Bartolomeu de Messines;ACC;1;08;0813;081305
2025-05;2025;05;Leiria;Pombal;Guia, Ilha e Mata Mourisca;ACC;2;10;1015;101518
2025-05;2025;05;Vila Real;Peso da Régua;Poiares e Canelas;ACC;1;17;1708;170816
2024-03;2024;03;Leiria;Caldas da Rainha;Tornada e Salir do Porto;ACC;2;10;1006;100619
2025-05;2025;05;Lisboa;Oeiras;Barcarena;ACC;2;11;1110;111002
2025-05;2025;05;Lisboa;Lisboa;Estrela;ACC;1;11;1106;110660
2025-05;2025;05;Faro;Loulé;Loulé (São Clemente);ACC;1;08;0808;080808
2025-05;2025;05;Coimbra;Miranda do Corvo;Miranda do Corvo;ACC;1;06;0609;060902
2025-05;2025;05;Porto;Vila Nova de Gaia;São Félix da Marinha;ACC;1;13;1317;131717
2025-05;2025;05;Portalegre;Castelo de Vide;São João Baptista;ACC;1;12;1205;120504
2025-05;2025;05;Leiria;Pombal;Santiago e S. Simão de Litém e Albergaria dos Doze;ACC;1;10;1015;101519
2025-05;2025;05;Viseu;Tarouca;Tarouca e Dálvares;ACC;1;18;1820;182013
2025-03;2025;03;Faro;Tavira;Tavira (Santa Maria e Santiago);ACC;1;08;0814;081412
2025-03;2025;03;Leiria;Caldas da Rainha;Nadadouro;ACC;1;10;1006;100608
2025-03;2025;03;Braga;Braga;Palmeira;ACC;1;03;0303;030331
2025-03;2025;03;Braga;Braga;Palmeira;CER;1;03;0303;030331
2025-03;2025;03;Santarém;Cartaxo;Pontével;ACC;1;14;1406;140604
2025-03;2025;03;Braga;Póvoa de Lanhoso;Póvoa de Lanhoso (Nossa Senhora do Amparo);ACC;1;03;0309;030919
2025-03;2025;03;Lisboa;Alenquer;Alenquer (Santo Estêvão e Triana);ACC;1;11;1101;110119
2025-03;2025;03;Porto;Felgueiras;Margaride, Várzea, Lagares, Varziela e Moure;ACC;1;13;1303;130335
2025-03;2025;03;Guarda;Sabugal;Sabugal e Aldeia de Santo António;ACC;1;09;0911;091145
2025-03;2025;03;Lisboa;Sintra;S. Maria, S. Miguel, S. Martinho e S. Pedro de Penaferrim;ACC;3;11;1111;111128
2025-03;2025;03;Porto;Paços de Ferreira;Carvalhosa;ACC;3;13;1309;130902
2025-03;2025;03;Braga;Fafe;Estorãos;ACC;1;03;0307;030708
2025-03;2025;03;Portalegre;Portalegre;Fortios;ACC;1;12;1214;121404
2025-03;2025;03;Porto;Porto;Aldoar, Foz do Douro e Nevogilde;ACC;1;13;1312;131216
2025-03;2025;03;Lisboa;Oeiras;Carnaxide e Queijas;ACC;2;11;1110;111013
2025-06;2025;06;Aveiro;Santa Maria da Feira;Mozelos;ACC;1;01;0109;010916
2025-07;2025;07;Vila Real;Chaves;Santa Cruz/Trindade e Sanjurge;ACC;1;17;1703;170358
2025-07;2025;07;Lisboa;Vila Franca de Xira;Vialonga;ACC;1;11;1114;111408
2025-06;2025;06;Lisboa;Sintra;Rio de Mouro;ACC;3;11;1111;111108
2024-06;2024;06;Braga;Guimarães;Selho (São Jorge);ACC;1;03;0308;030854
2024-05;2024;05;Braga;Guimarães;Selho (São Jorge);ACC;1;03;0308;030854
2024-03;2024;03;Braga;Guimarães;Selho (São Jorge);ACC;1;03;0308;030854
2025-05;2025;05;Braga;Braga;Sequeira;ACC;1;03;0303;030354
2024-03;2024;03;Braga;Cabeceiras de Basto;Refojos de Basto, Outeiro e Painzela;ACC;1;03;0304;030421
2025-06;2025;06;Lisboa;Loures;Santo Antão e São Julião do Tojal;ACC;2;11;1107;110729
2024-05;2024;05;Lisboa;Loures;Santo Antão e São Julião do Tojal;ACC;1;11;1107;110729
2025-03;2025;03;Lisboa;Loures;Santo Antão e São Julião do Tojal;ACC;2;11;1107;110729
2024-03;2024;03;Leiria;Batalha;Batalha;ACC;1;10;1004;100401
2025-03;2025;03;Santarém;Benavente;Benavente;ACC;1;14;1405;140501
2025-05;2025;05;Castelo Branco;Castelo Branco;Lardosa;ACC;1;05;0502;050211
2025-06;2025;06;Aveiro;Santa Maria da Feira;Paços de Brandão;ACC;1;01;0109;010919
2025-03;2025;03;Aveiro;Espinho;Paramos;ACC;1;01;0107;010704
2025-06;2025;06;Coimbra;Penacova;Penacova;ACC;1;06;0613;061307
2025-03;2025;03;Coimbra;Penacova;Penacova;ACC;1;06;0613;061307
2025-06;2025;06;Faro;Loulé;Quarteira;ACC;1;08;0808;080805
2025-03;2025;03;Coimbra;Tábua;Tábua;ACC;2;06;0616;061614
2025-05;2025;05;Porto;Amarante;Telões;ACC;1;13;1301;130135
2025-06;2025;06;Lisboa;Sintra;Agualva e Mira-Sintra;ACC;1;11;1111;111122
2025-06;2025;06;Braga;Braga;Real, Dume e Semelhe;ACC;1;03;0303;030379
2025-06;2025;06;Coimbra;Coimbra;Santa Clara e Castelo Viegas;ACC;1;06;0603;060336
2025-05;2025;05;Coimbra;Coimbra;Santa Clara e Castelo Viegas;ACC;1;06;0603;060336
2025-06;2025;06;Bragança;Bragança;Sé, Santa Maria e Meixedo;ACC;1;04;0402;040257
2025-05;2025;05;Setúbal;Seixal;Corroios;ACC;5;15;1510;151005
2024-05;2024;05;Porto;Valongo;Ermesinde;ACC;2;13;1315;131503
2024-06;2024;06;Braga;Braga;Nogueira, Fraião e Lamaçães;ACC;1;03;0303;030377
2025-06;2025;06;Braga;Guimarães;Oliveira, São Paio e São Sebastião;ACC;2;03;0308;030884
2025-06;2025;06;Porto;Matosinhos;Perafita, Lavra e Santa Cruz do Bispo;ACC;1;13;1308;130813
2025-06;2025;06;Coimbra;Montemor-o-Velho;Carapinheira;ACC;1;06;0610;061003
2025-06;2025;06;Aveiro;Aveiro;Esgueira;ACC;2;01;0105;010505
2025-06;2025;06;Setúbal;Seixal;Fernão Ferro;ACC;2;15;1510;151006
2025-05;2025;05;Porto;Vila do Conde;Guilhabreu;ACC;1;13;1316;131611
2025-05;2025;05;Coimbra;Coimbra;Assafarge e Antanhol;ACC;1;06;0603;060333
2025-06;2025;06;Lisboa;Cascais;Cascais e Estoril;ACC;1;11;1105;110508
2025-06;2025;06;Faro;Lagoa;Estômbar e Parchal;ACC;1;08;0806;080607
2025-05;2025;05;Guarda;Guarda;Arrifana;ACC;1;09;0907;090706
2025-05;2025;05;Vila Real;Vila Real;Folhadela;ACC;1;17;1714;171409
2025-03;2025;03;Porto;Maia;Castêlo da Maia;ACC;3;13;1306;130618
2025-03;2025;03;Coimbra;Figueira da Foz;Alqueidão;ACC;1;06;0605;060502
2025-03;2025;03;Évora;Arraiolos;Arraiolos;ACC;1;07;0702;070201
2025-05;2025;05;Lisboa;Lisboa;Beato;ACC;2;11;1106;110607
2025-03;2025;03;Aveiro;Ílhavo;Ílhavo (São Salvador);ACC;1;01;0110;011008
2025-05;2025;05;Viana do Castelo;Monção;Trute;ACC;1;16;1604;160431
2025-03;2025;03;Beja;Aljustrel;São João de Negrilhos;ACC;1;02;0201;020104
2025-03;2025;03;Braga;Fafe;Fafe;ACC;1;03;0307;030709
2025-03;2025;03;Lisboa;Vila Franca de Xira;Castanheira do Ribatejo e Cachoeiras;ACC;1;11;1114;111414
2024-09;2024;09;Setúbal;Grândola;Grândola e Santa Margarida da Serra;ACC;1;15;1505;150506
2025-03;2025;03;Porto;Matosinhos;Perafita, Lavra e Santa Cruz do Bispo;ACC;1;13;1308;130813
2025-03;2025;03;Lisboa;Cadaval;Vilar;ACC;1;11;1104;110410
2023-09;2023;09;Porto;Valongo;Ermesinde;ACC;1;13;1315;131503
2023-09;2023;09;Braga;Braga;Ferreiros e Gondizalves;ACC;1;03;0303;030371
2024-09;2024;09;Aveiro;Aveiro;Esgueira;ACC;1;01;0105;010505
2024-09;2024;09;Braga;Guimarães;Nespereira;ACC;1;03;0308;030832
2024-09;2024;09;Viseu;Viseu;Rio de Loba;ACC;2;18;1823;182323
2024-09;2024;09;Coimbra;Coimbra;Santo António dos Olivais;ACC;2;06;0603;060318
2024-09;2024;09;Bragança;Bragança;Izeda, Calvelhe e Paradinha Nova;ACC;1;04;0402;040252
2024-09;2024;09;Setúbal;Barreiro;Alto do Seixalinho, Santo André e Verderena;ACC;1;15;1504;150409
2024-09;2024;09;Bragança;Bragança;Sé, Santa Maria e Meixedo;ACC;1;04;0402;040257
2024-09;2024;09;Porto;Paços de Ferreira;Frazão Arreigada;ACC;2;13;1309;130917
2024-09;2024;09;Aveiro;Espinho;Paramos;ACC;1;01;0107;010704
2024-09;2024;09;Coimbra;Penacova;Penacova;ACC;1;06;0613;061307
2024-09;2024;09;Porto;Penafiel;Rio de Moinhos;ACC;2;13;1311;131129
2024-09;2024;09;Braga;Guimarães;Sande (São Martinho);ACC;1;03;0308;030858
2024-09;2024;09;Braga;Braga;Sequeira;ACC;1;03;0303;030354
2024-09;2024;09;Porto;Porto;Aldoar, Foz do Douro e Nevogilde;ACC;1;13;1312;131216
2024-09;2024;09;Lisboa;Oeiras;Carnaxide e Queijas;ACC;2;11;1110;111013
2024-09;2024;09;Faro;Tavira;Tavira (Santa Maria e Santiago);ACC;1;08;0814;081412
2024-09;2024;09;Aveiro;Santa Maria da Feira;Milheirós de Poiares;ACC;1;01;0109;010914
2022-09;2022;09;Castelo Branco;Fundão;Fundão, Valverde, Donas, A. Joanes, A. Nova do Cabo;ACC;1;05;0504;050434
2025-03;2025;03;Porto;Vila Nova de Gaia;Mafamude e Vilar do Paraíso;ACC;2;13;1317;131727
2025-03;2025;03;Setúbal;Montijo;Montijo e Afonsoeiro;ACC;1;15;1507;150710
2025-03;2025;03;Porto;Póvoa de Varzim;Póvoa de Varzim, Beiriz e Argivai;ACC;1;13;1313;131315
2025-03;2025;03;Braga;Vila Nova de Famalicão;Vale (São Martinho);ACC;1;03;0312;031241
2025-03;2025;03;Santarém;Cartaxo;Vila Chã de Ourique;ACC;1;14;1406;140607
2025-03;2025;03;Porto;Vila do Conde;Vilar de Pinheiro;ACC;1;13;1316;131630
2024-09;2024;09;Braga;Barcelos;Vila Cova e Feitos;ACC;1;03;0302;0302FH
2024-09;2024;09;Aveiro;Santa Maria da Feira;Santa Maria de Lamas;ACC;1;01;0109;010925
2024-09;2024;09;Leiria;Figueiró dos Vinhos;Figueiró dos Vinhos e Bairradas;ACC;1;10;1008;100806
2024-09;2024;09;Braga;Braga;Celeirós, Aveleda e Vimieiro;ACC;1;03;0303;030367
2024-09;2024;09;Porto;Paredes;Vilela;ACC;1;13;1310;131024
2024-09;2024;09;Lisboa;Sobral de Monte Agraço;Sobral de Monte Agraço;ACC;1;11;1112;111203
2024-08;2024;08;Porto;Póvoa de Varzim;Aguçadoura e Navais;ACC;1;13;1313;131314
2024-09;2024;09;Santarém;Alcanena;Alcanena e Vila Moreira;ACC;1;14;1402;140211
2024-09;2024;09;Aveiro;Estarreja;Beduído e Veiros;ACC;1;01;0108;010808
2024-09;2024;09;Porto;Trofa;Bougado (São Martinho e Santiago);ACC;1;13;1318;131810
2024-09;2024;09;Braga;Esposende;Esposende, Marinhas e Gandra;ACC;3;03;0306;030618
2025-04;2025;04;Braga;Esposende;Esposende, Marinhas e Gandra;ACC;3;03;0306;030618
2024-09;2024;09;Braga;Braga;Ferreiros e Gondizalves;ACC;1;03;0303;030371
2025-04;2025;04;Porto;Vila Nova de Gaia;Mafamude e Vilar do Paraíso;ACC;2;13;1317;131727
2024-09;2024;09;Leiria;Leiria;Monte Real e Carvide;ACC;1;10;1009;100935
2024-09;2024;09;Setúbal;Montijo;Montijo e Afonsoeiro;ACC;1;15;1507;150710
2024-09;2024;09;Leiria;Alcobaça;Aljubarrota;ACC;1;10;1001;100120
2025-04;2025;04;Leiria;Alcobaça;Aljubarrota;ACC;1;10;1001;100120
2025-04;2025;04;Braga;Barcelos;Alvelos;ACC;1;03;0302;030208
2024-08;2024;08;Braga;Barcelos;Alvelos;ACC;1;03;0302;030208
2024-09;2024;09;Porto;Vila do Conde;Aveleda;ACC;1;13;1316;131603
2024-09;2024;09;Porto;Gondomar;Baguim do Monte (Rio Tinto);ACC;3;13;1304;130412
2024-08;2024;08;Lisboa;Oeiras;Barcarena;ACC;1;11;1110;111002
2024-09;2024;09;Porto;Marco de Canaveses;Bem Viver;ACC;1;13;1307;130734
2025-04;2025;04;Leiria;Marinha Grande;Marinha Grande;ACC;3;10;1010;101001
2024-09;2024;09;Setúbal;Moita;Moita;ACC;1;15;1506;150603
2024-09;2024;09;Santarém;Salvaterra de Magos;Muge;ACC;1;14;1415;141503
2025-04;2025;04;Braga;Braga;Real, Dume e Semelhe;ACC;1;03;0303;030379
2024-04;2024;04;Braga;Guimarães;Sande (São Martinho);ACC;1;03;0308;030858
2024-08;2024;08;Lisboa;Oeiras;Porto Salvo;ACC;1;11;1110;111009
2025-04;2025;04;Setúbal;Barreiro;Alto do Seixalinho, Santo André e Verderena;ACC;1;15;1504;150409
2025-04;2025;04;Aveiro;Santa Maria da Feira;Arrifana;ACC;1;01;0109;010902
2025-04;2025;04;Aveiro;Oliveira do Bairro;Oiã;ACC;1;01;0114;011403
2025-04;2025;04;Santarém;Torres Novas;Riachos;ACC;1;14;1419;141910
2025-04;2025;04;Santarém;Coruche;Coruche, Fajarda e Erra;ACC;1;14;1409;140909
2024-08;2024;08;Faro;Loulé;Loulé (São Sebastião);ACC;1;08;0808;080809
2025-04;2025;04;Castelo Branco;Idanha-a-Nova;Ladoeiro;ACC;1;05;0505;050505
2025-04;2025;04;Braga;Barcelos;Areias de Vilar e Encourados;ACC;1;03;0302;030292
2025-04;2025;04;Braga;Braga;Nogueira, Fraião e Lamaçães;ACC;1;03;0303;030377
2025-04;2025;04;Lisboa;Loures;Bucelas;ACC;1;11;1107;110702
2025-04;2025;04;Lisboa;Lisboa;Misericórdia;ACC;2;11;1106;110661
2024-04;2024;04;Porto;Santo Tirso;St. Tirso, Couto (S. Cristina e S. Miguel) e Burgães;ACC;1;13;1314;131437
2025-04;2025;04;Porto;Vila do Conde;Árvore;ACC;2;13;1316;131602
2025-04;2025;04;Porto;Vila do Conde;Guilhabreu;ACC;1;13;1316;131611
2024-08;2024;08;Porto;Paços de Ferreira;Carvalhosa;ACC;3;13;1309;130902
2025-04;2025;04;Porto;Póvoa de Varzim;Póvoa de Varzim, Beiriz e Argivai;ACC;1;13;1313;131315
2025-04;2025;04;Porto;Matosinhos;Matosinhos e Leça da Palmeira;ACC;1;13;1308;130812
2024-08;2024;08;Porto;Matosinhos;Matosinhos e Leça da Palmeira;ACC;1;13;1308;130812
2025-04;2025;04;Viseu;Viseu;Rio de Loba;ACC;2;18;1823;182323
2024-08;2024;08;Vila Real;Vila Pouca de Aguiar;Sabroso de Aguiar;ACC;1;17;1713;171317
2025-08;2025;08;Lisboa;Alenquer;Alenquer (Santo Estêvão e Triana);ACC;1;11;1101;110119
2024-08;2024;08;Braga;Barcelos;Barcelos, V. Boa, V. Frescainha;ACC;2;03;0302;030293
2024-08;2024;08;Porto;Trofa;Bougado (São Martinho e Santiago);ACC;1;13;1318;131810
2024-08;2024;08;Braga;Esposende;Esposende, Marinhas e Gandra;ACC;3;03;0306;030618
2024-08;2024;08;Lisboa;Loures;Santo Antão e São Julião do Tojal;ACC;2;11;1107;110729
2025-08;2025;08;Lisboa;Amadora;Venteira;ACC;1;11;1115;111517
2025-08;2025;08;Lisboa;Sintra;Algueirão-Mem Martins;ACC;1;11;1111;111102
2025-08;2025;08;Porto;Vila Nova de Gaia;Canidelo;ACC;1;13;1317;131704
2025-08;2025;08;Porto;Valongo;Ermesinde;ACC;3;13;1315;131503
2025-08;2025;08;Beja;Beja;Beja (Salvador e Santa Maria da Feira);ACC;4;02;0205;020520
2025-08;2025;08;Braga;Guimarães;Candoso São Tiago e Mascotelos;ACC;1;03;0308;030881
2025-08;2025;08;Lisboa;Vila Franca de Xira;Castanheira do Ribatejo e Cachoeiras;ACC;1;11;1114;111414
2025-08;2025;08;Porto;Vila Nova de Gaia;Grijó e Sermonde;ACC;1;13;1317;131725
2025-08;2025;08;Porto;Vila Nova de Gaia;Pedroso e Seixezelo;ACC;2;13;1317;131728
2025-08;2025;08;Castelo Branco;Proença-a-Nova;Proença-a-Nova e Peral;ACC;1;05;0508;050807
2025-04;2025;04;Coimbra;Cantanhede;Febres;ACC;1;06;0602;060207
2024-08;2024;08;Coimbra;Penacova;Figueira de Lorvão;ACC;1;06;0613;061302
2025-08;2025;08;Coimbra;Coimbra;Santa Clara e Castelo Viegas;ACC;1;06;0603;060336
2024-08;2024;08;Leiria;Figueiró dos Vinhos;Figueiró dos Vinhos e Bairradas;ACC;1;10;1008;100806
2024-08;2024;08;Leiria;Leiria;Monte Redondo e Carreira;ACC;1;10;1009;100936
2025-08;2025;08;Leiria;Leiria;Monte Redondo e Carreira;ACC;1;10;1009;100936
2024-08;2024;08;Setúbal;Montijo;Montijo e Afonsoeiro;ACC;1;15;1507;150710
2024-08;2024;08;Aveiro;Oliveira de Azeméis;O. Azeméis, Riba-Ul, Ul, Macinhata da Seixa, Madail;ACC;2;01;0113;011321
2024-08;2024;08;Lisboa;Cadaval;Painho e Figueiros;ACC;1;11;1104;110413
2024-08;2024;08;Lisboa;Odivelas;Póvoa de Santo Adrião e Olival Basto;ACC;1;11;1116;111609
2025-08;2025;08;Portalegre;Portalegre;Ribeira de Nisa e Carreiras;ACC;1;12;1214;121413
2024-08;2024;08;Setúbal;Seixal;Seixal, Arrentela e Aldeia de Paio Pires;ACC;3;15;1510;151007
2024-08;2024;08;Setúbal;Barreiro;Alto do Seixalinho, Santo André e Verderena;ACC;1;15;1504;150409
2024-08;2024;08;Setúbal;Setúbal;S. Julião, N. S. da Anunciada e S. Maria da Graça;ACC;2;15;1512;151210
2025-08;2025;08;Santarém;Rio Maior;Alcobertas;ACC;1;14;1414;141401
2025-08;2025;08;Setúbal;Seixal;Corroios;ACC;5;15;1510;151005
2024-09;2024;09;Viana do Castelo;Arcos de Valdevez;Vale;ACC;1;16;1601;160149
2024-08;2024;08;Viana do Castelo;Arcos de Valdevez;Vale;ACC;1;16;1601;160149
2023-04;2023;04;Santarém;Ourém;Nossa Senhora da Piedade;ACC;1;14;1421;142115
2024-09;2024;09;Coimbra;Figueira da Foz;Buarcos e São Julião;ACC;1;06;0605;060520
2024-08;2024;08;Coimbra;Figueira da Foz;Buarcos e São Julião;ACC;1;06;0605;060520
2025-04;2025;04;Santarém;Cartaxo;Pontével;ACC;1;14;1406;140604
2024-09;2024;09;Porto;Gondomar;Gondomar (São Cosme), Valbom e Jovim;ACC;1;13;1304;130415
2024-08;2024;08;Porto;Gondomar;Gondomar (São Cosme), Valbom e Jovim;ACC;1;13;1304;130415
2025-08;2025;08;Porto;Porto;Lordelo do Ouro e Massarelos;ACC;2;13;1312;131218
2024-09;2024;09;Porto;Santo Tirso;Água Longa;ACC;1;13;1314;131402
2024-09;2024;09;Santarém;Alpiarça;Alpiarça;ACC;1;14;1404;140401
2024-08;2024;08;Coimbra;Figueira da Foz;Alqueidão;ACC;1;06;0605;060502
2024-09;2024;09;Aveiro;Anadia;Avelãs de Cima;ACC;1;01;0103;010305
2024-08;2024;08;Portalegre;Avis;Avis;ACC;1;12;1203;120303
2024-04;2024;04;Leiria;Batalha;Batalha;ACC;1;10;1004;100401
2024-08;2024;08;Porto;Vila do Conde;Macieira da Maia;ACC;1;13;1316;131614
2025-04;2025;04;Porto;Marco de Canaveses;Marco;ACC;2;13;1307;130736
2024-08;2024;08;Porto;Marco de Canaveses;Marco;ACC;2;13;1307;130736
2024-04;2024;04;Bragança;Mirandela;Mascarenhas;ACC;1;04;0407;040720
2024-08;2024;08;Aveiro;Albergaria-a-Velha;Branca;ACC;1;01;0102;010204
2025-08;2025;08;Faro;Portimão;Alvor;ACC;1;08;0811;081101
2025-04;2025;04;Braga;Guimarães;Oliveira, São Paio e São Sebastião;ACC;2;03;0308;030884
2024-08;2024;08;Braga;Guimarães;Oliveira, São Paio e São Sebastião;ACC;1;03;0308;030884
2024-08;2024;08;Braga;Guimarães;Gonça;ACC;1;03;0308;030820
2024-08;2024;08;Braga;Guimarães;Selho (São Jorge);ACC;2;03;0308;030854
2025-04;2025;04;Lisboa;Sintra;Agualva e Mira-Sintra;ACC;1;11;1111;111122
2025-08;2025;08;Lisboa;Sintra;Agualva e Mira-Sintra;ACC;1;11;1111;111122
2025-04;2025;04;Porto;Paços de Ferreira;Frazão Arreigada;ACC;1;13;1309;130917
2025-08;2025;08;Porto;Valongo;Alfena;ACC;1;13;1315;131501
2025-08;2025;08;Lisboa;Loures;Camarate, Unhos e Apelação;ACC;1;11;1107;110731
2025-08;2025;08;Setúbal;Almada;Charneca de Caparica e Sobreda;ACC;3;15;1503;150314
2025-08;2025;08;Évora;Évora;Malagueira e Horta das Figueiras;ACC;5;07;0705;070524
2025-08;2025;08;Santarém;Benavente;Benavente;ACC;1;14;1405;140501
2025-08;2025;08;Aveiro;Ílhavo;Ílhavo (São Salvador);ACC;1;01;0110;011008
2025-08;2025;08;Leiria;Pombal;Pelariga;ACC;1;10;1015;101508
2025-08;2025;08;Santarém;Cartaxo;Pontével;ACC;1;14;1406;140604
2025-02;2025;02;Santarém;Almeirim;Almeirim;ACC;1;14;1403;140301
2025-02;2025;02;Aveiro;Santa Maria da Feira;Argoncilhe;ACC;3;01;0109;010901
2024-07;2024;07;Lisboa;Lisboa;Lumiar;ACC;1;11;1106;110618
2025-01;2025;01;Leiria;Bombarral;Bombarral e Vale Covo;ACC;1;10;1005;100506
2025-02;2025;02;Aveiro;Santa Maria da Feira;Canedo, Vale e Vila Maior;ACC;1;01;0109;010933
2025-01;2025;01;Setúbal;Almada;Charneca de Caparica e Sobreda;ACC;2;15;1503;150314
2024-02;2024;02;Braga;Braga;Ferreiros e Gondizalves;ACC;1;03;0303;030371
2023-01;2023;01;Castelo Branco;Fundão;Fundão, Valverde, Donas, A. Joanes, A. Nova do Cabo;ACC;1;05;0504;050434
2024-02;2024;02;Lisboa;Loures;Sacavém e Prior Velho;ACC;1;11;1107;110727
2025-02;2025;02;Braga;Guimarães;Sande Vila Nova e Sande São Clemente;ACC;1;03;0308;030887
2024-02;2024;02;Braga;Vila Verde;Vila de Prado;ACC;1;03;0313;031342
2025-02;2025;02;Bragança;Miranda do douro;Miranda do Douro;ACC;1;04;0406;040608
2025-01;2025;01;Bragança;Miranda do douro;Miranda do Douro;ACC;1;04;0406;040608
2024-02;2024;02;Leiria;Batalha;Batalha;ACC;1;10;1004;100401
2024-02;2024;02;Porto;Valongo;Ermesinde;ACC;1;13;1315;131503
2025-02;2025;02;Porto;Valongo;Ermesinde;ACC;2;13;1315;131503
2025-01;2025;01;Porto;Valongo;Ermesinde;ACC;2;13;1315;131503
2024-02;2024;02;Leiria;Leiria;Marrazes e Barosa;ACC;1;10;1009;100934
2025-02;2025;02;Leiria;Leiria;Marrazes e Barosa;ACC;4;10;1009;100934
2025-02;2025;02;Faro;Loulé;Loulé (São Sebastião);ACC;1;08;0808;080809
2025-01;2025;01;Porto;Paços de Ferreira;Carvalhosa;ACC;3;13;1309;130902
2024-07;2024;07;Braga;Guimarães;Lordelo;ACC;1;03;0308;030828
2025-09;2025;09;Leiria;Caldas da Rainha;Alvorninha;ACC;1;10;1006;100602
2025-09;2025;09;Porto;Vila do Conde;Árvore;ACC;2;13;1316;131602
2025-09;2025;09;Portalegre;Avis;Avis;ACC;1;12;1203;120303
2025-09;2025;09;Lisboa;Lisboa;Beato;ACC;2;11;1106;110607
2025-09;2025;09;Faro;Portimão;Alvor;ACC;1;08;0811;081101
2025-09;2025;09;Aveiro;Anadia;Avelãs de Cima;ACC;1;01;0103;010305
2025-09;2025;09;Lisboa;Azambuja;Azambuja;ACC;1;11;1103;110304
2025-09;2025;09;Porto;Porto;Campanhã;ACC;3;13;1312;131203
2025-09;2025;09;Braga;Barcelos;Carvalhal;ACC;1;03;0302;030220
2025-09;2025;09;Setúbal;Seixal;Fernão Ferro;ACC;3;15;1510;151006
2025-09;2025;09;Vila Real;Vila Real;Folhadela;ACC;1;17;1714;171409
2025-09;2025;09;Braga;Guimarães;Lordelo;ACC;1;03;0308;030828
2025-09;2025;09;Coimbra;Penacova;Lorvão;ACC;1;06;0613;061304
2025-09;2025;09;Faro;Loulé;Loulé (São Clemente);ACC;2;08;0808;080808
2025-09;2025;09;Faro;Loulé;Loulé (São Sebastião);ACC;1;08;0808;080809
2025-09;2025;09;Lisboa;Lisboa;Lumiar;CER;1;11;1106;110618
2025-09;2025;09;Braga;Barcelos;Manhente;ACC;1;03;0302;030245
2025-09;2025;09;Leiria;Marinha Grande;Marinha Grande;ACC;4;10;1010;101001
2025-09;2025;09;Porto;Maia;Moreira;ACC;3;13;1306;130609
2025-09;2025;09;Santarém;Ourém;Nossa Senhora da Piedade;ACC;2;14;1421;142115
2025-09;2025;09;Setúbal;Palmela;Palmela;ACC;2;15;1508;150802
2025-09;2025;09;Leiria;Peniche;Peniche;ACC;1;10;1014;101407
2025-09;2025;09;Santarém;Santarém;Pernes;ACC;1;14;1416;141614
2025-09;2025;09;Leiria;Pombal;Pombal;ACC;3;10;1015;101509
2025-09;2025;09;Lisboa;Torres Vedras;Ponte do Rol;ACC;1;11;1113;111310
2025-09;2025;09;Santarém;Cartaxo;Pontével;ACC;1;14;1406;140604
2025-09;2025;09;Porto;Porto;Ramalde;ACC;2;13;1312;131211
2025-09;2025;09;Aveiro;Aveiro;Requeixo, Nossa Senhora de Fátima e Nariz;ACC;1;01;0105;010516
2025-09;2025;09;Viseu;Viseu;Rio de Loba;ACC;2;18;1823;182323
2025-09;2025;09;Portalegre;Castelo de Vide;São João Baptista;ACC;1;12;1205;120504
2025-09;2025;09;Lisboa;Torres Vedras;São Pedro da Cadeira;ACC;2;11;1113;111314
2025-09;2025;09;Coimbra;Tábua;Tábua;ACC;2;06;0616;061614
2025-09;2025;09;Viana do Castelo;Monção;Trute;ACC;1;16;1604;160431
2025-09;2025;09;Aveiro;Águeda;Águeda e Borralha;ACC;2;01;0101;010121
2025-09;2025;09;Lisboa;Alenquer;Alenquer (Santo Estêvão e Triana);ACC;1;11;1101;110119
2025-09;2025;09;Braga;Guimarães;Atães e Rendufe;ACC;1;03;0308;030878
2025-09;2025;09;Braga;Guimarães;Candoso São Tiago e Mascotelos;ACC;2;03;0308;030881
2025-09;2025;09;Lisboa;Oeiras;Carnaxide e Queijas;ACC;5;11;1110;111013
2025-09;2025;09;Braga;Vila Verde;Esqueiros, Nevogilde e Travassós;ACC;1;03;0313;031363
2025-09;2025;09;Braga;Braga;Este (São Pedro e São Mamede);ACC;1;03;0303;030370
2025-09;2025;09;Évora;Estremoz;Estremoz (Santa Maria e Santo André);ACC;3;07;0704;070414
2025-09;2025;09;Aveiro;Santa Maria da Feira;Santa Maria da Feira, Travanca, Sanfins e Espargo;ACC;3;01;0109;010935
2025-09;2025;09;Porto;Paços de Ferreira;Paços de Ferreira;ACC;1;13;1309;130918
2025-09;2025;09;Setúbal;Palmela;Quinta do Anjo;ACC;1;15;1508;150804
2025-09;2025;09;Braga;Vila Nova de Famalicão;Requião;ACC;3;03;0312;031233
2025-09;2025;09;Lisboa;Sobral de Monte Agraço;Sobral de Monte Agraço;ACC;1;11;1112;111203
2025-09;2025;09;Aveiro;Estarreja;Beduído e Veiros;ACC;1;01;0108;010808
2025-09;2025;09;Bragança;Miranda do douro;Miranda do Douro;ACC;1;04;0406;040608
2025-09;2025;09;Leiria;Leiria;Caranguejeira;ACC;2;10;1009;100907
2025-09;2025;09;Castelo Branco;Idanha-a-Nova;Ladoeiro;ACC;1;05;0505;050505
2025-09;2025;09;Aveiro;Albergaria-a-Velha;Albergaria-a-Velha e Valmaior;ACC;1;01;0102;010209
2025-09;2025;09;Aveiro;Santa Maria da Feira;Arrifana;ACC;1;01;0109;010902
2025-09;2025;09;Lisboa;Amadora;Mina de Água;ACC;1;11;1115;111516
2025-09;2025;09;Lisboa;Sintra;Algueirão-Mem Martins;ACC;2;11;1111;111102
2025-09;2025;09;Setúbal;Moita;Alhos Vedros;ACC;1;15;1506;150601
2025-09;2025;09;Santarém;Alpiarça;Alpiarça;ACC;1;14;1404;140401
2025-09;2025;09;Braga;Barcelos;Alvelos;ACC;1;03;0302;030208
2025-09;2025;09;Évora;Estremoz;Arcos;ACC;1;07;0704;070401
2025-09;2025;09;Braga;Barcelos;Arcozelo;ACC;1;03;0302;030209
2025-09;2025;09;Porto;Vila Nova de Gaia;Arcozelo;ACC;1;13;1317;131701
2025-09;2025;09;Leiria;Peniche;Atouguia da Baleia;ACC;1;10;1014;101402
2025-09;2025;09;Lisboa;Oeiras;Barcarena;ACC;3;11;1110;111002
2025-09;2025;09;Viseu;São Pedro do Sul;Bordonhos;ACC;1;18;1816;181602
2025-09;2025;09;Viana do Castelo;Ponte de Lima;Calheiros;ACC;1;16;1607;160713
2025-09;2025;09;Lisboa;Lisboa;Carnide;ACC;2;11;1106;110611
2025-09;2025;09;Bragança;Carrazeda de Ansiães;Carrazeda de Ansiães;ACC;1;04;0403;040304
2025-09;2025;09;Lisboa;Sintra;Casal de Cambra;ACC;1;11;1111;111115
2025-09;2025;09;Porto;Paredes;Cete;ACC;1;13;1310;131008
2025-09;2025;09;Aveiro;Ovar;Cortegaça;ACC;1;01;0115;011502
2025-09;2025;09;Lisboa;Mafra;Ericeira;ACC;1;11;1109;110906
2025-09;2025;09;Castelo Branco;Covilhã;Ferro;ACC;1;05;0503;050311
2025-09;2025;09;Guarda;Figueira de Castelo Rodrigo;Figueira de Castelo Rodrigo;ACC;1;09;0904;090408
2025-09;2025;09;Viana do Castelo;Valença;Fontoura;ACC;1;16;1608;160805
2025-09;2025;09;Santarém;Rio Maior;Fráguas;ACC;1;14;1414;141405
2025-09;2025;09;Guarda;Guarda;Guarda;ACC;1;09;0907;090758
2025-09;2025;09;Bragança;Macedo de Cavaleiros;Lamas;ACC;1;04;0405;040518
2025-09;2025;09;Coimbra;Figueira da Foz;Maiorca;ACC;1;06;0605;060507
2025-09;2025;09;Bragança;Mirandela;Mascarenhas;ACC;1;04;0407;040720
2025-09;2025;09;Coimbra;Mira;Mira;ACC;1;06;0608;060801
2025-09;2025;09;Évora;Vila Viçosa;Nossa Senhora da Conceição e São Bartolomeu;ACC;1;07;0714;071406
2025-09;2025;09;Porto;Porto;Paranhos;ACC;1;13;1312;131210
2025-09;2025;09;Faro;Portimão;Portimão;ACC;1;08;0811;081103
2025-09;2025;09;Faro;Olhão;Quelfes;ACC;1;08;0810;081005
2025-09;2025;09;Braga;Fafe;Quinchães;ACC;1;03;0307;030722
2025-09;2025;09;Aveiro;Santa Maria da Feira;Romariz;ACC;1;01;0109;010922
2025-09;2025;09;Setúbal;Setúbal;Sado;ACC;1;15;1512;151208
2025-09;2025;09;Viana do Castelo;Viana do Castelo;Santa Marta de Portuzelo;ACC;1;16;1609;160928
2025-09;2025;09;Setúbal;Santiago do Cacém;Santo André;ACC;1;15;1509;150907
2025-09;2025;09;Faro;São Brás de Alportel;São Brás de Alportel;ACC;1;08;0812;081201
2025-09;2025;09;Viana do Castelo;Valença;São Pedro da Torre;ACC;1;16;1608;160812
2025-09;2025;09;Setúbal;Setúbal;Setúbal (São Sebastião);ACC;1;15;1512;151205
2025-09;2025;09;Aveiro;Anadia;Arcos e Mogofores;ACC;1;01;0103;010317
2025-09;2025;09;Setúbal;Setúbal;Azeitão (São Lourenço e São Simão);ACC;2;15;1512;151209
2025-09;2025;09;Setúbal;Moita;Baixa da Banheira e Vale da Amoreira;ACC;3;15;1506;150607
2025-09;2025;09;Porto;Porto;Cedofeita, Ildefonso, Sé, Miragaia, Nicolau, Vitória;ACC;1;13;1312;131217
2025-09;2025;09;Portalegre;Nisa;Espírito Santo, Nossa Senhora da Graça e São Simão;ACC;1;12;1212;121212
2025-09;2025;09;Viseu;Viseu;Fail e Vila Chã de Sá;ACC;1;18;1823;182338
2025-09;2025;09;Faro;Faro;Faro (Sé e São Pedro);CER;1;08;0805;080508
2025-09;2025;09;Braga;Barcelos;Vila Cova e Feitos;ACC;1;03;0302;0302FH
2025-09;2025;09;Braga;Vila Nova de Famalicão;Vila Nova de Famalicão e Calendário;ACC;5;03;0312;031260
2024-04;2024;04;Braga;Vila Nova de Famalicão;Joane;ACC;1;03;0312;031219
2024-04;2024;04;Lisboa;Arruda dos Vinhos;Arruda dos Vinhos;ACC;2;11;1102;110202
2024-08;2024;08;Leiria;Pombal;Carriço;ACC;1;10;1015;101505
2024-04;2024;04;Setúbal;Moita;Baixa da Banheira e Vale da Amoreira;ACC;1;15;1506;150607
2025-04;2025;04;Setúbal;Almada;Charneca de Caparica e Sobreda;ACC;3;15;1503;150314
2024-08;2024;08;Setúbal;Setúbal;Sado;ACC;1;15;1512;151208
2025-04;2025;04;Évora;Évora;São Bento do Mato;ACC;1;07;0705;070506
2025-04;2025;04;Évora;Borba;Rio de Moinhos;ACC;1;07;0703;070303
2024-08;2024;08;Santarém;Alpiarça;Alpiarça;ACC;1;14;1404;140401
2023-04;2023;04;Bragança;Miranda do douro;Miranda do Douro;ACC;1;04;0406;040608
2024-08;2024;08;Castelo Branco;Idanha-a-Nova;Ladoeiro;ACC;1;05;0505;050505
2024-08;2024;08;Braga;Vila Nova de Famalicão;Delães;ACC;1;03;0312;031213
2025-04;2025;04;Braga;Fafe;Arões (São Romão);ACC;1;03;0307;030730
2024-08;2024;08;Porto;Paços de Ferreira;Paços de Ferreira;ACC;1;13;1309;130918
2023-08;2023;08;Bragança;Miranda do douro;Miranda do Douro;ACC;1;04;0406;040608
2025-04;2025;04;Beja;Beja;Beja (Salvador e Santa Maria da Feira);ACC;4;02;0205;020520
2024-08;2024;08;Beja;Beja;Beja (Salvador e Santa Maria da Feira);ACC;3;02;0205;020520
2024-08;2024;08;Lisboa;Loures;Santa Iria de Azoia, São João da Talha e Bobadela;ACC;2;11;1107;110728
2024-08;2024;08;Braga;Barcelos;Vila Cova e Feitos;ACC;1;03;0302;0302FH
2025-08;2025;08;Porto;Marco de Canaveses;Bem Viver;ACC;1;13;1307;130734
2025-08;2025;08;Braga;Vila Nova de Famalicão;Delães;ACC;1;03;0312;031213
2025-08;2025;08;Braga;Vila Nova de Famalicão;Requião;ACC;3;03;0312;031233
2025-08;2025;08;Lisboa;Lisboa;Santa Maria Maior;ACC;1;11;1106;110665
2025-08;2025;08;Viana do Castelo;Viana do Castelo;Santa Marta de Portuzelo;ACC;1;16;1609;160928
2025-08;2025;08;Lisboa;Sobral de Monte Agraço;Sobral de Monte Agraço;ACC;1;11;1112;111203
2025-08;2025;08;Lisboa;Oeiras;Carnaxide e Queijas;ACC;2;11;1110;111013
2025-08;2025;08;Lisboa;Cascais;Cascais e Estoril;ACC;1;11;1105;110508
2025-08;2025;08;Portalegre;Nisa;Espírito Santo, Nossa Senhora da Graça e São Simão;ACC;1;12;1212;121212
2025-08;2025;08;Porto;Gondomar;Fânzeres e São Pedro da Cova;ACC;2;13;1304;130413
2025-08;2025;08;Braga;Vila Verde;Vila de Prado;ACC;1;03;0313;031342
2025-08;2025;08;Évora;Estremoz;Estremoz (Santa Maria e Santo André);ACC;1;07;0704;070414
2025-08;2025;08;Lisboa;Odivelas;Póvoa de Santo Adrião e Olival Basto;ACC;1;11;1116;111609
2025-08;2025;08;Santarém;Alpiarça;Alpiarça;ACC;1;14;1404;140401
2025-08;2025;08;Viseu;Moimenta da Beira;Arcozelos;ACC;1;18;1807;180703
2025-08;2025;08;Leiria;Leiria;Caranguejeira;ACC;1;10;1009;100907
2025-08;2025;08;Braga;Braga;Ferreiros e Gondizalves;ACC;1;03;0303;030371
2024-08;2024;08;Porto;Lousada;Figueiras e Covas;ACC;1;13;1305;130529
2025-08;2025;08;Castelo Branco;Fundão;Fundão, Valverde, Donas, A. Joanes, A. Nova do Cabo;ACC;1;05;0504;050434
2025-09;2025;09;Aveiro;Aveiro;Glória e Vera Cruz;ACC;1;01;0105;010517
2025-09;2025;09;Bragança;Bragança;Izeda, Calvelhe e Paradinha Nova;ACC;1;04;0402;040252
2025-09;2025;09;Setúbal;Almada;Laranjeiro e Feijó;ACC;3;15;1503;150315
2025-04;2025;04;Porto;Porto;Lordelo do Ouro e Massarelos;ACC;2;13;1312;131218
2025-09;2025;09;Porto;Vila Nova de Gaia;Mafamude e Vilar do Paraíso;ACC;2;13;1317;131727
2025-04;2025;04;Santarém;Alcanena;Malhou, Louriceira e Espinheiro;ACC;1;14;1402;140212
2025-09;2025;09;Braga;Braga;Merelim (São Paio), Panoias e Parada de Tibães;ACC;1;03;0303;030374
2025-04;2025;04;Braga;Braga;Merelim (São Paio), Panoias e Parada de Tibães;ACC;1;03;0303;030374
2024-08;2024;08;Braga;Braga;Merelim (São Pedro) e Frossos;ACC;1;03;0303;030375
2025-08;2025;08;Braga;Braga;Merelim (São Pedro) e Frossos;ACC;1;03;0303;030375
2025-08;2025;08;Coimbra;Montemor-o-Velho;Montemor-o-Velho e Gatões;ACC;1;06;0610;061016
2025-09;2025;09;Leiria;Leiria;Monte Real e Carvide;ACC;1;10;1009;100935
2024-08;2024;08;Braga;Braga;Nogueira, Fraião e Lamaçães;ACC;1;03;0303;030377
2025-08;2025;08;Braga;Braga;Nogueira, Fraião e Lamaçães;ACC;1;03;0303;030377
2025-04;2025;04;Lisboa;Oeiras;Oeiras e S. Julião da Barra, Paço de Arcos e Caxias;ACC;2;11;1110;111014
2025-09;2025;09;Setúbal;Barreiro;Palhais e Coina;ACC;1;15;1504;150411
2025-04;2025;04;Setúbal;Barreiro;Palhais e Coina;ACC;1;15;1504;150411
2025-04;2025;04;Porto;Vila Nova de Gaia;Pedroso e Seixezelo;ACC;2;13;1317;131728
2025-09;2025;09;Setúbal;Palmela;Poceirão e Marateca;ACC;2;15;1508;150806
2025-09;2025;09;Portalegre;Ponte de Sor;Ponte de Sor, Tramaga e Vale de Açor;ACC;2;12;1213;121308
2025-08;2025;08;Lisboa;Odivelas;Pontinha e Famões;ACC;3;11;1116;111608
2025-09;2025;09;Porto;Póvoa de Varzim;Póvoa de Varzim, Beiriz e Argivai;ACC;1;13;1313;131315
2025-04;2025;04;Viana do Castelo;Melgaço;Prado e Remoães;ACC;1;16;1603;160322
2024-08;2024;08;Lisboa;Sintra;Queluz e Belas;ACC;2;11;1111;111126
2024-08;2024;08;Aveiro;Águeda;Recardães e Espinhel;ACC;1;01;0101;010124
2024-04;2024;04;Braga;Cabeceiras de Basto;Refojos de Basto, Outeiro e Painzela;ACC;1;03;0304;030421
2025-04;2025;04;Braga;Cabeceiras de Basto;Refojos de Basto, Outeiro e Painzela;ACC;1;03;0304;030421
2025-09;2025;09;Braga;Guimarães;Sande Vila Nova e Sande São Clemente;ACC;2;03;0308;030887
2025-08;2025;08;Braga;Guimarães;Sande Vila Nova e Sande São Clemente;ACC;1;03;0308;030887
2025-09;2025;09;Porto;Vila Nova de Gaia;Sandim, Olival, Lever e Crestuma;ACC;1;13;1317;131729
2025-09;2025;09;Lisboa;Loures;Santo Antão e São Julião do Tojal;ACC;3;11;1107;110729
2025-09;2025;09;Viseu;Mangualde;Santiago de Cassurrães e Póvoa de Cervães;ACC;1;18;1806;180621
2025-09;2025;09;Vila Real;Chaves;Santa Cruz/Trindade e Sanjurge;ACC;3;17;1703;170358
2025-08;2025;08;Setúbal;Barreiro;Alto do Seixalinho, Santo André e Verderena;ACC;1;15;1504;150409
2025-04;2025;04;Braga;Guimarães;Serzedo e Calvos;ACC;1;03;0308;030889
2025-08;2025;08;Braga;Guimarães;Serzedo e Calvos;ACC;1;03;0308;030889
2025-09;2025;09;Bragança;Bragança;Sé, Santa Maria e Meixedo;ACC;1;04;0402;040257
2025-09;2025;09;Lisboa;Sintra;S. Maria, S. Miguel, S. Martinho e S. Pedro de Penaferrim;ACC;5;11;1111;111128
2025-09;2025;09;Porto;Vila Nova de Gaia;Santa Marinha e São Pedro da Afurada;ACC;2;13;1317;131730
2025-09;2025;09;Coimbra;Penela;São Miguel, Santa Eufémia e Rabaçal;ACC;1;06;0614;061407
2025-09;2025;09;Leiria;Pombal;Santiago e S. Simão de Litém e Albergaria dos Doze;ACC;2;10;1015;101519
2025-09;2025;09;Faro;Tavira;Tavira (Santa Maria e Santiago);ACC;1;08;0814;081412
2025-04;2025;04;Faro;Tavira;Tavira (Santa Maria e Santiago);ACC;1;08;0814;081412
2024-08;2024;08;Faro;Tavira;Tavira (Santa Maria e Santiago);ACC;1;08;0814;081412
2024-04;2024;04;Santarém;Tomar;São João Baptista e Santa Maria dos Olivais;ACC;1;14;1418;141821
2024-08;2024;08;Santarém;Tomar;São João Baptista e Santa Maria dos Olivais;ACC;2;14;1418;141821
2025-09;2025;09;Viseu;Tondela;Tondela e Nandufe;ACC;2;18;1821;182132
2025-09;2025;09;Viana do Castelo;Viana do Castelo;Santa Maria Maior e Monserrate e Meadela;ACC;1;16;1609;160948
2025-09;2025;09;Viana do Castelo;Vila Nova de Cerveira;Vila Nova de Cerveira e Lovelhe;ACC;1;16;1610;161019
2025-04;2025;04;Porto;Felgueiras;Vila Verde e Santão;ACC;1;13;1303;130341
2025-08;2025;08;Porto;Felgueiras;Vila Verde e Santão;ACC;1;13;1303;130341
2025-09;2025;09;Beja;Serpa;Vila Nova de São Bento e Vale de Vargo;ACC;1;02;0213;021309
2025-09;2025;09;Lisboa;Azambuja;Vale do Paraíso;ACC;1;11;1103;110306
2025-09;2025;09;Porto;Paredes;Vandoma;ACC;1;13;1310;131022
2025-09;2025;09;Lisboa;Amadora;Venteira;ACC;1;11;1115;111517
2025-09;2025;09;Leiria;Pombal;Vermoil;ACC;1;10;1015;101513
2025-04;2025;04;Santarém;Cartaxo;Vila Chã de Ourique;ACC;1;14;1406;140607
2024-08;2024;08;Santarém;Cartaxo;Vila Chã de Ourique;ACC;1;14;1406;140607
2025-08;2025;08;Santarém;Cartaxo;Vila Chã de Ourique;ACC;1;14;1406;140607
2024-08;2024;08;Aveiro;Oliveira de Azeméis;Vila de Cucujães;ACC;1;01;0113;011319
2025-09;2025;09;Castelo Branco;Vila de Rei;Vila de Rei;ACC;1;05;0510;051003
2025-04;2025;04;Castelo Branco;Vila de Rei;Vila de Rei;ACC;1;05;0510;051003
2025-04;2025;04;Porto;Vila do Conde;Vila do Conde;ACC;1;13;1316;131628
2024-08;2024;08;Porto;Vila do Conde;Vila do Conde;ACC;1;13;1316;131628
2025-09;2025;09;Lisboa;Cadaval;Vilar;ACC;1;11;1104;110410
2025-09;2025;09;Porto;Vila do Conde;Vilar de Pinheiro;ACC;1;13;1316;131630
2025-09;2025;09;Braga;Vila Nova de Famalicão;Vilarinho das Cambas;ACC;1;03;0312;031249
2025-09;2025;09;Leiria;Alcobaça;Vimeiro;ACC;1;10;1001;100116
2025-09;2025;09;Bragança;Vinhais;Vinhais;ACC;1;04;0412;041235
2025-04;2025;04;Viseu;Viseu;Viseu;ACC;1;18;1823;182341
2025-04;2025;04;Braga;Braga;Palmeira;CER;1;03;0303;030331
2024-04;2024;04;Porto;Valongo;Ermesinde;ACC;1;13;1315;131503
2024-04;2024;04;Porto;Marco de Canaveses;Marco;ACC;1;13;1307;130736
2024-04;2024;04;Porto;Paços de Ferreira;Carvalhosa;ACC;2;13;1309;130902
2024-04;2024;04;Leiria;Peniche;Peniche;ACC;1;10;1014;101407
2024-04;2024;04;Leiria;Marinha Grande;Marinha Grande;ACC;3;10;1010;101001
2024-04;2024;04;Setúbal;Moita;Moita;ACC;1;15;1506;150603
2024-04;2024;04;Setúbal;Seixal;Corroios;ACC;5;15;1510;151005
2024-08;2024;08;Setúbal;Seixal;Corroios;ACC;6;15;1510;151005
2024-04;2024;04;Coimbra;Figueira da Foz;Buarcos e São Julião;ACC;1;06;0605;060520
2025-04;2025;04;Coimbra;Coimbra;Santo António dos Olivais;ACC;2;06;0603;060318
2024-04;2024;04;Portalegre;Avis;Avis;ACC;1;12;1203;120303
2025-04;2025;04;Portalegre;Avis;Avis;ACC;1;12;1203;120303
2024-08;2024;08;Setúbal;Sesimbra;Quinta do Conde;ACC;1;15;1511;151103
2025-04;2025;04;Aveiro;Santa Maria da Feira;Milheirós de Poiares;ACC;1;01;0109;010914
2024-08;2024;08;Aveiro;Santa Maria da Feira;Milheirós de Poiares;ACC;1;01;0109;010914
2025-04;2025;04;Aveiro;Anadia;Avelãs de Cima;ACC;1;01;0103;010305
2025-08;2025;08;Aveiro;Anadia;Avelãs de Cima;ACC;1;01;0103;010305
2024-08;2024;08;Aveiro;Espinho;Paramos;ACC;1;01;0107;010704
2025-04;2025;04;Leiria;Pombal;Pelariga;ACC;1;10;1015;101508
2025-04;2025;04;Leiria;Pombal;Pombal;ACC;2;10;1015;101509
2025-04;2025;04;Portalegre;Portalegre;Fortios;ACC;1;12;1214;121404
2025-04;2025;04;Santarém;Ourém;Nossa Senhora da Piedade;ACC;1;14;1421;142115
2025-04;2025;04;Santarém;Mação;Envendos;ACC;1;14;1413;141305
2025-04;2025;04;Santarém;Torres Novas;Meia Via;ACC;1;14;1419;141917
2024-08;2024;08;Santarém;Santarém;Pernes;ACC;1;14;1416;141614
2025-04;2025;04;Santarém;Alcanena;Alcanena e Vila Moreira;ACC;1;14;1402;140211
2025-04;2025;04;Castelo Branco;Castelo Branco;Lardosa;ACC;1;05;0502;050211
2025-04;2025;04;Braga;Barcelos;Pousa;ACC;1;03;0302;030261
2025-04;2025;04;Braga;Guimarães;Atães e Rendufe;ACC;1;03;0308;030878
2025-08;2025;08;Braga;Guimarães;Atães e Rendufe;ACC;1;03;0308;030878
2025-04;2025;04;Braga;Guimarães;Costa;ACC;1;03;0308;030812
2025-08;2025;08;Braga;Guimarães;Polvoreira;ACC;2;03;0308;030837
2025-04;2025;04;Lisboa;Lisboa;Parque das Nações;ACC;2;11;1106;110662
2024-08;2024;08;Lisboa;Torres Vedras;Santa Maria, São Pedro e Matacães;ACC;1;11;1113;111326
2025-08;2025;08;Lisboa;Torres Vedras;São Pedro da Cadeira;ACC;2;11;1113;111314
2025-04;2025;04;Porto;Paços de Ferreira;Ferreira;ACC;1;13;1309;130905
2024-08;2024;08;Porto;Paços de Ferreira;Ferreira;ACC;1;13;1309;130905
2025-04;2025;04;Viseu;Viseu;Abraveses;ACC;1;18;1823;182301
2025-08;2025;08;Vila Real;Vila Real;Folhadela;ACC;1;17;1714;171409
2025-04;2025;04;Viana do Castelo;Viana do Castelo;São Romão de Neiva;ACC;1;16;1609;160923
2025-04;2025;04;Viana do Castelo;Monção;Trute;ACC;1;16;1604;160431
2025-08;2025;08;Viana do Castelo;Monção;Trute;ACC;1;16;1604;160431
2025-08;2025;08;Lisboa;Amadora;Águas Livres;ACC;1;11;1115;111513
2025-08;2025;08;Lisboa;Lisboa;Estrela;ACC;1;11;1106;110660
2025-08;2025;08;Porto;Vila do Conde;Macieira da Maia;ACC;1;13;1316;131614
2025-08;2025;08;Braga;Guimarães;Sande (São Martinho);ACC;1;03;0308;030858
2025-04;2025;04;Coimbra;Penacova;Penacova;ACC;1;06;0613;061307
2025-04;2025;04;Guarda;Sabugal;Souto;ACC;1;09;0911;091134
2025-08;2025;08;Évora;Arraiolos;Arraiolos;ACC;1;07;0702;070201
2025-08;2025;08;Portalegre;Portalegre;Fortios;ACC;1;12;1214;121404
2025-08;2025;08;Leiria;Marinha Grande;Marinha Grande;ACC;3;10;1010;101001
2025-08;2025;08;Aveiro;Santa Maria da Feira;Milheirós de Poiares;ACC;1;01;0109;010914
2025-01;2025;01;Aveiro;Espinho;Paramos;ACC;1;01;0107;010704
2025-08;2025;08;Faro;Tavira;Luz de Tavira e Santo Estêvão;ACC;1;08;0814;081411
2025-08;2025;08;Setúbal;Palmela;Poceirão e Marateca;ACC;1;15;1508;150806
2025-08;2025;08;Porto;Vila Nova de Gaia;Serzedo e Perosinho;ACC;1;13;1317;131731
2025-08;2025;08;Leiria;Pombal;Santiago e S. Simão de Litém e Albergaria dos Doze;ACC;1;10;1015;101519
2025-01;2025;01;Leiria;Batalha;Batalha;ACC;1;10;1004;100401
2025-02;2025;02;Santarém;Mação;Envendos;ACC;1;14;1413;141305
2025-01;2025;01;Aveiro;Aveiro;Esgueira;ACC;1;01;0105;010505
2023-02;2023;02;Santarém;Ourém;Nossa Senhora da Piedade;ACC;1;14;1421;142115
2023-01;2023;01;Santarém;Ourém;Nossa Senhora da Piedade;ACC;1;14;1421;142115
2025-02;2025;02;Coimbra;Penacova;Penacova;ACC;1;06;0613;061307
2025-01;2025;01;Coimbra;Penacova;Penacova;ACC;1;06;0613;061307
2024-02;2024;02;Setúbal;Setúbal;S. Julião, N. S. da Anunciada e S. Maria da Graça;ACC;1;15;1512;151210
2025-01;2025;01;Viseu;Tondela;Guardão;ACC;1;18;1821;182108
2025-01;2025;01;Lisboa;Lisboa;Lumiar;ACC;2;11;1106;110618
2024-02;2024;02;Setúbal;Almada;Laranjeiro e Feijó;ACC;1;15;1503;150315
2025-02;2025;02;Setúbal;Seixal;Fernão Ferro;ACC;1;15;1510;151006
2025-01;2025;01;Lisboa;Lisboa;Estrela;ACC;1;11;1106;110660
2025-02;2025;02;Lisboa;Amadora;Falagueira-Venda Nova;ACC;1;11;1115;111515
2025-02;2025;02;Braga;Guimarães;Lordelo;ACC;1;03;0308;030828
2025-02;2025;02;Porto;Vila do Conde;Macieira da Maia;ACC;1;13;1316;131614
2024-01;2024;01;Braga;Barcelos;Pousa;ACC;1;03;0302;030261
2025-01;2025;01;Braga;Guimarães;Sande (São Martinho);ACC;1;03;0308;030858
2025-01;2025;01;Braga;Barcelos;Areias de Vilar e Encourados;ACC;1;03;0302;030292
2025-01;2025;01;Braga;Guimarães;Oliveira, São Paio e São Sebastião;ACC;2;03;0308;030884
2025-02;2025;02;Porto;Vila Nova de Gaia;Mafamude e Vilar do Paraíso;ACC;2;13;1317;131727
2025-02;2025;02;Vila Real;Peso da Régua;Poiares e Canelas;ACC;1;17;1708;170816
2025-01;2025;01;Santarém;Torres Novas;Meia Via;ACC;1;14;1419;141917
2025-01;2025;01;Lisboa;Torres Vedras;Santa Maria, São Pedro e Matacães;ACC;1;11;1113;111326
2025-01;2025;01;Porto;Póvoa de Varzim;Aguçadoura e Navais;ACC;1;13;1313;131314
2025-01;2025;01;Porto;Lousada;Figueiras e Covas;ACC;1;13;1305;130529
2025-07;2025;07;Setúbal;Seixal;Fernão Ferro;ACC;2;15;1510;151006
2025-07;2025;07;Castelo Branco;Fundão;Fundão, Valverde, Donas, A. Joanes, A. Nova do Cabo;ACC;1;05;0504;050434
2025-01;2025;01;Setúbal;Almada;Laranjeiro e Feijó;ACC;3;15;1503;150315
2025-02;2025;02;Santarém;Alcanena;Malhou, Louriceira e Espinheiro;ACC;1;14;1402;140212
2025-01;2025;01;Setúbal;Montijo;Montijo e Afonsoeiro;ACC;1;15;1507;150710
2024-07;2024;07;Setúbal;Montijo;Montijo e Afonsoeiro;ACC;1;15;1507;150710
2025-02;2025;02;Évora;Évora;N. S. da Tourega e N. S. de Guadalupe;ACC;1;07;0705;070525
2025-01;2025;01;Évora;Évora;N. S. da Tourega e N. S. de Guadalupe;ACC;1;07;0705;070525
2025-02;2025;02;Setúbal;Palmela;Poceirão e Marateca;ACC;1;15;1508;150806
2025-01;2025;01;Setúbal;Palmela;Poceirão e Marateca;ACC;1;15;1508;150806
2025-07;2025;07;Setúbal;Palmela;Poceirão e Marateca;ACC;1;15;1508;150806
2025-01;2025;01;Lisboa;Odivelas;Pontinha e Famões;ACC;2;11;1116;111608
2025-02;2025;02;Aveiro;Águeda;Recardães e Espinhel;ACC;1;01;0101;010124
2024-07;2024;07;Portalegre;Portalegre;Ribeira de Nisa e Carreiras;ACC;1;12;1214;121413
2025-07;2025;07;Santarém;Santarém;Romeira e Várzea;ACC;1;14;1416;141632
2025-02;2025;02;Coimbra;Coimbra;Santa Clara e Castelo Viegas;ACC;1;06;0603;060336
2025-02;2025;02;Porto;Santo Tirso;St. Tirso, Couto (S. Cristina e S. Miguel) e Burgães;ACC;2;13;1314;131437
2025-02;2025;02;Braga;Guimarães;Serzedo e Calvos;ACC;1;03;0308;030889
2025-02;2025;02;Lisboa;Sintra;S. Maria, S. Miguel, S. Martinho e S. Pedro de Penaferrim;ACC;1;11;1111;111128
2025-01;2025;01;Coimbra;Coimbra;São Martinho do Bispo e Ribeira de Frades;ACC;1;06;0603;060338
2025-07;2025;07;Coimbra;Coimbra;São Martinho do Bispo e Ribeira de Frades;ACC;1;06;0603;060338
2025-07;2025;07;Aveiro;Oliveira de Azeméis;Vila de Cucujães;ACC;1;01;0113;011319
2025-02;2025;02;Vila Real;Vila Real;Vila Real;ACC;1;17;1714;171438
2024-07;2024;07;Faro;Vila Real de Santo António;Vila Real de Santo António;ACC;1;08;0816;081602
2025-07;2025;07;Braga;Vila Nova de Famalicão;Vilarinho das Cambas;ACC;1;03;0312;031249
2025-01;2025;01;Santarém;Almeirim;Almeirim;ACC;1;14;1403;140301
2025-07;2025;07;Braga;Guimarães;Atães e Rendufe;ACC;1;03;0308;030878
2024-07;2024;07;Braga;Braga;Ferreiros e Gondizalves;ACC;1;03;0303;030371
2025-07;2025;07;Braga;Braga;Nogueira, Fraião e Lamaçães;ACC;1;03;0303;030377
2024-07;2024;07;Lisboa;Cadaval;Vilar;ACC;1;11;1104;110410
2025-07;2025;07;Viseu;Viseu;Abraveses;ACC;1;18;1823;182301
2025-07;2025;07;Leiria;Batalha;Batalha;ACC;1;10;1004;100401
2025-07;2025;07;Coimbra;Montemor-o-Velho;Carapinheira;ACC;1;06;0610;061003
2025-07;2025;07;Aveiro;Oliveira de Azeméis;Pinheiro da Bemposta, Travanca e Palmaz;ACC;1;01;0113;011322
2025-07;2025;07;Viana do Castelo;Melgaço;Prado e Remoães;ACC;1;16;1603;160322
2025-07;2025;07;Bragança;Bragança;Sé, Santa Maria e Meixedo;ACC;1;04;0402;040257
2025-07;2025;07;Braga;Vila Nova de Famalicão;Vale (São Martinho);ACC;1;03;0312;031241
2024-06;2024;06;Portalegre;Avis;Avis;ACC;1;12;1203;120303
2025-07;2025;07;Braga;Barcelos;Manhente;ACC;1;03;0302;030245
2025-07;2025;07;Leiria;Pombal;Pelariga;ACC;1;10;1015;101508
2024-07;2024;07;Coimbra;Penacova;Penacova;ACC;1;06;0613;061307
2025-07;2025;07;Santarém;Santarém;Pernes;ACC;1;14;1416;141614
2024-07;2024;07;Braga;Guimarães;Polvoreira;ACC;2;03;0308;030837
2024-07;2024;07;Lisboa;Torres Vedras;Ponte do Rol;ACC;1;11;1113;111310
2025-07;2025;07;Braga;Barcelos;Pousa;ACC;1;03;0302;030261
2024-07;2024;07;Porto;Porto;Ramalde;ACC;1;13;1312;131211
2024-07;2024;07;Lisboa;Torres Vedras;Santa Maria, São Pedro e Matacães;ACC;1;11;1113;111326
2025-07;2025;07;Lisboa;Lisboa;São Domingos de Benfica;ACC;2;11;1106;110639
2025-08;2025;08;Aveiro;Ovar;Esmoriz;ACC;1;01;0115;011503
2025-08;2025;08;Santarém;Rio Maior;Fráguas;ACC;1;14;1414;141405
2025-02;2025;02;Aveiro;Santa Maria da Feira;Paços de Brandão;ACC;1;01;0109;010919
2025-01;2025;01;Aveiro;Santa Maria da Feira;Paços de Brandão;ACC;1;01;0109;010919
2024-07;2024;07;Aveiro;Santa Maria da Feira;Paços de Brandão;ACC;1;01;0109;010919
2025-07;2025;07;Aveiro;Santa Maria da Feira;Paços de Brandão;ACC;1;01;0109;010919
2025-08;2025;08;Faro;Portimão;Portimão;ACC;1;08;0811;081103
2024-07;2024;07;Aveiro;Santa Maria da Feira;Santa Maria de Lamas;ACC;1;01;0109;010925
2025-02;2025;02;Santarém;Alpiarça;Alpiarça;ACC;1;14;1404;140401
2025-02;2025;02;Aveiro;Santa Maria da Feira;Arrifana;ACC;1;01;0109;010902
2024-07;2024;07;Aveiro;Santa Maria da Feira;Arrifana;ACC;1;01;0109;010902
2025-01;2025;01;Guarda;Guarda;Arrifana;ACC;1;09;0907;090706
2025-07;2025;07;Guarda;Guarda;Arrifana;ACC;1;09;0907;090706
2025-07;2025;07;Aveiro;Santa Maria da Feira;Santa Maria da Feira, Travanca, Sanfins e Espargo;ACC;1;01;0109;010935
2025-02;2025;02;Lisboa;Odivelas;Póvoa de Santo Adrião e Olival Basto;ACC;1;11;1116;111609
2024-07;2024;07;Braga;Vila Nova de Famalicão;Vila Nova de Famalicão e Calendário;ACC;3;03;0312;031260
2024-02;2024;02;Faro;Silves;São Bartolomeu de Messines;ACC;1;08;0813;081305
2025-07;2025;07;Faro;Silves;São Bartolomeu de Messines;ACC;1;08;0813;081305
2024-07;2024;07;Braga;Braga;Adaúfe;ACC;2;03;0303;030301
2025-02;2025;02;Aveiro;Albergaria-a-Velha;Albergaria-a-Velha e Valmaior;ACC;1;01;0102;010209
2024-07;2024;07;Faro;Aljezur;Bordeira;ACC;1;08;0803;080302
2025-07;2025;07;Faro;Aljezur;Bordeira;ACC;1;08;0803;080302
2024-07;2024;07;Santarém;Salvaterra de Magos;Muge;ACC;1;14;1415;141503
2025-02;2025;02;Coimbra;Coimbra;Assafarge e Antanhol;ACC;1;06;0603;060333
2025-02;2025;02;Setúbal;Setúbal;Azeitão (São Lourenço e São Simão);ACC;1;15;1512;151209
2025-01;2025;01;Lisboa;Cascais;Alcabideche;ACC;1;11;1105;110501
2025-01;2025;01;Lisboa;Amadora;Alfragide;ACC;2;11;1115;111512
2025-02;2025;02;Lisboa;Lisboa;Beato;ACC;2;11;1106;110607
2024-07;2024;07;Braga;Vila Nova de Famalicão;Delães;ACC;1;03;0312;031213
2025-02;2025;02;Porto;Paços de Ferreira;Frazão Arreigada;ACC;1;13;1309;130917
2025-07;2025;07;Porto;Vila do Conde;Guilhabreu;ACC;1;13;1316;131611
2024-02;2024;02;Bragança;Mirandela;Mascarenhas;ACC;1;04;0407;040720
2025-02;2025;02;Lisboa;Lisboa;Misericórdia;ACC;2;11;1106;110661
2024-07;2024;07;Porto;Paredes;Paredes;ACC;1;13;1310;131025
2024-07;2024;07;Braga;Vila Nova de Famalicão;Requião;ACC;1;03;0312;031233
2025-07;2025;07;Vila Real;Vila Pouca de Aguiar;Sabroso de Aguiar;ACC;1;17;1713;171317
2025-07;2025;07;Viana do Castelo;Viana do Castelo;Santa Marta de Portuzelo;ACC;1;16;1609;160928
2025-02;2025;02;Porto;Vila Nova de Gaia;São Félix da Marinha;ACC;1;13;1317;131717
2025-01;2025;01;Lisboa;Sobral de Monte Agraço;Sobral de Monte Agraço;ACC;1;11;1112;111203
2025-02;2025;02;Lisboa;Oeiras;Algés, Linda-a-Velha e Cruz Quebrada-Dafundo;ACC;2;11;1110;111012
2025-01;2025;01;Lisboa;Loures;Santa Iria de Azoia, São João da Talha e Bobadela;ACC;2;11;1107;110728
2024-07;2024;07;Lisboa;Loures;Santa Iria de Azoia, São João da Talha e Bobadela;ACC;2;11;1107;110728
2025-07;2025;07;Porto;Porto;Cedofeita, Ildefonso, Sé, Miragaia, Nicolau, Vitória;ACC;1;13;1312;131217
2025-07;2025;07;Porto;Gondomar;Fânzeres e São Pedro da Cova;ACC;2;13;1304;130413
2025-02;2025;02;Braga;Barcelos;Arcozelo;ACC;1;03;0302;030209
2025-02;2025;02;Lisboa;Alenquer;Aldeia Galega da Merceana e Aldeia Gavinha;ACC;1;11;1101;110118
2025-02;2025;02;Braga;Esposende;Esposende, Marinhas e Gandra;ACC;3;03;0306;030618
2024-01;2024;01;Braga;Esposende;Esposende, Marinhas e Gandra;ACC;1;03;0306;030618
2025-02;2025;02;Braga;Vila Verde;Esqueiros, Nevogilde e Travassós;ACC;1;03;0313;031363
2025-01;2025;01;Braga;Vila Verde;Turiz;ACC;1;03;0313;031354
2025-01;2025;01;Coimbra;Góis;Alvares;ACC;1;06;0606;060601
2025-01;2025;01;Coimbra;Cantanhede;Febres;ACC;1;06;0602;060207
2024-07;2024;07;Coimbra;Cantanhede;Febres;ACC;1;06;0602;060207
2025-07;2025;07;Braga;Vila Verde;Gême;ACC;1;03;0313;031317
2025-07;2025;07;Porto;Vila do Conde;Árvore;ACC;2;13;1316;131602
2024-07;2024;07;Portalegre;Elvas;Assunção, Ajuda, Salvador e Santo Ildefonso;ACC;1;12;1207;120712
2024-07;2024;07;Braga;Vila Nova de Famalicão;Joane;ACC;1;03;0312;031219
2025-02;2025;02;Braga;Barcelos;Várzea;ACC;1;03;0302;030283
2025-02;2025;02;Porto;Paredes;Vilela;ACC;1;13;1310;131024
2025-01;2025;01;Aveiro;Santa Maria da Feira;Argoncilhe;ACC;3;01;0109;010901
2025-07;2025;07;Lisboa;Sintra;Algueirão-Mem Martins;ACC;1;11;1111;111102
2025-07;2025;07;Leiria;Alcobaça;Aljubarrota;ACC;1;10;1001;100120
2025-07;2025;07;Braga;Barcelos;Barcelos, V. Boa, V. Frescainha;ACC;2;03;0302;030293
2025-07;2025;07;Lisboa;Vila Franca de Xira;Castanheira do Ribatejo e Cachoeiras;ACC;1;11;1114;111414
2025-07;2025;07;Porto;Vila Nova de Gaia;São Félix da Marinha;ACC;1;13;1317;131717
2025-07;2025;07;Lisboa;Sobral de Monte Agraço;Sobral de Monte Agraço;ACC;1;11;1112;111203
2025-07;2025;07;Coimbra;Góis;Alvares;ACC;1;06;0606;060601
2025-07;2025;07;Aveiro;Santa Maria da Feira;Romariz;ACC;1;01;0109;010922
2025-06;2025;06;Beja;Aljustrel;São João de Negrilhos;ACC;1;02;0201;020104
2024-06;2024;06;Bragança;Mirandela;Mascarenhas;ACC;1;04;0407;040720
2024-06;2024;06;Bragança;Miranda do douro;Miranda do Douro;ACC;1;04;0406;040608
2024-06;2024;06;Braga;Braga;Palmeira;CER;1;03;0303;030331
2025-06;2025;06;Leiria;Pombal;Pombal;ACC;2;10;1015;101509
2024-06;2024;06;Aveiro;Águeda;Recardães e Espinhel;ACC;1;01;0101;010124
2024-05;2024;05;Porto;Felgueiras;Vila Verde e Santão;ACC;1;13;1303;130341
2025-06;2025;06;Lisboa;Sintra;Algueirão-Mem Martins;ACC;1;11;1111;111102
2025-06;2025;06;Faro;Loulé;Loulé (São Clemente);ACC;1;08;0808;080808
2025-06;2025;06;Porto;Vila do Conde;Macieira da Maia;ACC;1;13;1316;131614
2025-06;2025;06;Porto;Paços de Ferreira;Paços de Ferreira;ACC;1;13;1309;130918
2025-06;2025;06;Setúbal;Palmela;Palmela;ACC;2;15;1508;150802
2025-06;2025;06;Leiria;Peniche;Peniche;ACC;1;10;1014;101407
2025-05;2025;05;Leiria;Peniche;Peniche;ACC;1;10;1014;101407
2025-06;2025;06;Braga;Póvoa de Lanhoso;Póvoa de Lanhoso (Nossa Senhora do Amparo);ACC;1;03;0309;030919
2025-06;2025;06;Setúbal;Santiago do Cacém;Santo André;ACC;1;15;1509;150907
2025-06;2025;06;Braga;Guimarães;Sande Vila Nova e Sande São Clemente;ACC;1;03;0308;030887
2024-03;2024;03;Braga;Guimarães;Sande Vila Nova e Sande São Clemente;ACC;1;03;0308;030887
2025-06;2025;06;Aveiro;Águeda;Trofa, Segadães e Lamas do Vouga;ACC;1;01;0101;010126
2025-06;2025;06;Porto;Vila do Conde;Vilar de Pinheiro;ACC;1;13;1316;131630
2025-06;2025;06;Faro;Vila Real de Santo António;Vila Real de Santo António;ACC;1;08;0816;081602
2023-05;2023;05;Santarém;Ourém;Nossa Senhora da Piedade;ACC;1;14;1421;142115
2024-05;2024;05;Lisboa;Cascais;Alcabideche;ACC;1;11;1105;110501
2024-05;2024;05;Lisboa;Lisboa;Avenidas Novas;ACC;1;11;1106;110657
2024-05;2024;05;Leiria;Batalha;Batalha;ACC;1;10;1004;100401
2025-03;2025;03;Leiria;Batalha;Batalha;ACC;1;10;1004;100401
2024-06;2024;06;Coimbra;Penacova;Figueira de Lorvão;ACC;1;06;0613;061302
2024-06;2024;06;Braga;Vila Verde;Gême;ACC;1;03;0313;031317
2025-05;2025;05;Braga;Vila Nova de Famalicão;Joane;ACC;1;03;0312;031219
2024-05;2024;05;Braga;Guimarães;Atães e Rendufe;ACC;1;03;0308;030878
2024-06;2024;06;Lisboa;Loures;Santa Iria de Azoia, São João da Talha e Bobadela;ACC;2;11;1107;110728
2024-03;2024;03;Lisboa;Loures;Santa Iria de Azoia, São João da Talha e Bobadela;ACC;1;11;1107;110728
2025-06;2025;06;Braga;Barcelos;Barcelos, V. Boa, V. Frescainha;ACC;2;03;0302;030293
2024-03;2024;03;Braga;Barcelos;Barcelos, V. Boa, V. Frescainha;ACC;1;03;0302;030293
2024-06;2024;06;Setúbal;Moita;Baixa da Banheira e Vale da Amoreira;ACC;1;15;1506;150607
2025-06;2025;06;Setúbal;Almada;Charneca de Caparica e Sobreda;ACC;3;15;1503;150314
2025-06;2025;06;Leiria;Figueiró dos Vinhos;Figueiró dos Vinhos e Bairradas;ACC;1;10;1008;100806
2025-05;2025;05;Leiria;Figueiró dos Vinhos;Figueiró dos Vinhos e Bairradas;ACC;1;10;1008;100806
2024-06;2024;06;Porto;Porto;Lordelo do Ouro e Massarelos;ACC;1;13;1312;131218
2025-05;2025;05;Porto;Porto;Lordelo do Ouro e Massarelos;ACC;2;13;1312;131218
2025-03;2025;03;Leiria;Alcobaça;Aljubarrota;ACC;1;10;1001;100120
2025-05;2025;05;Évora;Arraiolos;Arraiolos;ACC;1;07;0702;070201
2025-05;2025;05;Porto;Vila do Conde;Aveleda;ACC;1;13;1316;131603
2025-06;2025;06;Porto;Paços de Ferreira;Frazão Arreigada;ACC;1;13;1309;130917
2025-06;2025;06;Lisboa;Vila Franca de Xira;Alverca do Ribatejo e Sobralinho;ACC;2;11;1114;111413
2025-05;2025;05;Lisboa;Vila Franca de Xira;Alverca do Ribatejo e Sobralinho;ACC;2;11;1114;111413
2025-06;2025;06;Aveiro;Santa Maria da Feira;Canedo, Vale e Vila Maior;ACC;1;01;0109;010933
2025-06;2025;06;Lisboa;Vila Franca de Xira;Castanheira do Ribatejo e Cachoeiras;ACC;1;11;1114;111414
2025-06;2025;06;Setúbal;Palmela;Poceirão e Marateca;ACC;1;15;1508;150806
2024-05;2024;05;Santarém;Cartaxo;Vila Chã de Ourique;ACC;1;14;1406;140607
2025-05;2025;05;Portalegre;Avis;Avis;ACC;1;12;1203;120303
2025-05;2025;05;Leiria;Leiria;Caranguejeira;ACC;1;10;1009;100907
2025-05;2025;05;Porto;Valongo;Ermesinde;ACC;3;13;1315;131503
2025-05;2025;05;Coimbra;Cantanhede;Febres;ACC;1;06;0602;060207
2024-03;2024;03;Braga;Barcelos;Pousa;ACC;1;03;0302;030261
2025-05;2025;05;Lisboa;Sintra;Rio de Mouro;ACC;3;11;1111;111108
2025-05;2025;05;Braga;Vila Verde;Esqueiros, Nevogilde e Travassós;ACC;1;03;0313;031363
2025-05;2025;05;Porto;Matosinhos;Perafita, Lavra e Santa Cruz do Bispo;ACC;1;13;1308;130813
2024-03;2024;03;Braga;Vila Nova de Famalicão;Vila Nova de Famalicão e Calendário;ACC;2;03;0312;031260
2024-03;2024;03;Braga;Vila Nova de Famalicão;Requião;ACC;1;03;0312;031233
2025-03;2025;03;Aveiro;Santa Maria da Feira;Arrifana;ACC;1;01;0109;010902
2025-03;2025;03;Portalegre;Elvas;Assunção, Ajuda, Salvador e Santo Ildefonso;ACC;1;12;1207;120712
2025-05;2025;05;Braga;Cabeceiras de Basto;Refojos de Basto, Outeiro e Painzela;ACC;1;03;0304;030421
2025-03;2025;03;Aveiro;Albergaria-a-Velha;Albergaria-a-Velha e Valmaior;ACC;1;01;0102;010209
2025-03;2025;03;Braga;Barcelos;Macieira de Rates;ACC;1;03;0302;030244
2025-05;2025;05;Leiria;Caldas da Rainha;Nadadouro;ACC;1;10;1006;100608
2025-03;2025;03;Évora;Évora;São Bento do Mato;ACC;1;07;0705;070506
2025-03;2025;03;Braga;Barcelos;Manhente;ACC;1;03;0302;030245
2025-03;2025;03;Bragança;Mirandela;Mascarenhas;ACC;1;04;0407;040720
2025-03;2025;03;Porto;Paredes;Paredes;ACC;1;13;1310;131025
2025-03;2025;03;Leiria;Pombal;Pombal;ACC;2;10;1015;101509
2025-03;2025;03;Setúbal;Almada;Charneca de Caparica e Sobreda;ACC;3;15;1503;150314
2025-03;2025;03;Braga;Braga;Ferreiros e Gondizalves;ACC;1;03;0303;030371
2025-03;2025;03;Lisboa;Sintra;Queluz e Belas;ACC;2;11;1111;111126
2025-03;2025;03;Portalegre;Portalegre;Ribeira de Nisa e Carreiras;ACC;1;12;1214;121413
2025-03;2025;03;Bragança;Bragança;Sé, Santa Maria e Meixedo;ACC;1;04;0402;040257
2025-03;2025;03;Aveiro;Águeda;Trofa, Segadães e Lamas do Vouga;ACC;1;01;0101;010126
2025-03;2025;03;Braga;Guimarães;Brito;ACC;2;03;0308;030807
2025-03;2025;03;Coimbra;Montemor-o-Velho;Carapinheira;ACC;1;06;0610;061003
2025-03;2025;03;Faro;Loulé;Loulé (São Sebastião);ACC;1;08;0808;080809
2025-03;2025;03;Porto;Porto;Paranhos;ACC;1;13;1312;131210
2025-03;2025;03;Portalegre;Nisa;Espírito Santo, Nossa Senhora da Graça e São Simão;ACC;1;12;1212;121212
2025-03;2025;03;Coimbra;Montemor-o-Velho;Montemor-o-Velho e Gatões;ACC;1;06;0610;061016
2025-03;2025;03;Vila Real;Vila Real;Vila Real;ACC;1;17;1714;171438
2025-05;2025;05;Viana do Castelo;Viana do Castelo;São Romão de Neiva;ACC;1;16;1609;160923
2024-03;2024;03;Viana do Castelo;Viana do Castelo;São Romão de Neiva;ACC;1;16;1609;160923
2025-07;2025;07;Lisboa;Amadora;Águas Livres;ACC;1;11;1115;111513
2025-03;2025;03;Lisboa;Amadora;Águas Livres;ACC;1;11;1115;111513
2024-05;2024;05;Viseu;Tondela;Guardão;ACC;1;18;1821;182108
2025-03;2025;03;Porto;Marco de Canaveses;Marco;ACC;2;13;1307;130736
2025-03;2025;03;Aveiro;Aveiro;Requeixo, Nossa Senhora de Fátima e Nariz;ACC;1;01;0105;010516
2024-06;2024;06;Porto;Póvoa de Varzim;Aguçadoura e Navais;ACC;1;13;1313;131314
2025-05;2025;05;Castelo Branco;Fundão;Fundão, Valverde, Donas, A. Joanes, A. Nova do Cabo;ACC;1;05;0504;050434
2024-06;2024;06;Lisboa;Loures;Sacavém e Prior Velho;ACC;2;11;1107;110727
2025-05;2025;05;Braga;Fafe;Arões (São Romão);ACC;1;03;0307;030730
2025-05;2025;05;Lisboa;Lisboa;Belém;ACC;1;11;1106;110658
2025-06;2025;06;Coimbra;Figueira da Foz;Buarcos e São Julião;ACC;1;06;0605;060520
2025-05;2025;05;Braga;Guimarães;Ponte;ACC;1;03;0308;030838
2025-06;2025;06;Évora;Borba;Rio de Moinhos;ACC;1;07;0703;070303
2025-05;2025;05;Évora;Borba;Rio de Moinhos;ACC;1;07;0703;070303
2025-06;2025;06;Lisboa;Torres Vedras;São Pedro da Cadeira;ACC;2;11;1113;111314
2025-03;2025;03;Braga;Guimarães;Selho (São Jorge);ACC;2;03;0308;030854
2025-06;2025;06;Braga;Braga;Sequeira;ACC;1;03;0303;030354
2025-06;2025;06;Vila Real;Chaves;Santa Cruz/Trindade e Sanjurge;ACC;1;17;1703;170358
2025-05;2025;05;Vila Real;Chaves;Santa Cruz/Trindade e Sanjurge;ACC;1;17;1703;170358
2024-05;2024;05;Coimbra;Coimbra;Santo António dos Olivais;ACC;1;06;0603;060318
2024-03;2024;03;Santarém;Alcanena;Alcanena e Vila Moreira;ACC;1;14;1402;140211
2025-05;2025;05;Porto;Paços de Ferreira;Carvalhosa;ACC;3;13;1309;130902
2025-06;2025;06;Portalegre;Portalegre;Fortios;ACC;1;12;1214;121404
2024-06;2024;06;Braga;Barcelos;Areias de Vilar e Encourados;ACC;1;03;0302;030292
2024-03;2024;03;Setúbal;Almada;Laranjeiro e Feijó;ACC;2;15;1503;150315
2025-03;2025;03;Setúbal;Almada;Laranjeiro e Feijó;ACC;3;15;1503;150315
2025-03;2025;03;Évora;Montemor-o-Novo;N. S. da Vila, N. S. do Bispo e Silveiras;ACC;1;07;0706;070612
2025-06;2025;06;Coimbra;Figueira da Foz;Alqueidão;ACC;1;06;0605;060502
2025-06;2025;06;Faro;Portimão;Alvor;ACC;1;08;0811;081101
2025-05;2025;05;Faro;Portimão;Alvor;ACC;1;08;0811;081101
2025-06;2025;06;Porto;Gondomar;Gondomar (São Cosme), Valbom e Jovim;ACC;1;13;1304;130415
2025-05;2025;05;Leiria;Leiria;Monte Real e Carvide;ACC;1;10;1009;100935
2025-06;2025;06;Évora;Évora;N. S. da Tourega e N. S. de Guadalupe;ACC;1;07;0705;070525
2025-03;2025;03;Lisboa;Oeiras;Oeiras e S. Julião da Barra, Paço de Arcos e Caxias;ACC;1;11;1110;111014
2025-05;2025;05;Leiria;Caldas da Rainha;Alvorninha;ACC;1;10;1006;100602
2024-03;2024;03;Leiria;Pombal;Carriço;ACC;1;10;1015;101505
2024-05;2024;05;Santarém;Tomar;São João Baptista e Santa Maria dos Olivais;ACC;1;14;1418;141821
2024-03;2024;03;Santarém;Tomar;São João Baptista e Santa Maria dos Olivais;ACC;1;14;1418;141821
2025-05;2025;05;Lisboa;Azambuja;Azambuja;ACC;1;11;1103;110304
2025-03;2025;03;Lisboa;Oeiras;Barcarena;ACC;2;11;1110;111002
2025-03;2025;03;Aveiro;Aveiro;Eixo e Eirol;ACC;1;01;0105;010515
2025-03;2025;03;Setúbal;Seixal;Fernão Ferro;ACC;2;15;1510;151006
2024-04;2024;04;Bragança;Miranda do douro;Miranda do Douro;ACC;1;04;0406;040608
2024-09;2024;09;Vila Real;Vila Real;Folhadela;ACC;1;17;1714;171409
2024-09;2024;09;Faro;Loulé;Loulé (São Sebastião);ACC;1;08;0808;080809
2025-04;2025;04;Faro;Loulé;Loulé (São Sebastião);ACC;1;08;0808;080809
2024-08;2024;08;Porto;Porto;Paranhos;ACC;1;13;1312;131210
2025-04;2025;04;Leiria;Peniche;Peniche;ACC;1;10;1014;101407
2024-08;2024;08;Braga;Guimarães;Sande (São Martinho);ACC;1;03;0308;030858
2025-04;2025;04;Braga;Guimarães;Selho (São Jorge);ACC;2;03;0308;030854
2024-04;2024;04;Braga;Barcelos;Areias de Vilar e Encourados;ACC;1;03;0302;030292
2025-04;2025;04;Porto;Gondomar;Gondomar (São Cosme), Valbom e Jovim;ACC;1;13;1304;130415
2024-09;2024;09;Porto;Felgueiras;Margaride, Várzea, Lagares, Varziela e Moure;ACC;1;13;1303;130335
2024-09;2024;09;Braga;Braga;Merelim (São Pedro) e Frossos;ACC;1;03;0303;030375
2024-09;2024;09;Viseu;Tondela;Guardão;ACC;1;18;1821;182108
2024-04;2024;04;Viseu;Tondela;Guardão;ACC;1;18;1821;182108
2024-09;2024;09;Braga;Braga;Palmeira;ACC;1;03;0303;030331
2023-08;2023;08;Braga;Braga;Palmeira;CER;1;03;0303;030331
2024-09;2024;09;Portalegre;Portalegre;Fortios;ACC;1;12;1214;121404
2024-08;2024;08;Portalegre;Portalegre;Fortios;ACC;1;12;1214;121404
2024-08;2024;08;Braga;Póvoa de Lanhoso;Póvoa de Lanhoso (Nossa Senhora do Amparo);ACC;1;03;0309;030919
2025-04;2025;04;Setúbal;Santiago do Cacém;Santo André;ACC;1;15;1509;150907
2024-08;2024;08;Setúbal;Santiago do Cacém;Santo André;ACC;1;15;1509;150907
2024-08;2024;08;Porto;Vila Nova de Gaia;São Félix da Marinha;ACC;1;13;1317;131717
2025-04;2025;04;Braga;Vila Verde;Turiz;ACC;1;03;0313;031354
2025-04;2025;04;Lisboa;Loures;Camarate, Unhos e Apelação;ACC;1;11;1107;110731
2024-09;2024;09;Setúbal;Almada;Charneca de Caparica e Sobreda;ACC;2;15;1503;150314
2024-04;2024;04;Setúbal;Almada;Charneca de Caparica e Sobreda;ACC;1;15;1503;150314
2025-04;2025;04;Portalegre;Ponte de Sor;Ponte de Sor, Tramaga e Vale de Açor;ACC;2;12;1213;121308
2025-04;2025;04;Aveiro;Águeda;Trofa, Segadães e Lamas do Vouga;ACC;1;01;0101;010126
2024-09;2024;09;Braga;Barcelos;Várzea;ACC;1;03;0302;030283
2024-04;2024;04;Braga;Vila Verde;Vila de Prado;ACC;1;03;0313;031342
2025-04;2025;04;Porto;Santo Tirso;Água Longa;ACC;1;13;1314;131402
2024-08;2024;08;Porto;Santo Tirso;Água Longa;ACC;1;13;1314;131402
2024-04;2024;04;Santarém;Rio Maior;Alcobertas;ACC;1;14;1414;141401
2024-08;2024;08;Santarém;Rio Maior;Alcobertas;ACC;1;14;1414;141401
2024-09;2024;09;Porto;Valongo;Alfena;ACC;1;13;1315;131501
2024-08;2024;08;Leiria;Caldas da Rainha;Alvorninha;ACC;1;10;1006;100602
2024-08;2024;08;Portalegre;Elvas;Assunção, Ajuda, Salvador e Santo Ildefonso;ACC;1;12;1207;120712
2025-04;2025;04;Lisboa;Azambuja;Azambuja;ACC;1;11;1103;110304
2025-04;2025;04;Braga;Guimarães;Lordelo;ACC;1;03;0308;030828
2025-04;2025;04;Porto;Vila do Conde;Macieira da Maia;ACC;1;13;1316;131614
2024-09;2024;09;Porto;Marco de Canaveses;Marco;ACC;2;13;1307;130736
2024-04;2024;04;Braga;Guimarães;Sande Vila Nova e Sande São Clemente;ACC;1;03;0308;030887
2023-08;2023;08;Lisboa;Loures;Santo Antão e São Julião do Tojal;ACC;1;11;1107;110729
2024-09;2024;09;Évora;Vendas Novas;Vendas Novas;ACC;1;07;0712;071201
2025-04;2025;04;Braga;Guimarães;Nespereira;ACC;1;03;0308;030832
2025-04;2025;04;Aveiro;Ovar;Esmoriz;ACC;1;01;0115;011503
2025-04;2025;04;Leiria;Pombal;Carriço;ACC;1;10;1015;101505
2025-04;2025;04;Faro;Lagoa;Estômbar e Parchal;ACC;1;08;0806;080607
2025-04;2025;04;Braga;Barcelos;Macieira de Rates;ACC;1;03;0302;030244
2025-04;2025;04;Braga;Vila Verde;Esqueiros, Nevogilde e Travassós;ACC;1;03;0313;031363
2025-04;2025;04;Braga;Braga;Sequeira;ACC;1;03;0303;030354
2025-04;2025;04;Braga;Celorico de Basto;Britelo, Gémeos e Ourilhe;ACC;1;03;0305;030523
2025-04;2025;04;Lisboa;Lisboa;Carnide;ACC;2;11;1106;110611
2025-04;2025;04;Lisboa;Lisboa;Estrela;ACC;1;11;1106;110660
2024-08;2024;08;Lisboa;Torres Vedras;Ponte do Rol;ACC;1;11;1113;111310
2025-04;2025;04;Porto;Vila Nova de Gaia;Grijó e Sermonde;ACC;1;13;1317;131725
2024-08;2024;08;Porto;Vila do Conde;Aveleda;ACC;1;13;1316;131603
2025-04;2025;04;Porto;Maia;Castêlo da Maia;ACC;3;13;1306;130618
2025-08;2025;08;Porto;Maia;Castêlo da Maia;ACC;3;13;1306;130618
2024-08;2024;08;Porto;Paredes;Paredes;ACC;1;13;1310;131025
2025-04;2025;04;Vila Real;Vila Real;Vila Real;ACC;1;17;1714;171438
2025-04;2025;04;Viana do Castelo;Viana do Castelo;Santa Marta de Portuzelo;ACC;1;16;1609;160928
2024-08;2024;08;Braga;Vila Verde;Esqueiros, Nevogilde e Travassós;ACC;1;03;0313;031363
2025-08;2025;08;Braga;Vila Verde;Esqueiros, Nevogilde e Travassós;ACC;1;03;0313;031363
2024-08;2024;08;Castelo Branco;Fundão;Fundão, Valverde, Donas, A. Joanes, A. Nova do Cabo;ACC;1;05;0504;050434
2024-08;2024;08;Porto;Vila Nova de Gaia;Grijó e Sermonde;ACC;1;13;1317;131725
2024-08;2024;08;Lisboa;Loures;Sacavém e Prior Velho;ACC;2;11;1107;110727
2024-08;2024;08;Porto;Santo Tirso;St. Tirso, Couto (S. Cristina e S. Miguel) e Burgães;ACC;2;13;1314;131437
2024-08;2024;08;Porto;Felgueiras;Vila Verde e Santão;ACC;1;13;1303;130341
2024-08;2024;08;Braga;Vila Verde;Vila de Prado;ACC;1;03;0313;031342
2025-08;2025;08;Viseu;São Pedro do Sul;Bordonhos;ACC;1;18;1816;181602
2025-08;2025;08;Lisboa;Loures;Bucelas;ACC;1;11;1107;110702
2025-08;2025;08;Braga;Barcelos;Macieira de Rates;ACC;1;03;0302;030244
2025-08;2025;08;Porto;Marco de Canaveses;Marco;ACC;2;13;1307;130736
2025-08;2025;08;Porto;Paços de Ferreira;Paços de Ferreira;ACC;1;13;1309;130918
2025-08;2025;08;Braga;Braga;Palmeira;ACC;1;03;0303;030331
2025-08;2025;08;Viseu;Viseu;Rio de Loba;ACC;2;18;1823;182323
2025-08;2025;08;Viseu;Sátão;Sátão;ACC;1;18;1817;181710
2025-08;2025;08;Lisboa;Oeiras;Algés, Linda-a-Velha e Cruz Quebrada-Dafundo;ACC;3;11;1110;111012
2025-08;2025;08;Braga;Esposende;Esposende, Marinhas e Gandra;ACC;3;03;0306;030618
2025-08;2025;08;Vila Real;Peso da Régua;Poiares e Canelas;ACC;1;17;1708;170816
2025-08;2025;08;Lisboa;Loures;Santo António dos Cavaleiros e Frielas;ACC;1;11;1107;110730
2025-08;2025;08;Vila Real;Chaves;Santa Cruz/Trindade e Sanjurge;ACC;1;17;1703;170358
2025-08;2025;08;Braga;Guimarães;Selho São Lourenço e Gominhães;ACC;1;03;0308;030888
2024-08;2024;08;Setúbal;Moita;Baixa da Banheira e Vale da Amoreira;ACC;3;15;1506;150607
2025-08;2025;08;Aveiro;Santa Maria da Feira;Caldas de São Jorge e de Pigeiros;ACC;1;01;0109;010932
2024-08;2024;08;Faro;Lagoa;Estômbar e Parchal;ACC;1;08;0806;080607
2024-08;2024;08;Leiria;Leiria;Marrazes e Barosa;ACC;3;10;1009;100934
2025-08;2025;08;Santarém;Tomar;São João Baptista e Santa Maria dos Olivais;ACC;2;14;1418;141821
2025-08;2025;08;Aveiro;Águeda;Trofa, Segadães e Lamas do Vouga;ACC;1;01;0101;010126
2025-08;2025;08;Leiria;Alcobaça;Évora de Alcobaça;ACC;1;10;1001;100108
2025-08;2025;08;Aveiro;Santa Maria da Feira;Mozelos;ACC;1;01;0109;010916
2025-08;2025;08;Faro;Loulé;Quarteira;ACC;1;08;0808;080805
2025-08;2025;08;Évora;Borba;Rio de Moinhos;ACC;1;07;0703;070303
2025-04;2025;04;Lisboa;Sintra;Rio de Mouro;ACC;3;11;1111;111108
2024-08;2024;08;Aveiro;Santa Maria da Feira;Santa Maria de Lamas;ACC;1;01;0109;010925
2025-04;2025;04;Porto;Porto;Aldoar, Foz do Douro e Nevogilde;ACC;1;13;1312;131216
2024-08;2024;08;Porto;Gondomar;Fânzeres e São Pedro da Cova;ACC;2;13;1304;130413
2025-08;2025;08;Braga;Vila Nova de Famalicão;Vilarinho das Cambas;ACC;1;03;0312;031249
2024-08;2024;08;Porto;Porto;Campanhã;ACC;2;13;1312;131203
2024-09;2024;09;Coimbra;Penacova;Lorvão;ACC;1;06;0613;061304
2024-09;2024;09;Porto;Maia;Moreira;ACC;2;13;1306;130609
2024-04;2024;04;Braga;Guimarães;Polvoreira;ACC;1;03;0308;030837
2024-08;2024;08;Braga;Guimarães;Polvoreira;ACC;2;03;0308;030837
2024-04;2024;04;Braga;Barcelos;Barcelos, V. Boa, V. Frescainha;ACC;1;03;0302;030293
2024-09;2024;09;Évora;Estremoz;Estremoz (Santa Maria e Santo André);ACC;1;07;0704;070414
2024-09;2024;09;Braga;Braga;Nogueira, Fraião e Lamaçães;ACC;1;03;0303;030377
2025-04;2025;04;Lisboa;Amadora;Alfragide;ACC;2;11;1115;111512
2025-08;2025;08;Lisboa;Amadora;Alfragide;ACC;2;11;1115;111512
2025-04;2025;04;Santarém;Almeirim;Almeirim;ACC;1;14;1403;140301
2024-09;2024;09;Lisboa;Lisboa;Avenidas Novas;ACC;1;11;1106;110657
2024-04;2024;04;Lisboa;Lisboa;Avenidas Novas;ACC;1;11;1106;110657
2025-04;2025;04;Lisboa;Lisboa;Avenidas Novas;ACC;1;11;1106;110657
2025-04;2025;04;Faro;Aljezur;Bordeira;ACC;1;08;0803;080302
2025-08;2025;08;Faro;Aljezur;Bordeira;ACC;1;08;0803;080302
2024-04;2024;04;Santarém;Benavente;Barrosa;ACC;1;14;1405;140504
2024-09;2024;09;Leiria;Caldas da Rainha;Tornada e Salir do Porto;ACC;2;10;1006;100619
2024-04;2024;04;Lisboa;Odivelas;Pontinha e Famões;ACC;2;11;1116;111608
2024-08;2024;08;Lisboa;Odivelas;Pontinha e Famões;ACC;2;11;1116;111608
2024-04;2024;04;Setúbal;Barreiro;Alto do Seixalinho, Santo André e Verderena;ACC;1;15;1504;150409
2024-08;2024;08;Setúbal;Grândola;Grândola e Santa Margarida da Serra;ACC;1;15;1505;150506
2025-04;2025;04;Aveiro;Santa Maria da Feira;Santa Maria da Feira, Travanca, Sanfins e Espargo;ACC;1;01;0109;010935
2025-04;2025;04;Leiria;Leiria;Caranguejeira;ACC;1;10;1009;100907
2025-04;2025;04;Faro;Loulé;Loulé (São Clemente);ACC;1;08;0808;080808
2025-04;2025;04;Faro;Silves;São Bartolomeu de Messines;ACC;1;08;0813;081305
2024-04;2024;04;Braga;Braga;Merelim (São Paio), Panoias e Parada de Tibães;ACC;1;03;0303;030374
2025-04;2025;04;Braga;Fafe;Fafe;ACC;1;03;0307;030709
2025-04;2025;04;Lisboa;Sintra;S. Maria, S. Miguel, S. Martinho e S. Pedro de Penaferrim;ACC;4;11;1111;111128
2025-04;2025;04;Lisboa;Alenquer;Aldeia Galega da Merceana e Aldeia Gavinha;ACC;1;11;1101;110118
2025-08;2025;08;Lisboa;Alenquer;Aldeia Galega da Merceana e Aldeia Gavinha;ACC;1;11;1101;110118
2024-08;2024;08;Porto;Porto;Ramalde;ACC;1;13;1312;131211
2025-04;2025;04;Porto;Matosinhos;Perafita, Lavra e Santa Cruz do Bispo;ACC;1;13;1308;130813
2024-08;2024;08;Viseu;Viseu;Abraveses;ACC;1;18;1823;182301
2024-08;2024;08;Castelo Branco;Vila de Rei;Vila de Rei;ACC;1;05;0510;051003
2025-04;2025;04;Coimbra;Coimbra;Santa Clara e Castelo Viegas;ACC;1;06;0603;060336
2025-08;2025;08;Setúbal;Montijo;Montijo e Afonsoeiro;ACC;1;15;1507;150710
2025-08;2025;08;Porto;Santo Tirso;Monte Córdova;ACC;1;13;1314;131413
2025-08;2025;08;Aveiro;Oliveira do Bairro;Oiã;ACC;1;01;0114;011403
2025-08;2025;08;Porto;Lousada;Lustosa e Barrosas (Santo Estêvão);ACC;1;13;1305;130530
2025-08;2025;08;Viseu;Tondela;Tondela e Nandufe;ACC;1;18;1821;182132
2025-08;2025;08;Lisboa;Vila Franca de Xira;Vialonga;ACC;1;11;1114;111408
2025-01;2025;01;Aveiro;Oliveira de Azeméis;Pinheiro da Bemposta, Travanca e Palmaz;ACC;1;01;0113;011322
2023-01;2023;01;Viseu;Tondela;Guardão;ACC;1;18;1821;182108
2024-07;2024;07;Viseu;Tondela;Guardão;ACC;1;18;1821;182108
2024-02;2024;02;Bragança;Miranda do douro;Miranda do Douro;ACC;1;04;0406;040608
2024-01;2024;01;Leiria;Marinha Grande;Marinha Grande;ACC;1;10;1010;101001
2024-02;2024;02;Santarém;Alcanena;Alcanena e Vila Moreira;ACC;1;14;1402;140211
2024-02;2024;02;Leiria;Leiria;Leiria, Pousos, Barreira e Cortes;ACC;1;10;1009;100933
2025-02;2025;02;Porto;Santo Tirso;Água Longa;ACC;1;13;1314;131402
2025-02;2025;02;Leiria;Alcobaça;Aljubarrota;ACC;1;10;1001;100120
2025-02;2025;02;Setúbal;Seixal;Amora;ACC;2;15;1510;151002
2025-02;2025;02;Santarém;Benavente;Benavente;ACC;1;14;1405;140501
2025-02;2025;02;Aveiro;Santa Maria da Feira;Milheirós de Poiares;ACC;1;01;0109;010914
2025-02;2025;02;Aveiro;Oliveira do Bairro;Oiã;ACC;1;01;0114;011403
2025-02;2025;02;Setúbal;Palmela;Quinta do Anjo;ACC;1;15;1508;150804
2025-02;2025;02;Setúbal;Moita;Baixa da Banheira e Vale da Amoreira;ACC;3;15;1506;150607
2024-02;2024;02;Lisboa;Cascais;Alcabideche;ACC;1;11;1105;110501
2024-07;2024;07;Lisboa;Cascais;Alcabideche;ACC;1;11;1105;110501
2025-02;2025;02;Braga;Barcelos;Alvelos;ACC;1;03;0302;030208
2024-07;2024;07;Lisboa;Lisboa;Avenidas Novas;ACC;1;11;1106;110657
2025-02;2025;02;Porto;Gondomar;Baguim do Monte (Rio Tinto);ACC;3;13;1304;130412
2025-02;2025;02;Porto;Porto;Campanhã;ACC;2;13;1312;131203
2025-02;2025;02;Braga;Fafe;Fafe;ACC;1;03;0307;030709
2025-01;2025;01;Castelo Branco;Idanha-a-Nova;Ladoeiro;ACC;1;05;0505;050505
2025-02;2025;02;Braga;Barcelos;Macieira de Rates;ACC;1;03;0302;030244
2025-02;2025;02;Braga;Barcelos;Manhente;ACC;1;03;0302;030245
2025-02;2025;02;Lisboa;Torres Vedras;Ponte do Rol;ACC;1;11;1113;111310
2025-02;2025;02;Porto;Penafiel;Rio de Moinhos;ACC;2;13;1311;131129
2025-02;2025;02;Porto;Póvoa de Varzim;Aguçadoura e Navais;ACC;1;13;1313;131314
2025-02;2025;02;Braga;Barcelos;Barcelos, V. Boa, V. Frescainha;ACC;2;03;0302;030293
2025-02;2025;02;Lisboa;Cascais;Carcavelos e Parede;ACC;1;11;1105;110507
2025-02;2025;02;Porto;Vila Nova de Gaia;Grijó e Sermonde;ACC;1;13;1317;131725
2024-01;2024;01;Braga;Braga;Nogueira, Fraião e Lamaçães;ACC;1;03;0303;030377
2024-07;2024;07;Portalegre;Avis;Avis;ACC;1;12;1203;120303
2024-07;2024;07;Porto;Valongo;Ermesinde;ACC;2;13;1315;131503
2025-01;2025;01;Porto;Vila Nova de Gaia;Canidelo;ACC;1;13;1317;131704
2025-01;2025;01;Braga;Guimarães;Gonça;ACC;1;03;0308;030820
2025-01;2025;01;Lisboa;Lisboa;Misericórdia;ACC;2;11;1106;110661
2025-01;2025;01;Faro;Silves;São Bartolomeu de Messines;ACC;1;08;0813;081305
2025-01;2025;01;Viseu;Sátão;Sátão;ACC;1;18;1817;181710
2025-01;2025;01;Leiria;Leiria;Marrazes e Barosa;ACC;4;10;1009;100934
2025-02;2025;02;Setúbal;Montijo;Montijo e Afonsoeiro;ACC;1;15;1507;150710
2025-01;2025;01;Guarda;Sabugal;Sabugal e Aldeia de Santo António;ACC;1;09;0911;091145
2024-01;2024;01;Lisboa;Loures;Sacavém e Prior Velho;ACC;1;11;1107;110727
2025-01;2025;01;Lisboa;Loures;Sacavém e Prior Velho;ACC;2;11;1107;110727
2025-01;2025;01;Braga;Guimarães;Selho São Lourenço e Gominhães;ACC;1;03;0308;030888
2024-07;2024;07;Bragança;Bragança;Sé, Santa Maria e Meixedo;ACC;1;04;0402;040257
2025-01;2025;01;Viseu;Tarouca;Tarouca e Dálvares;ACC;1;18;1820;182013
2025-02;2025;02;Coimbra;Coimbra;Taveiro, Ameal e Arzila;ACC;1;06;0603;060340
2025-07;2025;07;Santarém;Tomar;São João Baptista e Santa Maria dos Olivais;ACC;2;14;1418;141821
2025-02;2025;02;Aveiro;Águeda;Trofa, Segadães e Lamas do Vouga;ACC;1;01;0101;010126
2024-01;2024;01;Braga;Vila Nova de Famalicão;Vila Nova de Famalicão e Calendário;ACC;1;03;0312;031260
2025-01;2025;01;Lisboa;Amadora;Venteira;ACC;1;11;1115;111517
2025-01;2025;01;Lisboa;Cadaval;Vilar;ACC;1;11;1104;110410
2025-07;2025;07;Lisboa;Cadaval;Vilar;ACC;1;11;1104;110410
2025-02;2025;02;Porto;Vila do Conde;Vilar de Pinheiro;ACC;1;13;1316;131630
2025-01;2025;01;Porto;Santo Tirso;Água Longa;ACC;1;13;1314;131402
2025-07;2025;07;Braga;Braga;Palmeira;ACC;1;03;0303;030331
2024-07;2024;07;Castelo Branco;Fundão;Fundão, Valverde, Donas, A. Joanes, A. Nova do Cabo;ACC;1;05;0504;050434
2024-07;2024;07;Braga;Braga;Real, Dume e Semelhe;ACC;1;03;0303;030379
2024-07;2024;07;Setúbal;Barreiro;Alto do Seixalinho, Santo André e Verderena;ACC;1;15;1504;150409
2024-07;2024;07;Porto;Felgueiras;Vila Verde e Santão;ACC;1;13;1303;130341
2025-07;2025;07;Porto;Felgueiras;Vila Verde e Santão;ACC;1;13;1303;130341
2025-07;2025;07;Portalegre;Avis;Avis;ACC;1;12;1203;120303
2025-07;2025;07;Aveiro;Albergaria-a-Velha;Branca;ACC;1;01;0102;010204
2025-07;2025;07;Leiria;Pombal;Carriço;ACC;1;10;1015;101505
2025-07;2025;07;Santarém;Ourém;Fátima;ACC;1;14;1421;142106
2023-06;2023;06;Lisboa;Lisboa;Lumiar;ACC;1;11;1106;110618
2025-07;2025;07;Bragança;Miranda do douro;Miranda do Douro;ACC;1;04;0406;040608
2023-06;2023;06;Bragança;Miranda do douro;Miranda do Douro;ACC;1;04;0406;040608
2025-07;2025;07;Santarém;Ourém;Nossa Senhora da Piedade;ACC;2;14;1421;142115
2025-07;2025;07;Porto;Vila Nova de Gaia;Grijó e Sermonde;ACC;1;13;1317;131725
2025-07;2025;07;Porto;Porto;Lordelo do Ouro e Massarelos;ACC;2;13;1312;131218
2025-07;2025;07;Santarém;Alcanena;Malhou, Louriceira e Espinheiro;ACC;1;14;1402;140212
2025-07;2025;07;Leiria;Caldas da Rainha;Tornada e Salir do Porto;ACC;2;10;1006;100619
2024-07;2024;07;Porto;Marco de Canaveses;Marco;ACC;2;13;1307;130736
2025-07;2025;07;Bragança;Mirandela;Mascarenhas;ACC;1;04;0407;040720
2024-07;2024;07;Aveiro;Santa Maria da Feira;Milheirós de Poiares;ACC;1;01;0109;010914
2024-07;2024;07;Porto;Maia;Moreira;ACC;2;13;1306;130609
2025-07;2025;07;Porto;Paredes;Paredes;ACC;1;13;1310;131025
2025-07;2025;07;Lisboa;Torres Vedras;Ponte do Rol;ACC;1;11;1113;111310
2025-07;2025;07;Setúbal;Sesimbra;Quinta do Conde;ACC;1;15;1511;151103
2024-07;2024;07;Viseu;Viseu;Rio de Loba;ACC;1;18;1823;182323
2024-07;2024;07;Porto;Penafiel;Rio de Moinhos;ACC;2;13;1311;131129
2024-07;2024;07;Braga;Braga;Sequeira;ACC;1;03;0303;030354
2025-07;2025;07;Aveiro;Águeda;Águeda e Borralha;ACC;1;01;0101;010121
2025-07;2025;07;Santarém;Benavente;Benavente;ACC;1;14;1405;140501
2025-07;2025;07;Braga;Guimarães;Ponte;ACC;1;03;0308;030838
2025-07;2025;07;Setúbal;Setúbal;Sado;ACC;1;15;1512;151208
2025-07;2025;07;Porto;Amarante;Telões;ACC;1;13;1301;130135
2024-06;2024;06;Porto;Paços de Ferreira;Paços de Ferreira;ACC;1;13;1309;130918
2024-06;2024;06;Leiria;Peniche;Peniche;ACC;1;10;1014;101407
2025-02;2025;02;Santarém;Santarém;Pernes;ACC;1;14;1416;141614
2025-07;2025;07;Coimbra;Coimbra;Santo António dos Olivais;ACC;2;06;0603;060318
2025-01;2025;01;Leiria;Figueiró dos Vinhos;Figueiró dos Vinhos e Bairradas;ACC;1;10;1008;100806
2024-07;2024;07;Setúbal;Almada;Laranjeiro e Feijó;ACC;3;15;1503;150315
2025-01;2025;01;Leiria;Leiria;Monte Redondo e Carreira;ACC;1;10;1009;100936
2025-07;2025;07;Leiria;Leiria;Monte Redondo e Carreira;ACC;1;10;1009;100936
2025-01;2025;01;Aveiro;Oliveira de Azeméis;O. Azeméis, Riba-Ul, Ul, Macinhata da Seixa, Madail;ACC;2;01;0113;011321
2025-01;2025;01;Braga;Cabeceiras de Basto;Refojos de Basto, Outeiro e Painzela;ACC;1;03;0304;030421
2024-07;2024;07;Braga;Cabeceiras de Basto;Refojos de Basto, Outeiro e Painzela;ACC;1;03;0304;030421
2024-02;2024;02;Braga;Guimarães;Sande Vila Nova e Sande São Clemente;ACC;1;03;0308;030887
2025-07;2025;07;Lisboa;Loures;Santo Antão e São Julião do Tojal;ACC;2;11;1107;110729
2025-01;2025;01;Braga;Barcelos;Várzea;ACC;1;03;0302;030283
2025-02;2025;02;Faro;Portimão;Alvor;ACC;1;08;0811;081101
2025-02;2025;02;Leiria;Caldas da Rainha;Alvorninha;ACC;1;10;1006;100602
2025-07;2025;07;Portalegre;Elvas;Assunção, Ajuda, Salvador e Santo Ildefonso;ACC;1;12;1207;120712
2025-02;2025;02;Aveiro;Aveiro;Esgueira;ACC;1;01;0105;010505
2025-07;2025;07;Aveiro;Aveiro;Esgueira;ACC;2;01;0105;010505
2025-01;2025;01;Lisboa;Sintra;Algueirão-Mem Martins;ACC;1;11;1111;111102
2024-07;2024;07;Lisboa;Sintra;Algueirão-Mem Martins;ACC;1;11;1111;111102
2024-06;2024;06;Lisboa;Arruda dos Vinhos;Arruda dos Vinhos;ACC;2;11;1102;110202
2025-07;2025;07;Lisboa;Azambuja;Azambuja;ACC;1;11;1103;110304
2025-01;2025;01;Coimbra;Montemor-o-Velho;Carapinheira;ACC;1;06;0610;061003
2025-02;2025;02;Braga;Vila Nova de Famalicão;Delães;ACC;1;03;0312;031213
2025-02;2025;02;Porto;Porto;Paranhos;ACC;1;13;1312;131210
2025-01;2025;01;Braga;Barcelos;Pousa;ACC;1;03;0302;030261
2025-01;2025;01;Braga;Póvoa de Lanhoso;Póvoa de Lanhoso (Nossa Senhora do Amparo);ACC;1;03;0309;030919
2025-07;2025;07;Braga;Vila Nova de Famalicão;Requião;ACC;2;03;0312;031233
2025-02;2025;02;Beja;Beja;Beja (Salvador e Santa Maria da Feira);ACC;4;02;0205;020520
2024-07;2024;07;Beja;Beja;Beja (Salvador e Santa Maria da Feira);ACC;3;02;0205;020520
2025-07;2025;07;Beja;Beja;Beja (Salvador e Santa Maria da Feira);ACC;4;02;0205;020520
2025-02;2025;02;Lisboa;Loures;Camarate, Unhos e Apelação;ACC;1;11;1107;110731
2025-07;2025;07;Lisboa;Loures;Camarate, Unhos e Apelação;ACC;1;11;1107;110731
2025-07;2025;07;Lisboa;Oeiras;Carnaxide e Queijas;ACC;2;11;1110;111013
2024-07;2024;07;Braga;Braga;Este (São Pedro e São Mamede);ACC;1;03;0303;030370
2025-07;2025;07;Braga;Braga;Este (São Pedro e São Mamede);ACC;1;03;0303;030370
2024-02;2024;02;Braga;Guimarães;Oliveira, São Paio e São Sebastião;ACC;1;03;0308;030884
2025-07;2025;07;Porto;Maia;Cidade da Maia;ACC;1;13;1306;130619
2025-01;2025;01;Porto;Paços de Ferreira;Frazão Arreigada;ACC;1;13;1309;130917
2024-07;2024;07;Porto;Paços de Ferreira;Frazão Arreigada;ACC;1;13;1309;130917
2025-01;2025;01;Porto;Vila do Conde;Macieira da Maia;ACC;1;13;1316;131614
2025-01;2025;01;Porto;Gondomar;Gondomar (São Cosme), Valbom e Jovim;ACC;1;13;1304;130415
2025-01;2025;01;Braga;Braga;Ferreiros e Gondizalves;ACC;1;03;0303;030371
2025-01;2025;01;Lisboa;Sintra;Queluz e Belas;ACC;2;11;1111;111126
2025-01;2025;01;Aveiro;Águeda;Recardães e Espinhel;ACC;1;01;0101;010124
2025-07;2025;07;Portalegre;Portalegre;Ribeira de Nisa e Carreiras;ACC;1;12;1214;121413
2025-02;2025;02;Aveiro;Oliveira de Azeméis;Vila de Cucujães;ACC;1;01;0113;011319
2025-01;2025;01;Braga;Braga;Adaúfe;ACC;2;03;0303;030301
2024-07;2024;07;Santarém;Rio Maior;Alcobertas;ACC;1;14;1414;141401
2024-06;2024;06;Santarém;Rio Maior;Alcobertas;ACC;1;14;1414;141401
2025-01;2025;01;Santarém;Alpiarça;Alpiarça;ACC;1;14;1404;140401
2024-06;2024;06;Santarém;Alpiarça;Alpiarça;ACC;1;14;1404;140401
2024-07;2024;07;Leiria;Leiria;Monte Real e Carvide;ACC;1;10;1009;100935
2025-07;2025;07;Évora;Montemor-o-Novo;N. S. da Vila, N. S. do Bispo e Silveiras;ACC;1;07;0706;070612
2025-07;2025;07;Setúbal;Barreiro;Palhais e Coina;ACC;1;15;1504;150411
2025-07;2025;07;Porto;Vila Nova de Gaia;Pedroso e Seixezelo;ACC;2;13;1317;131728
2025-07;2025;07;Braga;Guimarães;Selho (São Jorge);ACC;2;03;0308;030854
2025-07;2025;07;Castelo Branco;Castelo Branco;Lardosa;ACC;1;05;0502;050211
2025-07;2025;07;Lisboa;Sintra;Agualva e Mira-Sintra;ACC;1;11;1111;111122
2024-06;2024;06;Braga;Barcelos;Pousa;ACC;1;03;0302;030261
2024-06;2024;06;Viseu;Sátão;Sátão;ACC;1;18;1817;181710
2024-06;2024;06;Porto;Santo Tirso;St. Tirso, Couto (S. Cristina e S. Miguel) e Burgães;ACC;1;13;1314;131437
2024-06;2024;06;Aveiro;Águeda;Trofa, Segadães e Lamas do Vouga;ACC;1;01;0101;010126
2025-06;2025;06;Viseu;São Pedro do Sul;Bordonhos;ACC;1;18;1816;181602
2025-06;2025;06;Aveiro;Ovar;Esmoriz;ACC;1;01;0115;011503
2024-05;2024;05;Santarém;Ourém;Nossa Senhora da Piedade;ACC;1;14;1421;142115
2024-03;2024;03;Braga;Braga;Palmeira;CER;1;03;0303;030331
2025-06;2025;06;Santarém;Torres Novas;Riachos;ACC;1;14;1419;141910
2025-06;2025;06;Viana do Castelo;Monção;Trute;ACC;1;16;1604;160431
2025-06;2025;06;Braga;Cabeceiras de Basto;Refojos de Basto, Outeiro e Painzela;ACC;1;03;0304;030421
2025-06;2025;06;Guarda;Sabugal;Sabugal e Aldeia de Santo António;ACC;1;09;0911;091145
2025-06;2025;06;Lisboa;Loures;Santo António dos Cavaleiros e Frielas;ACC;1;11;1107;110730
2025-06;2025;06;Setúbal;Seixal;Seixal, Arrentela e Aldeia de Paio Pires;ACC;3;15;1510;151007
2025-06;2025;06;Viseu;Tondela;Tondela e Nandufe;ACC;1;18;1821;182132
2025-06;2025;06;Viana do Castelo;Arcos de Valdevez;Vale;ACC;1;16;1601;160149
2025-06;2025;06;Braga;Vila Nova de Famalicão;Vale (São Martinho);ACC;1;03;0312;031241
2025-05;2025;05;Braga;Barcelos;Várzea;ACC;1;03;0302;030283
2024-05;2024;05;Castelo Branco;Fundão;Fundão, Valverde, Donas, A. Joanes, A. Nova do Cabo;ACC;1;05;0504;050434
2024-05;2024;05;Santarém;Almeirim;Almeirim;ACC;1;14;1403;140301
2025-05;2025;05;Porto;Porto;Campanhã;ACC;2;13;1312;131203
2024-05;2024;05;Santarém;Torres Novas;Meia Via;ACC;1;14;1419;141917
2024-05;2024;05;Porto;Maia;Moreira;ACC;1;13;1306;130609
2024-05;2024;05;Braga;Guimarães;Nespereira;ACC;1;03;0308;030832
2024-06;2024;06;Porto;Maia;Castêlo da Maia;ACC;1;13;1306;130618
2024-05;2024;05;Lisboa;Amadora;Falagueira-Venda Nova;ACC;1;11;1115;111515
2024-06;2024;06;Coimbra;Cantanhede;Febres;ACC;1;06;0602;060207
2025-09;2025;09;Aveiro;Albergaria-a-Velha;Branca;ACC;1;01;0102;010204
2025-09;2025;09;Porto;Maia;Castêlo da Maia;ACC;5;13;1306;130618
2025-10;2025;10;Viseu;São Pedro do Sul;Bordonhos;ACC;1;18;1816;181602
2025-10;2025;10;Viseu;Nelas;Nelas;ACC;1;18;1809;180903
2025-10;2025;10;Viseu;Tondela;Tondela e Nandufe;ACC;2;18;1821;182132
2025-10;2025;10;Viseu;Vouzela;Fataunços e Figueiredo das Donas;ACC;1;18;1824;182414
2025-10;2025;10;Braga;Braga;Adaúfe;ACC;3;03;0303;030301
2025-10;2025;10;Braga;Braga;Palmeira;CER;1;03;0303;030331
2025-10;2025;10;Braga;Braga;Santa Lucrécia de Algeriz e Navarra;ACC;1;03;0303;030380
2025-10;2025;10;Braga;Guimarães;Brito;ACC;2;03;0308;030807
2025-10;2025;10;Braga;Guimarães;Fermentões;ACC;1;03;0308;030815
2025-10;2025;10;Braga;Guimarães;Nespereira;ACC;1;03;0308;030832
2025-10;2025;10;Braga;Guimarães;Sande (São Martinho);ACC;1;03;0308;030858
2025-10;2025;10;Braga;Guimarães;Selho (São Jorge);ACC;2;03;0308;030854
2025-10;2025;10;Braga;Guimarães;Candoso São Tiago e Mascotelos;ACC;2;03;0308;030881
2025-10;2025;10;Braga;Guimarães;Oliveira, São Paio e São Sebastião;ACC;2;03;0308;030884
2025-10;2025;10;Braga;Guimarães;Serzedo e Calvos;ACC;1;03;0308;030889
2025-10;2025;10;Braga;Barcelos;Macieira de Rates;ACC;1;03;0302;030244
2025-10;2025;10;Braga;Barcelos;Areias de Vilar e Encourados;ACC;1;03;0302;030292
2025-10;2025;10;Braga;Vila Nova de Famalicão;Joane;ACC;1;03;0312;031219
2025-10;2025;10;Braga;Vila Verde;Gême;ACC;1;03;0313;031317
2025-10;2025;10;Braga;Vila Verde;Turiz;ACC;1;03;0313;031354
2025-10;2025;10;Braga;Vila Verde;Esqueiros, Nevogilde e Travassós;ACC;1;03;0313;031363
2025-10;2025;10;Braga;Vizela;Santa Eulália;ACC;1;03;0314;031401
2025-10;2025;10;Braga;Celorico de Basto;Britelo, Gémeos e Ourilhe;ACC;1;03;0305;030523
2025-10;2025;10;Braga;Celorico de Basto;Veade, Gagos e Molares;ACC;1;03;0305;030527
2025-10;2025;10;Braga;Cabeceiras de Basto;Refojos de Basto, Outeiro e Painzela;ACC;1;03;0304;030421
2025-10;2025;10;Aveiro;Águeda;Águeda e Borralha;ACC;2;01;0101;010121
2025-10;2025;10;Aveiro;Santa Maria da Feira;Argoncilhe;ACC;5;01;0109;010901
2025-10;2025;10;Aveiro;Santa Maria da Feira;Milheirós de Poiares;ACC;1;01;0109;010914
2025-10;2025;10;Aveiro;Santa Maria da Feira;São João de Ver;ACC;2;01;0109;010926
2025-10;2025;10;Aveiro;Anadia;Arcos e Mogofores;ACC;1;01;0103;010317
2025-10;2025;10;Aveiro;Oliveira de Azeméis;São Roque;ACC;1;01;0113;011318
2025-10;2025;10;Aveiro;Oliveira de Azeméis;Nogueira do Cravo e Pindelo;ACC;1;01;0113;011320
2025-10;2025;10;Aveiro;Oliveira de Azeméis;O. Azeméis, Riba-Ul, Ul, Macinhata da Seixa, Madail;ACC;4;01;0113;011321
2025-10;2025;10;Aveiro;Oliveira de Azeméis;Pinheiro da Bemposta, Travanca e Palmaz;ACC;1;01;0113;011322
2025-10;2025;10;Aveiro;Ovar;Esmoriz;ACC;1;01;0115;011503
2025-10;2025;10;Aveiro;Oliveira do Bairro;Oiã;ACC;2;01;0114;011403
2025-10;2025;10;Porto;Santo Tirso;Água Longa;ACC;1;13;1314;131402
2025-10;2025;10;Porto;Santo Tirso;Areias, Sequeiró, Lama e Palmeira;ACC;1;13;1314;131433
2025-10;2025;10;Porto;Santo Tirso;St. Tirso, Couto (S. Cristina e S. Miguel) e Burgães;ACC;3;13;1314;131437
2025-10;2025;10;Porto;Vila Nova de Gaia;Avintes;ACC;1;13;1317;131702
2025-10;2025;10;Porto;Vila Nova de Gaia;Canidelo;ACC;2;13;1317;131704
2025-10;2025;10;Porto;Vila Nova de Gaia;Mafamude e Vilar do Paraíso;ACC;2;13;1317;131727
2025-10;2025;10;Porto;Vila Nova de Gaia;Pedroso e Seixezelo;ACC;2;13;1317;131728
2025-10;2025;10;Porto;Vila Nova de Gaia;Serzedo e Perosinho;ACC;2;13;1317;131731
2025-10;2025;10;Porto;Vila do Conde;Árvore;ACC;2;13;1316;131602
2025-10;2025;10;Porto;Vila do Conde;Guilhabreu;ACC;1;13;1316;131611
2025-10;2025;10;Porto;Paredes;Astromil;ACC;1;13;1310;131002
2025-10;2025;10;Porto;Paredes;Cete;ACC;1;13;1310;131008
2025-10;2025;10;Porto;Paredes;Vandoma;ACC;1;13;1310;131022
2025-10;2025;10;Porto;Gondomar;Baguim do Monte (Rio Tinto);ACC;4;13;1304;130412
2025-10;2025;10;Porto;Marco de Canaveses;Constance;ACC;2;13;1307;130705
2025-10;2025;10;Porto;Marco de Canaveses;Marco;ACC;3;13;1307;130736
2025-10;2025;10;Porto;Porto;Campanhã;ACC;3;13;1312;131203
2025-10;2025;10;Porto;Porto;Paranhos;ACC;1;13;1312;131210
2025-10;2025;10;Porto;Porto;Aldoar, Foz do Douro e Nevogilde;ACC;1;13;1312;131216
2025-10;2025;10;Porto;Porto;Lordelo do Ouro e Massarelos;ACC;2;13;1312;131218
2025-10;2025;10;Porto;Paços de Ferreira;Figueiró;ACC;1;13;1309;130906
2025-10;2025;10;Porto;Paços de Ferreira;Freamunde;ACC;1;13;1309;130908
2025-10;2025;10;Porto;Maia;Vila Nova da Telha;ACC;1;13;1306;130616
2025-10;2025;10;Porto;Póvoa de Varzim;Laundos;ACC;1;13;1313;131308
2025-10;2025;10;Porto;Lousada;Cristelos, Boim e Ordem;ACC;2;13;1305;130528
2025-10;2025;10;Porto;Amarante;Lufrei;ACC;1;13;1301;130121
2025-10;2025;10;Porto;Trofa;Bougado (São Martinho e Santiago);ACC;2;13;1318;131810
2025-10;2025;10;Lisboa;Amadora;Águas Livres;ACC;1;11;1115;111513
2025-10;2025;10;Lisboa;Amadora;Mina de Água;ACC;2;11;1115;111516
2025-10;2025;10;Lisboa;Cascais;Carcavelos e Parede;ACC;1;11;1105;110507
2025-10;2025;10;Lisboa;Lisboa;Avenidas Novas;ACC;1;11;1106;110657
2025-10;2025;10;Lisboa;Lisboa;Beato;ACC;2;11;1106;110607
2025-10;2025;10;Lisboa;Lisboa;Belém;ACC;1;11;1106;110658
2025-10;2025;10;Lisboa;Lisboa;Carnide;ACC;2;11;1106;110611
2025-10;2025;10;Lisboa;Lisboa;Lumiar;CER;1;11;1106;110618
2025-10;2025;10;Lisboa;Lisboa;Santa Maria Maior;ACC;1;11;1106;110665
2025-10;2025;10;Lisboa;Sintra;Algueirão-Mem Martins;ACC;3;11;1111;111102
2025-10;2025;10;Lisboa;Sintra;Rio de Mouro;ACC;5;11;1111;111108
2025-10;2025;10;Lisboa;Sintra;Queluz e Belas;ACC;3;11;1111;111126
2025-10;2025;10;Lisboa;Sintra;São João das Lampas e Terrugem;ACC;2;11;1111;111127
2025-10;2025;10;Lisboa;Oeiras;Oeiras e S. Julião da Barra, Paço de Arcos e Caxias;ACC;3;11;1110;111014
2025-10;2025;10;Lisboa;Mafra;Igreja Nova e Cheleiros;ACC;3;11;1109;110920
2025-10;2025;10;Lisboa;Mafra;Venda do Pinheiro e Santo Estêvão das Galés;ACC;1;11;1109;110922
2025-10;2025;10;Lisboa;Torres Vedras;Ventosa;ACC;1;11;1113;111318
2025-10;2025;10;Lisboa;Alenquer;Carregado e Cadafais;ACC;1;11;1101;110120
2025-10;2025;10;Lisboa;Vila Franca de Xira;Castanheira do Ribatejo e Cachoeiras;ACC;1;11;1114;111414
2025-10;2025;10;Lisboa;Cadaval;Cadaval e Pêro Moniz;ACC;1;11;1104;110411
2025-10;2025;10;Lisboa;Odivelas;Ramada e Caneças;ACC;1;11;1116;111610
2025-10;2025;10;Faro;Aljezur;Aljezur;ACC;1;08;0803;080301
2025-10;2025;10;Faro;Loulé;Almancil;ACC;3;08;0808;080801
2025-10;2025;10;Faro;Loulé;Boliqueime;ACC;1;08;0808;080804
2025-10;2025;10;Faro;Olhão;Olhão;ACC;1;08;0810;081003
2025-10;2025;10;Faro;Olhão;Quelfes;ACC;2;08;0810;081005
2025-10;2025;10;Faro;São Brás de Alportel;São Brás de Alportel;ACC;1;08;0812;081201
2025-10;2025;10;Faro;Faro;Faro (Sé e São Pedro);CER;1;08;0805;080508
2025-10;2025;10;Faro;Vila Real de Santo António;Vila Real de Santo António;ACC;2;08;0816;081602
2025-10;2025;10;Évora;Estremoz;Arcos;ACC;1;07;0704;070401
2025-10;2025;10;Évora;Évora;São Bento do Mato;ACC;1;07;0705;070506
2025-10;2025;10;Évora;Reguengos de Monsaraz;Corval;ACC;1;07;0711;071102
2025-10;2025;10;Évora;Vendas Novas;Vendas Novas;ACC;2;07;0712;071201
2025-10;2025;10;Santarém;Santarém;Pernes;ACC;1;14;1416;141614
2025-10;2025;10;Santarém;Santarém;União das freguesias da cidade de Santarém;ACC;1;14;1416;141633
2025-10;2025;10;Santarém;Rio Maior;Fráguas;ACC;1;14;1414;141405
2025-10;2025;10;Santarém;Alpiarça;Alpiarça;ACC;1;14;1404;140401
2025-10;2025;10;Santarém;Ourém;Caxarias;ACC;1;14;1421;142104
2025-10;2025;10;Santarém;Ourém;Fátima;ACC;3;14;1421;142106
2025-10;2025;10;Santarém;Golegã;Azinhaga;ACC;1;14;1412;141201
2025-10;2025;10;Santarém;Mação;Envendos;ACC;1;14;1413;141305
2025-10;2025;10;Santarém;Salvaterra de Magos;Salvaterra de Magos e Foros de Salvaterra;ACC;1;14;1415;141508
2025-10;2025;10;Santarém;Torres Novas;Meia Via;ACC;1;14;1419;141917
2025-10;2025;10;Santarém;Cartaxo;Cartaxo e Vale da Pinta;ACC;2;14;1406;140609
2025-10;2025;10;Santarém;Tomar;São João Baptista e Santa Maria dos Olivais;ACC;2;14;1418;141821
2025-10;2025;10;Guarda;Guarda;Aldeia do Bispo;ACC;1;09;0907;090703
2025-10;2025;10;Guarda;Guarda;Arrifana;ACC;1;09;0907;090706
2025-10;2025;10;Guarda;Guarda;Guarda;ACC;1;09;0907;090758
2025-10;2025;10;Guarda;Sabugal;Souto;ACC;1;09;0911;091134
2025-10;2025;10;Leiria;Caldas da Rainha;Alvorninha;ACC;1;10;1006;100602
2025-10;2025;10;Leiria;Peniche;Atouguia da Baleia;ACC;1;10;1014;101402
2025-10;2025;10;Leiria;Pombal;Pombal;ACC;3;10;1015;101509
2025-10;2025;10;Leiria;Pombal;Guia, Ilha e Mata Mourisca;ACC;3;10;1015;101518
2025-10;2025;10;Leiria;Marinha Grande;Marinha Grande;ACC;5;10;1010;101001
2025-10;2025;10;Leiria;Porto de Mós;Porto de Mós - São João Baptista e São Pedro;ACC;1;10;1016;101614
2025-10;2025;10;Leiria;Figueiró dos Vinhos;Figueiró dos Vinhos e Bairradas;ACC;1;10;1008;100806
2025-10;2025;10;Setúbal;Moita;Alhos Vedros;ACC;1;15;1506;150601
2025-10;2025;10;Setúbal;Moita;Moita;ACC;2;15;1506;150603
2025-10;2025;10;Setúbal;Seixal;Corroios;ACC;7;15;1510;151005
2025-10;2025;10;Setúbal;Seixal;Fernão Ferro;ACC;3;15;1510;151006
2025-10;2025;10;Setúbal;Palmela;Quinta do Anjo;ACC;1;15;1508;150804
2025-10;2025;10;Setúbal;Palmela;Poceirão e Marateca;ACC;2;15;1508;150806
2025-10;2025;10;Setúbal;Setúbal;Sado;ACC;1;15;1512;151208
2025-10;2025;10;Setúbal;Setúbal;Azeitão (São Lourenço e São Simão);ACC;2;15;1512;151209
2025-10;2025;10;Setúbal;Setúbal;S. Julião, N. S. da Anunciada e S. Maria da Graça;ACC;3;15;1512;151210
2025-10;2025;10;Setúbal;Santiago do Cacém;Santo André;ACC;1;15;1509;150907
2025-10;2025;10;Setúbal;Santiago do Cacém;Santiago do Cacém, S. Cruz e S. Bartolomeu da Serra;ACC;1;15;1509;150912
2025-10;2025;10;Setúbal;Montijo;Sarilhos Grandes;ACC;1;15;1507;150704
2025-10;2025;10;Setúbal;Sines;Sines;ACC;1;15;1513;151301
2025-10;2025;10;Setúbal;Almada;Charneca de Caparica e Sobreda;ACC;5;15;1503;150314
2025-10;2025;10;Coimbra;Figueira da Foz;Maiorca;ACC;1;06;0605;060507
2025-10;2025;10;Coimbra;Coimbra;Assafarge e Antanhol;ACC;1;06;0603;060333
2025-10;2025;10;Coimbra;Coimbra;Santa Clara e Castelo Viegas;ACC;1;06;0603;060336
2025-10;2025;10;Coimbra;Coimbra;São Martinho do Bispo e Ribeira de Frades;ACC;2;06;0603;060338
2025-10;2025;10;Coimbra;Coimbra;Taveiro, Ameal e Arzila;ACC;1;06;0603;060340
2025-10;2025;10;Coimbra;Cantanhede;Febres;ACC;1;06;0602;060207
2025-10;2025;10;Coimbra;Cantanhede;Cantanhede e Pocariça;ACC;1;06;0602;060220
2025-10;2025;10;Coimbra;Penacova;Figueira de Lorvão;ACC;1;06;0613;061302
2025-10;2025;10;Coimbra;Penacova;Lorvão;ACC;1;06;0613;061304
2025-10;2025;10;Coimbra;Mira;Mira;ACC;1;06;0608;060801
2025-10;2025;10;Coimbra;Miranda do Corvo;Miranda do Corvo;ACC;1;06;0609;060902
2025-10;2025;10;Coimbra;Condeixa-a-Nova;Condeixa-a-Velha e Condeixa-a-Nova;ACC;2;06;0604;060411
2025-10;2025;10;Viana do Castelo;Viana do Castelo;Castelo do Neiva;ACC;1;16;1609;160910
2025-10;2025;10;Viana do Castelo;Ponte de Lima;Calheiros;ACC;1;16;1607;160713
2025-10;2025;10;Viana do Castelo;Melgaço;Prado e Remoães;ACC;1;16;1603;160322
2025-10;2025;10;Portalegre;Elvas;Assunção, Ajuda, Salvador e Santo Ildefonso;ACC;1;12;1207;120712
2025-10;2025;10;Portalegre;Avis;Alcórrego e Maranhão;ACC;1;12;1203;120309
2025-10;2025;10;Portalegre;Portalegre;Ribeira de Nisa e Carreiras;ACC;1;12;1214;121413
2025-10;2025;10;Portalegre;Campo Maior;São João Baptista;ACC;1;12;1204;120403
2025-10;2025;10;Portalegre;Sousel;Sousel;ACC;1;12;1215;121504
2025-10;2025;10;Portalegre;Nisa;Espírito Santo, Nossa Senhora da Graça e São Simão;ACC;1;12;1212;121212
2025-10;2025;10;Beja;Aljustrel;São João de Negrilhos;ACC;1;02;0201;020104
2025-10;2025;10;Vila Real;Vila Pouca de Aguiar;Sabroso de Aguiar;ACC;1;17;1713;171317
2025-10;2025;10;Vila Real;Chaves;Santa Cruz/Trindade e Sanjurge;ACC;3;17;1703;170358
2025-10;2025;10;Bragança;Carrazeda de Ansiães;Carrazeda de Ansiães;ACC;1;04;0403;040304
2025-10;2025;10;Bragança;Miranda do douro;Miranda do Douro;ACC;1;04;0406;040608
2025-10;2025;10;Bragança;Bragança;Samil;ACC;1;04;0402;040240
2025-10;2025;10;Bragança;Bragança;Sé, Santa Maria e Meixedo;ACC;1;04;0402;040257
2025-10;2025;10;Castelo Branco;Idanha-a-Nova;Rosmaninhal;ACC;1;05;0505;050512
2025-10;2025;10;Castelo Branco;Idanha-a-Nova;Idanha-a-Nova e Alcafozes;ACC;1;05;0505;050518
2025-10;2025;10;Castelo Branco;Castelo Branco;Lardosa;ACC;1;05;0502;050211
2025-10;2025;10;Castelo Branco;Castelo Branco;Ninho do Açor e Sobral do Campo;ACC;1;05;0502;050230
2025-10;2025;10;Castelo Branco;Fundão;Fundão, Valverde, Donas, A. Joanes, A. Nova do Cabo;ACC;2;05;0504;050434
2025-10;2025;10;Castelo Branco;Proença-a-Nova;Proença-a-Nova e Peral;ACC;1;05;0508;050807
2025-10;2025;10;Viseu;Viseu;Viseu;ACC;1;18;1823;182341
2025-11;2025;11;Viseu;Viseu;Rio de Loba;ACC;2;18;1823;182323
2025-11;2025;11;Viseu;Nelas;Nelas;ACC;1;18;1809;180903
2025-11;2025;11;Viseu;Tondela;Tondela e Nandufe;ACC;2;18;1821;182132
2025-11;2025;11;Viseu;Resende;Resende;ACC;2;18;1813;181311
2025-11;2025;11;Viseu;Sátão;Sátão;ACC;1;18;1817;181710
2025-11;2025;11;Viseu;Vouzela;Fataunços e Figueiredo das Donas;ACC;1;18;1824;182414
2025-11;2025;11;Braga;Braga;Esporões;ACC;1;03;0303;030313
2025-11;2025;11;Braga;Braga;Celeirós, Aveleda e Vimieiro;ACC;1;03;0303;030367
2025-11;2025;11;Braga;Braga;Ferreiros e Gondizalves;ACC;1;03;0303;030371
2025-11;2025;11;Braga;Braga;Nogueira, Fraião e Lamaçães;ACC;2;03;0303;030377
2025-11;2025;11;Braga;Braga;Santa Lucrécia de Algeriz e Navarra;ACC;1;03;0303;030380
2025-11;2025;11;Braga;Guimarães;Costa;ACC;1;03;0308;030812
2025-11;2025;11;Braga;Guimarães;Fermentões;ACC;1;03;0308;030815
2025-11;2025;11;Braga;Guimarães;Gonça;ACC;1;03;0308;030820
2025-11;2025;11;Braga;Guimarães;Ponte;ACC;1;03;0308;030838
2025-11;2025;11;Braga;Guimarães;Atães e Rendufe;ACC;1;03;0308;030878
2025-11;2025;11;Braga;Guimarães;Candoso São Tiago e Mascotelos;ACC;2;03;0308;030881
2025-11;2025;11;Braga;Guimarães;Sande São Lourenço e Balazar;ACC;1;03;0308;030886
2025-11;2025;11;Braga;Guimarães;Sande Vila Nova e Sande São Clemente;ACC;4;03;0308;030887
2025-11;2025;11;Braga;Guimarães;Selho São Lourenço e Gominhães;ACC;1;03;0308;030888
2025-11;2025;11;Braga;Barcelos;Arcozelo;ACC;1;03;0302;030209
2025-11;2025;11;Braga;Barcelos;Tamel (São Veríssimo);ACC;1;03;0302;030277
2025-11;2025;11;Braga;Fafe;Arões (Santa Cristina);ACC;1;03;0307;030726
2025-11;2025;11;Braga;Fafe;Fafe;ACC;2;03;0307;030709
2025-11;2025;11;Braga;Fafe;Quinchães;ACC;2;03;0307;030722
2025-11;2025;11;Braga;Vila Nova de Famalicão;Joane;ACC;1;03;0312;031219
2025-11;2025;11;Braga;Vieira do Minho;Eira Vedra;ACC;1;03;0311;031107
2025-11;2025;11;Braga;Vila Verde;Esqueiros, Nevogilde e Travassós;ACC;1;03;0313;031363
2025-11;2025;11;Braga;Esposende;Esposende, Marinhas e Gandra;ACC;5;03;0306;030618
2025-11;2025;11;Braga;Cabeceiras de Basto;Refojos de Basto, Outeiro e Painzela;ACC;1;03;0304;030421
2025-11;2025;11;Aveiro;Águeda;Recardães e Espinhel;ACC;1;01;0101;010124
2025-11;2025;11;Aveiro;Santa Maria da Feira;Argoncilhe;ACC;5;01;0109;010901
2025-11;2025;11;Aveiro;Santa Maria da Feira;Mozelos;ACC;1;01;0109;010916
2025-11;2025;11;Aveiro;Santa Maria da Feira;Santa Maria de Lamas;ACC;2;01;0109;010925
2025-11;2025;11;Aveiro;Santa Maria da Feira;Caldas de São Jorge e de Pigeiros;ACC;1;01;0109;010932
2025-11;2025;11;Aveiro;Oliveira de Azeméis;Cesar;ACC;1;01;0113;011302
2025-11;2025;11;Aveiro;Oliveira de Azeméis;São Roque;ACC;1;01;0113;011318
2025-11;2025;11;Aveiro;Oliveira de Azeméis;O. Azeméis, Riba-Ul, Ul, Macinhata da Seixa, Madail;ACC;4;01;0113;011321
2025-11;2025;11;Aveiro;Oliveira de Azeméis;Pinheiro da Bemposta, Travanca e Palmaz;ACC;1;01;0113;011322
2025-11;2025;11;Aveiro;Ovar;Esmoriz;ACC;1;01;0115;011503
2025-11;2025;11;Porto;Santo Tirso;Lamelas e Guimarei;ACC;1;13;1314;131436
2025-11;2025;11;Porto;Maia;Moreira;ACC;4;13;1306;130609
2025-11;2025;11;Porto;Felgueiras;Margaride, Várzea, Lagares, Varziela e Moure;ACC;2;13;1303;130335
2025-11;2025;11;Porto;Vila Nova de Gaia;Canelas;ACC;3;13;1317;131703
2025-11;2025;11;Porto;Vila do Conde;Árvore;ACC;2;13;1316;131602
2025-11;2025;11;Porto;Vila do Conde;Aveleda;ACC;1;13;1316;131603
2025-11;2025;11;Porto;Vila do Conde;Gião;ACC;1;13;1316;131610
2025-11;2025;11;Porto;Vila do Conde;Macieira da Maia;ACC;1;13;1316;131614
2025-11;2025;11;Porto;Marco de Canaveses;Bem Viver;ACC;1;13;1307;130734
2025-11;2025;11;Porto;Porto;Paranhos;ACC;1;13;1312;131210
2025-11;2025;11;Porto;Paços de Ferreira;Carvalhosa;ACC;4;13;1309;130902
2025-11;2025;11;Porto;Paços de Ferreira;Paços de Ferreira;ACC;1;13;1309;130918
2025-11;2025;11;Porto;Póvoa de Varzim;Laundos;ACC;1;13;1313;131308
2025-11;2025;11;Porto;Póvoa de Varzim;Aguçadoura e Navais;ACC;1;13;1313;131314
2025-11;2025;11;Porto;Lousada;Lodares;ACC;1;13;1305;130510
2025-11;2025;11;Porto;Lousada;Nevogilde;ACC;1;13;1305;130515
2025-11;2025;11;Porto;Lousada;Figueiras e Covas;ACC;1;13;1305;130529
2025-11;2025;11;Porto;Lousada;Lustosa e Barrosas (Santo Estêvão);ACC;1;13;1305;130530
2025-11;2025;11;Porto;Matosinhos;Custóias, Leça do Balio e Guifões;ACC;1;13;1308;130811
2025-11;2025;11;Porto;Matosinhos;Matosinhos e Leça da Palmeira;ACC;1;13;1308;130812
2025-11;2025;11;Lisboa;Amadora;Alfragide;ACC;2;11;1115;111512
2025-11;2025;11;Lisboa;Amadora;Mina de Água;ACC;2;11;1115;111516
2025-11;2025;11;Lisboa;Lisboa;Santa Maria Maior;ACC;1;11;1106;110665
2025-11;2025;11;Lisboa;Sintra;Algueirão-Mem Martins;ACC;3;11;1111;111102
2025-11;2025;11;Lisboa;Sintra;Rio de Mouro;ACC;5;11;1111;111108
2025-11;2025;11;Lisboa;Sintra;Agualva e Mira-Sintra;ACC;2;11;1111;111122
2025-11;2025;11;Lisboa;Sintra;Queluz e Belas;ACC;3;11;1111;111126
2025-11;2025;11;Lisboa;Sintra;São João das Lampas e Terrugem;ACC;2;11;1111;111127
2025-11;2025;11;Lisboa;Azambuja;Vale do Paraíso;ACC;1;11;1103;110306
2025-11;2025;11;Lisboa;Oeiras;Carnaxide e Queijas;ACC;6;11;1110;111013
2025-11;2025;11;Lisboa;Loures;Santa Iria de Azoia, São João da Talha e Bobadela;ACC;3;11;1107;110728
2025-11;2025;11;Lisboa;Loures;Camarate, Unhos e Apelação;ACC;1;11;1107;110731
2025-11;2025;11;Lisboa;Loures;Sacavém e Prior Velho;ACC;4;11;1107;110727
2025-11;2025;11;Lisboa;Sobral de Monte Agraço;Sobral de Monte Agraço;ACC;1;11;1112;111203
2025-11;2025;11;Lisboa;Alenquer;Aldeia Galega da Merceana e Aldeia Gavinha;ACC;1;11;1101;110118
2025-11;2025;11;Lisboa;Alenquer;Carregado e Cadafais;ACC;1;11;1101;110120
2025-11;2025;11;Lisboa;Vila Franca de Xira;Castanheira do Ribatejo e Cachoeiras;ACC;1;11;1114;111414
2025-11;2025;11;Lisboa;Odivelas;Ramada e Caneças;ACC;1;11;1116;111610
2025-11;2025;11;Faro;Albufeira;Albufeira e Olhos de Água;ACC;1;08;0801;080106
2025-11;2025;11;Faro;Loulé;Almancil;ACC;3;08;0808;080801
2025-11;2025;11;Faro;Portimão;Portimão;ACC;2;08;0811;081103
2025-11;2025;11;Faro;Silves;Armação de Pêra;ACC;1;08;0813;081303
2025-11;2025;11;Faro;Silves;São Bartolomeu de Messines;ACC;2;08;0813;081305
2025-11;2025;11;Faro;Faro;Faro (Sé e São Pedro);CER;1;08;0805;080508
2025-11;2025;11;Évora;Borba;Rio de Moinhos;ACC;1;07;0703;070303
2025-11;2025;11;Évora;Évora;Canaviais;ACC;1;07;0705;070515
2025-11;2025;11;Évora;Évora;Malagueira e Horta das Figueiras;ACC;8;07;0705;070524
2025-11;2025;11;Évora;Montemor-o-Novo;N. S. da Vila, N. S. do Bispo e Silveiras;ACC;3;07;0706;070612
2025-11;2025;11;Santarém;Santarém;União das freguesias da cidade de Santarém;ACC;1;14;1416;141633
2025-11;2025;11;Santarém;Rio Maior;Alcobertas;ACC;3;14;1414;141401
2025-11;2025;11;Santarém;Rio Maior;Fráguas;ACC;1;14;1414;141405
2025-11;2025;11;Santarém;Ourém;Fátima;ACC;3;14;1421;142106
2025-11;2025;11;Santarém;Ourém;Nossa Senhora da Piedade;ACC;2;14;1421;142115
2025-11;2025;11;Santarém;Golegã;Azinhaga;ACC;1;14;1412;141201
2025-11;2025;11;Santarém;Mação;Envendos;ACC;1;14;1413;141305
2025-11;2025;11;Santarém;Salvaterra de Magos;Muge;ACC;1;14;1415;141503
2025-11;2025;11;Santarém;Salvaterra de Magos;Salvaterra de Magos e Foros de Salvaterra;ACC;1;14;1415;141508
2025-11;2025;11;Santarém;Torres Novas;Meia Via;ACC;1;14;1419;141917
2025-11;2025;11;Santarém;Torres Novas;Riachos;ACC;1;14;1419;141910
2025-11;2025;11;Santarém;Cartaxo;Pontével;ACC;1;14;1406;140604
2025-11;2025;11;Santarém;Sardoal;Sardoal;ACC;1;14;1417;141703
2025-11;2025;11;Setúbal;Moita;Alhos Vedros;ACC;1;15;1506;150601
2025-11;2025;11;Setúbal;Seixal;Fernão Ferro;ACC;3;15;1510;151006
2025-11;2025;11;Setúbal;Palmela;Poceirão e Marateca;ACC;2;15;1508;150806
2025-11;2025;11;Setúbal;Sesimbra;Quinta do Conde;ACC;1;15;1511;151103
2025-11;2025;11;Setúbal;Sesimbra;Sesimbra (Castelo);ACC;1;15;1511;151101
2025-11;2025;11;Setúbal;Setúbal;S. Julião, N. S. da Anunciada e S. Maria da Graça;ACC;3;15;1512;151210
2025-11;2025;11;Setúbal;Montijo;Montijo e Afonsoeiro;ACC;3;15;1507;150710
2025-11;2025;11;Setúbal;Almada;Caparica e Trafaria;ACC;1;15;1503;150313
2025-11;2025;11;Guarda;Guarda;Guarda;ACC;1;09;0907;090758
2025-11;2025;11;Guarda;Seia;Pinhanços;ACC;1;09;0912;091209
2025-11;2025;11;Guarda;Sabugal;Sabugal e Aldeia de Santo António;ACC;1;09;0911;091145
2025-11;2025;11;Leiria;Alcobaça;Aljubarrota;ACC;1;10;1001;100120
2025-11;2025;11;Leiria;Caldas da Rainha;Alvorninha;ACC;1;10;1006;100602
2025-11;2025;11;Leiria;Caldas da Rainha;Nadadouro;ACC;1;10;1006;100608
2025-11;2025;11;Leiria;Caldas da Rainha;Tornada e Salir do Porto;ACC;2;10;1006;100619
2025-11;2025;11;Leiria;Peniche;Atouguia da Baleia;ACC;1;10;1014;101402
2025-11;2025;11;Leiria;Peniche;Peniche;ACC;1;10;1014;101407
2025-11;2025;11;Leiria;Batalha;Batalha;ACC;1;10;1004;100401
2025-11;2025;11;Leiria;Pombal;Carriço;ACC;1;10;1015;101505
2025-11;2025;11;Leiria;Pombal;Pombal;ACC;3;10;1015;101509
2025-11;2025;11;Leiria;Pombal;Santiago e S. Simão de Litém e Albergaria dos Doze;ACC;2;10;1015;101519
2025-11;2025;11;Leiria;Marinha Grande;Marinha Grande;ACC;5;10;1010;101001
2025-11;2025;11;Leiria;Porto de Mós;São Bento;ACC;1;10;1016;101610
2025-11;2025;11;Portalegre;Campo Maior;São João Baptista;ACC;1;12;1204;120403
2025-11;2025;11;Coimbra;Figueira da Foz;Alqueidão;ACC;1;06;0605;060502
2025-11;2025;11;Coimbra;Montemor-o-Velho;Montemor-o-Velho e Gatões;ACC;1;06;0610;061016
2025-11;2025;11;Coimbra;Coimbra;Cernache;ACC;1;06;0603;060312
2025-11;2025;11;Coimbra;Coimbra;Santo António dos Olivais;ACC;2;06;0603;060318
2025-11;2025;11;Coimbra;Coimbra;Santa Clara e Castelo Viegas;ACC;1;06;0603;060336
2025-11;2025;11;Coimbra;Coimbra;São Martinho do Bispo e Ribeira de Frades;ACC;2;06;0603;060338
2025-11;2025;11;Coimbra;Coimbra;Taveiro, Ameal e Arzila;ACC;1;06;0603;060340
2025-11;2025;11;Coimbra;Cantanhede;Febres;ACC;1;06;0602;060207
2025-11;2025;11;Coimbra;Cantanhede;Cantanhede e Pocariça;ACC;2;06;0602;060220
2025-11;2025;11;Coimbra;Penacova;Figueira de Lorvão;ACC;1;06;0613;061302
2025-11;2025;11;Coimbra;Mira;Mira;ACC;1;06;0608;060801
2025-11;2025;11;Coimbra;Tábua;Tábua;ACC;2;06;0616;061614
2025-11;2025;11;Coimbra;Condeixa-a-Nova;Condeixa-a-Velha e Condeixa-a-Nova;ACC;2;06;0604;060411
2025-11;2025;11;Viana do Castelo;Viana do Castelo;Santa Marta de Portuzelo;ACC;1;16;1609;160928
2025-11;2025;11;Viana do Castelo;Viana do Castelo;Geraz do Lima (S. Maria, S. Leocádia, Moreira), Deão;ACC;1;16;1609;160943
2025-11;2025;11;Viana do Castelo;Vila Nova de Cerveira;Vila Nova de Cerveira e Lovelhe;ACC;2;16;1610;161019
2025-11;2025;11;Viana do Castelo;Valença;Gandra e Taião;ACC;1;16;1608;160817
2025-11;2025;11;Beja;Odemira;Boavista dos Pinheiros;ACC;1;02;0211;021116
2025-11;2025;11;Beja;Beja;Nossa Senhora das Neves;ACC;1;02;0205;020506
2025-11;2025;11;Beja;Serpa;Vila Nova de São Bento e Vale de Vargo;ACC;1;02;0213;021309
2025-11;2025;11;Beja;Castro Verde;Castro Verde e Casével;ACC;1;02;0206;020606
2025-11;2025;11;Vila Real;Vila Pouca de Aguiar;Bornes de Aguiar;ACC;1;17;1713;171303
2025-11;2025;11;Vila Real;Vila Pouca de Aguiar;Sabroso de Aguiar;ACC;1;17;1713;171317
2025-11;2025;11;Bragança;Mirandela;Mascarenhas;ACC;1;04;0407;040720
2025-11;2025;11;Bragança;Bragança;Izeda, Calvelhe e Paradinha Nova;ACC;1;04;0402;040252
2025-11;2025;11;Castelo Branco;Covilhã;Covilhã e Canhoso;ACC;3;05;0503;050335
2025-12;2025;12;Braga;Vila Nova de Famalicão;Delães;ACC;2;03;0312;031213
2025-12;2025;12;Leiria;Pombal;Carriço;ACC;1;10;1015;101505
2025-12;2025;12;Leiria;Pombal;Pelariga;ACC;2;10;1015;101508
2025-12;2025;12;Leiria;Pombal;Guia, Ilha e Mata Mourisca;ACC;3;10;1015;101518
2025-12;2025;12;Castelo Branco;Castelo Branco;São Vicente da Beira;ACC;1;05;0502;050222
2025-12;2025;12;Santarém;Rio Maior;Rio Maior;ACC;2;14;1414;141408
2025-12;2025;12;Guarda;Guarda;Aldeia do Bispo;ACC;1;09;0907;090703
2025-12;2025;12;Setúbal;Moita;Alhos Vedros;ACC;1;15;1506;150601
2025-12;2025;12;Setúbal;Moita;Moita;ACC;2;15;1506;150603
2025-12;2025;12;Portalegre;Nisa;Alpalhão;ACC;1;12;1212;121201
2025-12;2025;12;Portalegre;Nisa;Espírito Santo, Nossa Senhora da Graça e São Simão;ACC;1;12;1212;121212
2025-12;2025;12;Coimbra;Figueira da Foz;Alqueidão;ACC;1;06;0605;060502
2025-12;2025;12;Coimbra;Figueira da Foz;Maiorca;ACC;1;06;0605;060507
2025-12;2025;12;Leiria;Caldas da Rainha;Nadadouro;ACC;1;10;1006;100608
2025-12;2025;12;Setúbal;Seixal;Amora;ACC;5;15;1510;151002
2025-12;2025;12;Leiria;Leiria;Leiria, Pousos, Barreira e Cortes;ACC;1;10;1009;100933
2025-12;2025;12;Santarém;Ourém;Atouguia;ACC;2;14;1421;142102
2025-12;2025;12;Santarém;Ourém;Caxarias;ACC;1;14;1421;142104
2025-12;2025;12;Santarém;Ourém;Fátima;ACC;3;14;1421;142106
2025-12;2025;12;Santarém;Golegã;Golegã;ACC;1;14;1412;141202
2025-12;2025;12;Porto;Valongo;Ermesinde;CER;1;13;1315;131503
2025-12;2025;12;Porto;Valongo;Campo e Sobrado;ACC;1;13;1315;131506
2025-12;2025;12;Porto;Valongo;Campo e Sobrado;CER;1;13;1315;131506
2025-12;2025;12;Porto;Paredes;Astromil;ACC;1;13;1310;131002
2025-12;2025;12;Porto;Paredes;Cristelo;CER;1;13;1310;131009
2025-12;2025;12;Porto;Paredes;Paredes;ACC;3;13;1310;131025
2025-12;2025;12;Braga;Barcelos;Alvelos;ACC;1;03;0302;030208
2025-12;2025;12;Braga;Barcelos;Arcozelo;ACC;1;03;0302;030209
2025-12;2025;12;Braga;Barcelos;Manhente;ACC;2;03;0302;030245
2025-12;2025;12;Braga;Barcelos;Barcelos, V. Boa, V. Frescainha;ACC;3;03;0302;030293
2025-11;2025;11;Lisboa;Amadora;Venteira;ACC;2;11;1115;111517
2025-12;2025;12;Lisboa;Amadora;Águas Livres;ACC;1;11;1115;111513
2025-12;2025;12;Lisboa;Amadora;Alfragide;ACC;2;11;1115;111512
2025-11;2025;11;Lisboa;Torres Vedras;Ventosa;ACC;1;11;1113;111318
2025-12;2025;12;Lisboa;Torres Vedras;Ponte do Rol;ACC;2;11;1113;111310
2025-11;2025;11;Leiria;Pombal;Vermoil;ACC;1;10;1015;101513
2025-12;2025;12;Lisboa;Vila Franca de Xira;Alverca do Ribatejo e Sobralinho;ACC;2;11;1114;111413
2025-11;2025;11;Aveiro;Oliveira de Azeméis;Vila de Cucujães;ACC;3;01;0113;011319
2025-12;2025;12;Aveiro;Oliveira de Azeméis;Carregosa;ACC;2;01;0113;011301
2025-12;2025;12;Aveiro;Oliveira de Azeméis;Cesar;ACC;1;01;0113;011302
2025-12;2025;12;Aveiro;Oliveira de Azeméis;Fajões;ACC;1;01;0113;011303
2025-12;2025;12;Aveiro;Oliveira de Azeméis;São Roque;ACC;1;01;0113;011318
2025-12;2025;12;Braga;Vila Verde;Freiriz;ACC;1;03;0313;031316
2025-12;2025;12;Braga;Vila Verde;Gême;ACC;1;03;0313;031317
2025-12;2025;12;Braga;Vila Verde;Turiz;ACC;1;03;0313;031354
2025-11;2025;11;Castelo Branco;Vila de Rei;Vila de Rei;ACC;1;05;0510;051003
2025-12;2025;12;Porto;Vila do Conde;Árvore;ACC;3;13;1316;131602
2025-11;2025;11;Porto;Maia;Vila Nova da Telha;ACC;1;13;1306;130616
2025-12;2025;12;Porto;Maia;Cidade da Maia;ACC;2;13;1306;130619
2025-12;2025;12;Porto;Maia;Folgosa;ACC;1;13;1306;130603
2025-12;2025;12;Porto;Maia;Moreira;ACC;4;13;1306;130609
2025-12;2025;12;Porto;Maia;Pedrouços;CER;1;13;1306;130617
2025-11;2025;11;Lisboa;Cadaval;Vilar;ACC;1;11;1104;110410
2025-11;2025;11;Leiria;Alcobaça;Vimeiro;ACC;1;10;1001;100116
2025-12;2025;12;Braga;Braga;Adaúfe;ACC;4;03;0303;030301
2025-12;2025;12;Braga;Braga;Palmeira;ACC;2;03;0303;030331
2025-12;2025;12;Braga;Braga;Sequeira;ACC;1;03;0303;030354
2025-12;2025;12;Porto;Santo Tirso;Água Longa;ACC;1;13;1314;131402
2025-12;2025;12;Porto;Santo Tirso;Monte Córdova;ACC;1;13;1314;131413
2025-12;2025;12;Porto;Felgueiras;Airães;ACC;1;13;1303;130302
2025-12;2025;12;Aveiro;Albergaria-a-Velha;Albergaria-a-Velha e Valmaior;ACC;2;01;0102;010209
2025-12;2025;12;Évora;Viana do Alentejo;Alcáçovas;ACC;1;07;0713;071301
2025-12;2025;12;Santarém;Santarém;Amiais de Baixo;ACC;1;14;1416;141607
2025-12;2025;12;Lisboa;Lisboa;Belém;ACC;1;11;1106;110658
2025-12;2025;12;Lisboa;Lisboa;Campolide;ACC;1;11;1106;110610
2025-12;2025;12;Lisboa;Lisboa;Carnide;ACC;2;11;1106;110611
2025-12;2025;12;Lisboa;Lisboa;Lumiar;ACC;5;11;1106;110618
2025-12;2025;12;Lisboa;Lisboa;Parque das Nações;ACC;2;11;1106;110662
2025-12;2025;12;Lisboa;Lisboa;Santo António;ACC;1;11;1106;110666
2025-12;2025;12;Braga;Guimarães;Costa;ACC;1;03;0308;030812
2025-12;2025;12;Braga;Guimarães;Lordelo;ACC;1;03;0308;030828
2025-12;2025;12;Braga;Guimarães;Polvoreira;ACC;2;03;0308;030837
2025-12;2025;12;Braga;Guimarães;Atães e Rendufe;ACC;1;03;0308;030878
2025-12;2025;12;Lisboa;Sintra;Agualva e Mira-Sintra;ACC;2;11;1111;111122
2025-12;2025;12;Coimbra;Figueira da Foz;Marinha das Ondas;ACC;2;06;0605;060508
2025-12;2025;12;Aveiro;Arouca;Arouca e Burgo;ACC;1;01;0104;010421
2025-12;2025;12;Faro;Portimão;Portimão;ACC;3;08;0811;081103
2025-12;2025;12;Évora;Estremoz;Estremoz (Santa Maria e Santo André);ACC;6;07;0704;070414
2025-12;2025;12;Porto;Vila Nova de Gaia;Avintes;ACC;1;13;1317;131702
2025-12;2025;12;Porto;Vila Nova de Gaia;São Félix da Marinha;ACC;4;13;1317;131717
2025-12;2025;12;Aveiro;Santa Maria da Feira;Arrifana;ACC;1;01;0109;010902
2025-12;2025;12;Aveiro;Santa Maria da Feira;Mozelos;ACC;2;01;0109;010916
2025-12;2025;12;Aveiro;Santa Maria da Feira;Paços de Brandão;ACC;2;01;0109;010919
2025-12;2025;12;Aveiro;Santa Maria da Feira;São João de Ver;ACC;2;01;0109;010926
2025-12;2025;12;Aveiro;Santa Maria da Feira;Canedo, Vale e Vila Maior;ACC;1;01;0109;010933
2025-12;2025;12;Braga;Fafe;Arões (Santa Cristina);ACC;1;03;0307;030726
2025-12;2025;12;Braga;Fafe;Fafe;ACC;2;03;0307;030709
2025-12;2025;12;Aveiro;Anadia;Avelãs de Cima;ACC;1;01;0103;010305
2025-12;2025;12;Porto;Gondomar;Rio Tinto;CER;1;13;1304;130408
2025-12;2025;12;Porto;Gondomar;Fânzeres e São Pedro da Cova;ACC;5;13;1304;130413
2025-12;2025;12;Porto;Gondomar;Fânzeres e São Pedro da Cova;CER;1;13;1304;130413
2025-12;2025;12;Porto;Gondomar;Gondomar (São Cosme), Valbom e Jovim;CER;1;13;1304;130415
2025-12;2025;12;Lisboa;Oeiras;Algés, Linda-a-Velha e Cruz Quebrada-Dafundo;ACC;4;11;1110;111012
2025-12;2025;12;Porto;Marco de Canaveses;Constance;ACC;2;13;1307;130705
2025-12;2025;12;Porto;Porto;Campanhã;ACC;3;13;1312;131203
2025-12;2025;12;Porto;Porto;Campanhã;CER;1;13;1312;131203
2025-12;2025;12;Porto;Porto;Aldoar, Foz do Douro e Nevogilde;ACC;1;13;1312;131216
2025-12;2025;12;Porto;Porto;Aldoar, Foz do Douro e Nevogilde;CER;1;13;1312;131216
2025-12;2025;12;Porto;Porto;Cedofeita, Ildefonso, Sé, Miragaia, Nicolau, Vitória;CER;1;13;1312;131217
2025-12;2025;12;Porto;Porto;Lordelo do Ouro e Massarelos;ACC;2;13;1312;131218
2025-12;2025;12;Évora;Borba;Rio de Moinhos;ACC;1;07;0703;070303
2025-12;2025;12;Viseu;São Pedro do Sul;Bordonhos;ACC;1;18;1816;181602
2025-12;2025;12;Vila Real;Vila Pouca de Aguiar;Bornes de Aguiar;ACC;1;17;1713;171303
2025-12;2025;12;Vila Real;Vila Pouca de Aguiar;Sabroso de Aguiar;ACC;1;17;1713;171317
2025-12;2025;12;Vila Real;Boticas;Boticas e Granja;ACC;1;17;1702;170219
2025-12;2025;12;Lisboa;Loures;Bucelas;ACC;1;11;1107;110702
2025-12;2025;12;Lisboa;Loures;Santa Iria de Azoia, São João da Talha e Bobadela;ACC;3;11;1107;110728
2025-12;2025;12;Aveiro;Murtosa;Bunheiro;ACC;2;01;0112;011201
2025-12;2025;12;Porto;Lousada;Cristelos, Boim e Ordem;ACC;2;13;1305;130528
2025-12;2025;12;Porto;Lousada;Figueiras e Covas;ACC;1;13;1305;130529
2025-12;2025;12;Viana do Castelo;Ponte de Lima;Calheiros;ACC;1;16;1607;160713
2025-12;2025;12;Viseu;Nelas;Canas de Senhorim;ACC;1;18;1809;180901
2025-12;2025;12;Évora;Évora;Nossa Senhora de Machede;ACC;1;07;0705;070503
2025-12;2025;12;Coimbra;Montemor-o-Velho;Carapinheira;ACC;1;06;0610;061003
2025-12;2025;12;Porto;Paços de Ferreira;Carvalhosa;ACC;4;13;1309;130902
2025-12;2025;12;Viana do Castelo;Vila Nova de Cerveira;Cornes;ACC;1;16;1610;161003
2025-12;2025;12;Aveiro;Ovar;Cortegaça;ACC;1;01;0115;011502
2025-12;2025;12;Aveiro;Ovar;Esmoriz;ACC;1;01;0115;011503
2025-12;2025;12;Évora;Reguengos de Monsaraz;Corval;ACC;1;07;0711;071102
2025-12;2025;12;Coimbra;Cantanhede;Cantanhede e Pocariça;ACC;2;06;0602;060220
2025-12;2025;12;Castelo Branco;Covilhã;Covilhã e Canhoso;ACC;4;05;0503;050335
2025-12;2025;12;Coimbra;Penacova;Penacova;ACC;2;06;0613;061307
2025-12;2025;12;Viana do Castelo;Valença;Fontoura;ACC;1;16;1608;160805
2025-12;2025;12;Viana do Castelo;Valença;São Pedro da Torre;ACC;1;16;1608;160812
2025-12;2025;12;Viana do Castelo;Valença;Gandra e Taião;ACC;1;16;1608;160817
2025-12;2025;12;Portalegre;Portalegre;Fortios;ACC;1;12;1214;121404
2025-12;2025;12;Leiria;Óbidos;Gaeiras;ACC;1;10;1012;101208
2025-12;2025;12;Aveiro;Ílhavo;Gafanha da Encarnação;ACC;1;01;0110;011005
2025-12;2025;12;Aveiro;Ílhavo;Ílhavo (São Salvador);ACC;3;01;0110;011008
2025-12;2025;12;Setúbal;Setúbal;Gâmbia-Pontes-Alto da Guerra;ACC;1;15;1512;151207
2025-12;2025;12;Setúbal;Setúbal;Sado;ACC;1;15;1512;151208
2025-12;2025;12;Setúbal;Setúbal;Setúbal (São Sebastião);ACC;3;15;1512;151205
2025-12;2025;12;Guarda;Gouveia;Gouveia;ACC;1;09;0906;090625
2025-12;2025;12;Coimbra;Mira;Mira;ACC;1;06;0608;060801
2025-12;2025;12;Santarém;Alcanena;Moitas Venda;ACC;1;14;1402;140207
2025-12;2025;12;Santarém;Alcanena;Alcanena e Vila Moreira;ACC;2;14;1402;140211
2025-12;2025;12;Beja;Beja;Beja (Salvador e Santa Maria da Feira);ACC;4;02;0205;020520
2025-12;2025;12;Beja;Beja;Beja (Santiago Maior e São João Baptista);ACC;1;02;0205;020521
2025-12;2025;12;Santarém;Entroncamento;Nossa Senhora de Fátima;ACC;1;14;1410;141002
2025-12;2025;12;Faro;Olhão;Olhão;ACC;1;08;0810;081003
2025-12;2025;12;Faro;Olhão;Quelfes;ACC;2;08;0810;081005
2025-12;2025;12;Setúbal;Palmela;Palmela;ACC;2;15;1508;150802
2025-12;2025;12;Setúbal;Palmela;Pinhal Novo;ACC;1;15;1508;150803
2025-12;2025;12;Setúbal;Palmela;Quinta do Anjo;ACC;1;15;1508;150804
2025-12;2025;12;Aveiro;Espinho;Paramos;ACC;1;01;0107;010704
2025-12;2025;12;Guarda;Seia;Pinhanços;ACC;1;09;0912;091209
2025-12;2025;12;Leiria;Porto de Mós;Porto de Mós - São João Baptista e São Pedro;ACC;1;10;1016;101614
2025-12;2025;12;Leiria;Porto de Mós;São Bento;ACC;1;10;1016;101610
2025-12;2025;12;Braga;Póvoa de Lanhoso;Fonte Arcada e Oliveira;ACC;1;03;0309;030934
2025-12;2025;12;Setúbal;Sesimbra;Quinta do Conde;ACC;2;15;1511;151103
2025-12;2025;12;Braga;Vizela;Santa Eulália;ACC;1;03;0314;031401
2025-12;2025;12;Portalegre;Castelo de Vide;São João Baptista;ACC;1;12;1205;120504
2025-12;2025;12;Viseu;Sátão;Silvã de Cima;ACC;1;18;1817;181711
2025-12;2025;12;Guarda;Sabugal;Souto;ACC;1;09;0911;091134
2025-12;2025;12;Lisboa;Alenquer;Aldeia Galega da Merceana e Aldeia Gavinha;ACC;1;11;1101;110118
2025-12;2025;12;Lisboa;Alenquer;Alenquer (Santo Estêvão e Triana);ACC;1;11;1101;110119
2025-12;2025;12;Lisboa;Alenquer;Carregado e Cadafais;ACC;2;11;1101;110120
2025-12;2025;12;Setúbal;Almada;Caparica e Trafaria;ACC;1;15;1503;150313
2025-12;2025;12;Setúbal;Almada;Charneca de Caparica e Sobreda;ACC;4;15;1503;150314
2025-12;2025;12;Braga;Amares;Amares e Figueiredo;ACC;2;03;0301;030125
2025-12;2025;12;Braga;Esposende;Apúlia e Fão;ACC;1;03;0306;030616
2025-12;2025;12;Setúbal;Barreiro;Barreiro e Lavradio;ACC;1;15;1504;150410
2025-12;2025;12;Braga;Celorico de Basto;Britelo, Gémeos e Ourilhe;ACC;1;03;0305;030523
2025-12;2025;12;Beja;Castro Verde;Castro Verde e Casével;ACC;1;02;0206;020606
2025-12;2025;12;Santarém;Coruche;Coruche, Fajarda e Erra;ACC;2;14;1409;140909
2025-12;2025;12;Portalegre;Crato;Crato e Mártires, Flor da Rosa e Vale do Peso;ACC;1;12;1206;120607
2025-12;2025;12;Viseu;Vouzela;Fataunços e Figueiredo das Donas;ACC;1;18;1824;182414
2025-12;2025;12;Castelo Branco;Fundão;Fundão, Valverde, Donas, A. Joanes, A. Nova do Cabo;ACC;3;05;0504;050434
2025-12;2025;12;Setúbal;Grândola;Grândola e Santa Margarida da Serra;ACC;2;15;1505;150506
2025-12;2025;12;Viseu;Castro daire;Castro Daire;ACC;1;18;1803;180304
2025-12;2025;12;Bragança;Mogadouro;Penas Roias;ACC;1;04;0408;040812
2025-12;2025;12;Évora;Portel;Portel;ACC;1;07;0709;070905
2025-12;2025;12;Évora;Alandroal;N. S. Conceição, S. Brás dos Matos e Juromenha;ACC;1;07;0701;070107
2025-12;2025;12;Porto;Vila Nova de Gaia;Mafamude e Vilar do Paraíso;ACC;3;13;1317;131727
2025-12;2025;12;Lisboa;Torres Vedras;Ventosa;ACC;1;11;1113;111318
2025-12;2025;12;Braga;Braga;Real, Dume e Semelhe;ACC;2;03;0303;030379
2025-12;2025;12;Braga;Braga;Santa Lucrécia de Algeriz e Navarra;ACC;1;03;0303;030380
2025-12;2025;12;Coimbra;Montemor-o-Velho;Montemor-o-Velho e Gatões;ACC;1;06;0610;061016
2025-12;2025;12;Aveiro;Oliveira de Azeméis;Vila de Cucujães;ACC;3;01;0113;011319
2025-12;2025;12;Braga;Guimarães;Oliveira, São Paio e São Sebastião;ACC;2;03;0308;030884
2025-12;2025;12;Braga;Guimarães;Selho São Lourenço e Gominhães;ACC;1;03;0308;030888
2025-12;2025;12;Setúbal;Palmela;Poceirão e Marateca;ACC;3;15;1508;150806
2025-12;2025;12;Vila Real;Peso da Régua;Poiares e Canelas;ACC;1;17;1708;170816
2025-12;2025;12;Aveiro;Águeda;Recardães e Espinhel;ACC;1;01;0101;010124
2025-12;2025;12;Portalegre;Portalegre;Sé e São Lourenço;ACC;1;12;1214;121411
2025-12;2025;12;Santarém;Santarém;Romeira e Várzea;ACC;1;14;1416;141632
2025-12;2025;12;Guarda;Sabugal;Sabugal e Aldeia de Santo António;ACC;1;09;0911;091145
2025-12;2025;12;Lisboa;Loures;Santo António dos Cavaleiros e Frielas;ACC;2;11;1107;110730
2025-12;2025;12;Santarém;Salvaterra de Magos;Salvaterra de Magos e Foros de Salvaterra;ACC;1;14;1415;141508
2025-12;2025;12;Braga;Vila Verde;Vila de Prado;ACC;2;03;0313;031342
2025-12;2025;12;Coimbra;Coimbra;São Martinho do Bispo e Ribeira de Frades;ACC;2;06;0603;060338
2025-12;2025;12;Coimbra;Cantanhede;Sepins e Bolho;ACC;1;06;0602;060223
2025-12;2025;12;Santarém;Abrantes;São Miguel do Rio Torto e Rossio ao Sul do Tejo;ACC;1;14;1401;140124
2025-12;2025;12;Leiria;Pombal;Santiago e S. Simão de Litém e Albergaria dos Doze;ACC;2;10;1015;101519
2025-12;2025;12;Leiria;Pombal;Vermoil;ACC;1;10;1015;101513
2025-12;2025;12;Aveiro;Anadia;Tamengos, Aguim e Óis do Bairro;ACC;1;01;0103;010318
2025-12;2025;12;Faro;Tavira;Tavira (Santa Maria e Santiago);ACC;1;08;0814;081412
2025-12;2025;12;Santarém;Torres Novas;Torres Novas (Santa Maria, Salvador e Santiago);ACC;1;14;1419;141920
2025-12;2025;12;Leiria;Caldas da Rainha;Tornada e Salir do Porto;ACC;2;10;1006;100619
2025-12;2025;12;Viana do Castelo;Viana do Castelo;Vila de Punhe;ACC;1;16;1609;160938
2025-12;2025;12;Lisboa;Mafra;Venda do Pinheiro e Santo Estêvão das Galés;ACC;2;11;1109;110922
2025-12;2025;12;Lisboa;Azambuja;Vale do Paraíso;ACC;1;11;1103;110306
2025-12;2025;12;Santarém;Sardoal;Valhascos;ACC;1;14;1417;141704
2025-12;2025;12;Porto;Valongo;Valongo;CER;1;13;1315;131505
2025-12;2025;12;Porto;Paredes;Vandoma;ACC;1;13;1310;131022
2025-12;2025;12;Lisboa;Vila Franca de Xira;Vialonga;ACC;2;11;1114;111408
2025-12;2025;12;Porto;Vila do Conde;Vila do Conde;CER;1;13;1316;131628
2025-12;2025;12;Porto;Vila do Conde;Vilar de Pinheiro;ACC;2;13;1316;131630
2025-12;2025;12;Porto;Maia;Vila Nova da Telha;ACC;1;13;1306;130616
2025-12;2025;12;Leiria;Alcobaça;Vimeiro;ACC;1;10;1001;100116
2025-12;2025;12;Bragança;Vinhais;Vinhais;ACC;1;04;0412;041235
2025-12;2025;12;Coimbra;Oliveira do Hospital;Oliveira do Hospital e São Paio de Gramaços;ACC;1;06;0611;061124
2025-12;2025;12;Lisboa;Odivelas;Pontinha e Famões;ACC;6;11;1116;111608
2025-12;2025;12;Braga;Cabeceiras de Basto;Refojos de Basto, Outeiro e Painzela;ACC;1;03;0304;030421
2025-12;2025;12;Viseu;Tarouca;Tarouca e Dálvares;ACC;2;18;1820;182013
2025-12;2025;12;Castelo Branco;Vila Velha de Ródão;Vila Velha de Ródão;ACC;1;05;0511;051104
2025-12;2025;12;Bragança;Vimioso;Vimioso;ACC;1;04;0411;041114
2024-06;2024;06;Braga;Braga;Ferreiros e Gondizalves;ACC;1;03;0303;030371
2024-06;2024;06;Leiria;Figueiró dos Vinhos;Figueiró dos Vinhos e Bairradas;ACC;1;10;1008;100806
2024-05;2024;05;Leiria;Figueiró dos Vinhos;Figueiró dos Vinhos e Bairradas;ACC;1;10;1008;100806
2024-06;2024;06;Bragança;Bragança;Izeda, Calvelhe e Paradinha Nova;ACC;1;04;0402;040252
2024-06;2024;06;Leiria;Leiria;Marrazes e Barosa;ACC;2;10;1009;100934
2025-05;2025;05;Braga;Guimarães;Oliveira, São Paio e São Sebastião;ACC;2;03;0308;030884
2025-06;2025;06;Lisboa;Oeiras;Algés, Linda-a-Velha e Cruz Quebrada-Dafundo;ACC;3;11;1110;111012
2025-06;2025;06;Lisboa;Loures;Camarate, Unhos e Apelação;ACC;1;11;1107;110731
2025-06;2025;06;Lisboa;Oeiras;Carnaxide e Queijas;ACC;2;11;1110;111013
2025-06;2025;06;Santarém;Alcanena;Malhou, Louriceira e Espinheiro;ACC;1;14;1402;140212
2025-05;2025;05;Santarém;Alcanena;Malhou, Louriceira e Espinheiro;ACC;1;14;1402;140212
2025-06;2025;06;Coimbra;Montemor-o-Velho;Montemor-o-Velho e Gatões;ACC;1;06;0610;061016
2025-06;2025;06;Setúbal;Montijo;Montijo e Afonsoeiro;ACC;1;15;1507;150710
2025-05;2025;05;Setúbal;Montijo;Montijo e Afonsoeiro;ACC;1;15;1507;150710
2024-05;2024;05;Setúbal;Almada;Charneca de Caparica e Sobreda;ACC;1;15;1503;150314
2024-05;2024;05;Porto;Gondomar;Fânzeres e São Pedro da Cova;ACC;1;13;1304;130413
2024-05;2024;05;Porto;Felgueiras;Margaride, Várzea, Lagares, Varziela e Moure;ACC;1;13;1303;130335
2024-05;2024;05;Aveiro;Oliveira de Azeméis;O. Azeméis, Riba-Ul, Ul, Macinhata da Seixa, Madail;ACC;1;01;0113;011321
2025-05;2025;05;Porto;Vila Nova de Gaia;Canidelo;ACC;1;13;1317;131704
2025-05;2025;05;Santarém;Ourém;Fátima;ACC;1;14;1421;142106
2024-03;2024;03;Lisboa;Torres Vedras;Santa Maria, São Pedro e Matacães;ACC;1;11;1113;111326
2025-05;2025;05;Aveiro;Santa Maria da Feira;Canedo, Vale e Vila Maior;ACC;1;01;0109;010933
2025-05;2025;05;Porto;Felgueiras;Vila Verde e Santão;ACC;1;13;1303;130341
2024-03;2024;03;Braga;Braga;Merelim (São Paio), Panoias e Parada de Tibães;ACC;1;03;0303;030374
2024-03;2024;03;Lisboa;Odivelas;Póvoa de Santo Adrião e Olival Basto;ACC;1;11;1116;111609
2025-03;2025;03;Lisboa;Odivelas;Póvoa de Santo Adrião e Olival Basto;ACC;1;11;1116;111609
2025-05;2025;05;Lisboa;Loures;Santo Antão e São Julião do Tojal;ACC;2;11;1107;110729
2025-05;2025;05;Santarém;Tomar;São João Baptista e Santa Maria dos Olivais;ACC;2;14;1418;141821
2025-05;2025;05;Leiria;Caldas da Rainha;Tornada e Salir do Porto;ACC;2;10;1006;100619
2025-05;2025;05;Aveiro;Santa Maria da Feira;Milheirós de Poiares;ACC;1;01;0109;010914
2025-05;2025;05;Lisboa;Amadora;Mina de Água;ACC;1;11;1115;111516
2025-03;2025;03;Santarém;Torres Novas;Riachos;ACC;1;14;1419;141910
2025-05;2025;05;Aveiro;Águeda;Águeda e Borralha;ACC;1;01;0101;010121
2025-05;2025;05;Porto;Vila Nova de Gaia;Sandim, Olival, Lever e Crestuma;ACC;1;13;1317;131729
2025-03;2025;03;Santarém;Ourém;Caxarias;ACC;1;14;1421;142104
2025-03;2025;03;Santarém;Tomar;São Pedro de Tomar;ACC;1;14;1418;141813
2025-03;2025;03;Leiria;Figueiró dos Vinhos;Figueiró dos Vinhos e Bairradas;ACC;1;10;1008;100806
2025-03;2025;03;Lisboa;Odivelas;Pontinha e Famões;ACC;2;11;1116;111608
2025-03;2025;03;Coimbra;Coimbra;Santa Clara e Castelo Viegas;ACC;1;06;0603;060336
2025-03;2025;03;Porto;Vila Nova de Gaia;Canidelo;ACC;1;13;1317;131704
2025-03;2025;03;Braga;Vila Verde;Gême;ACC;1;03;0313;031317
2025-03;2025;03;Beja;Beja;Beja (Salvador e Santa Maria da Feira);ACC;4;02;0205;020520
2025-03;2025;03;Porto;Trofa;Bougado (São Martinho e Santiago);ACC;1;13;1318;131810
2025-03;2025;03;Porto;Vila Nova de Gaia;Grijó e Sermonde;ACC;1;13;1317;131725
2025-03;2025;03;Leiria;Leiria;Monte Real e Carvide;ACC;1;10;1009;100935
2024-06;2024;06;Viana do Castelo;Viana do Castelo;São Romão de Neiva;ACC;1;16;1609;160923
2024-06;2024;06;Santarém;Alcanena;Alcanena e Vila Moreira;ACC;1;14;1402;140211
2025-06;2025;06;Santarém;Alcanena;Alcanena e Vila Moreira;ACC;1;14;1402;140211
2025-03;2025;03;Santarém;Alcanena;Alcanena e Vila Moreira;ACC;1;14;1402;140211
2024-06;2024;06;Lisboa;Cadaval;Painho e Figueiros;ACC;1;11;1104;110413
2025-05;2025;05;Santarém;Cartaxo;Vila Chã de Ourique;ACC;1;14;1406;140607
2025-06;2025;06;Lisboa;Amadora;Águas Livres;ACC;1;11;1115;111513
2025-06;2025;06;Aveiro;Santa Maria da Feira;Arrifana;ACC;1;01;0109;010902
2025-06;2025;06;Lisboa;Lisboa;Carnide;ACC;2;11;1106;110611
2025-06;2025;06;Santarém;Salvaterra de Magos;Muge;ACC;1;14;1415;141503
2025-06;2025;06;Leiria;Caldas da Rainha;Nadadouro;ACC;1;10;1006;100608
2025-06;2025;06;Aveiro;Aveiro;Requeixo, Nossa Senhora de Fátima e Nariz;ACC;1;01;0105;010516
2025-03;2025;03;Aveiro;Santa Maria da Feira;Santa Maria de Lamas;ACC;2;01;0109;010925
2025-06;2025;06;Portalegre;Castelo de Vide;São João Baptista;ACC;1;12;1205;120504
2025-06;2025;06;Santarém;Coruche;Coruche, Fajarda e Erra;ACC;1;14;1409;140909
2025-05;2025;05;Santarém;Coruche;Coruche, Fajarda e Erra;ACC;1;14;1409;140909
2023-05;2023;05;Viseu;Tondela;Guardão;ACC;1;18;1821;182108
2023-03;2023;03;Viseu;Tondela;Guardão;ACC;1;18;1821;182108
2024-05;2024;05;Setúbal;Palmela;Palmela;ACC;2;15;1508;150802
2024-05;2024;05;Setúbal;Palmela;Quinta do Anjo;ACC;1;15;1508;150804
2025-06;2025;06;Braga;Barcelos;Carvalhal;ACC;1;03;0302;030220
2024-03;2024;03;Braga;Barcelos;Carvalhal;ACC;1;03;0302;030220
2024-03;2024;03;Porto;Valongo;Ermesinde;ACC;1;13;1315;131503
2024-03;2024;03;Braga;Guimarães;Lordelo;ACC;1;03;0308;030828
2025-06;2025;06;Lisboa;Alenquer;Alenquer (Santo Estêvão e Triana);ACC;1;11;1101;110119
2025-06;2025;06;Braga;Barcelos;Areias de Vilar e Encourados;ACC;1;03;0302;030292
2024-05;2024;05;Braga;Barcelos;Areias de Vilar e Encourados;ACC;1;03;0302;030292
2025-06;2025;06;Lisboa;Amadora;Alfragide;ACC;2;11;1115;111512
2025-06;2025;06;Porto;Marco de Canaveses;Bem Viver;ACC;1;13;1307;130734
2025-06;2025;06;Braga;Fafe;Estorãos;ACC;1;03;0307;030708
2025-06;2025;06;Setúbal;Setúbal;Azeitão (São Lourenço e São Simão);ACC;1;15;1512;151209
2025-06;2025;06;Aveiro;Santa Maria da Feira;Santa Maria da Feira, Travanca, Sanfins e Espargo;ACC;1;01;0109;010935
2025-06;2025;06;Porto;Vila Nova de Gaia;Mafamude e Vilar do Paraíso;ACC;2;13;1317;131727
2025-06;2025;06;Porto;Póvoa de Varzim;Póvoa de Varzim, Beiriz e Argivai;ACC;1;13;1313;131315
2025-05;2025;05;Porto;Póvoa de Varzim;Póvoa de Varzim, Beiriz e Argivai;ACC;1;13;1313;131315
2024-05;2024;05;Braga;Vila Verde;Vila de Prado;ACC;1;03;0313;031342
2025-05;2025;05;Leiria;Alcobaça;Aljubarrota;ACC;1;10;1001;100120
2025-05;2025;05;Lisboa;Lisboa;Avenidas Novas;ACC;1;11;1106;110657
2025-03;2025;03;Braga;Guimarães;Polvoreira;ACC;2;03;0308;030837
2025-03;2025;03;Braga;Vila Verde;Turiz;ACC;1;03;0313;031354
2025-05;2025;05;Lisboa;Cascais;Cascais e Estoril;ACC;1;11;1105;110508
2025-03;2025;03;Lisboa;Cascais;Cascais e Estoril;ACC;1;11;1105;110508
2025-05;2025;05;Coimbra;Condeixa-a-Nova;Condeixa-a-Velha e Condeixa-a-Nova;ACC;1;06;0604;060411
2025-05;2025;05;Évora;Évora;N. S. da Tourega e N. S. de Guadalupe;ACC;1;07;0705;070525
2025-05;2025;05;Vila Real;Vila Pouca de Aguiar;Sabroso de Aguiar;ACC;1;17;1713;171317
2025-05;2025;05;Beja;Aljustrel;São João de Negrilhos;ACC;1;02;0201;020104
2025-05;2025;05;Coimbra;Coimbra;São Martinho do Bispo e Ribeira de Frades;ACC;1;06;0603;060338
2025-03;2025;03;Lisboa;Loures;Santa Iria de Azoia, São João da Talha e Bobadela;ACC;2;11;1107;110728
2024-09;2024;09;Braga;Vila Nova de Famalicão;Vilarinho das Cambas;ACC;1;03;0312;031249
2024-09;2024;09;Lisboa;Amadora;Venteira;ACC;1;11;1115;111517
2024-09;2024;09;Bragança;Miranda do douro;Miranda do Douro;ACC;1;04;0406;040608
2024-09;2024;09;Braga;Braga;Palmeira;CER;1;03;0303;030331
2023-09;2023;09;Lisboa;Loures;Santo Antão e São Julião do Tojal;ACC;1;11;1107;110729
2024-08;2024;08;Leiria;Leiria;Caranguejeira;ACC;1;10;1009;100907
2024-09;2024;09;Braga;Vila Nova de Famalicão;Delães;ACC;1;03;0312;031213
2024-04;2024;04;Braga;Barcelos;Pousa;ACC;1;03;0302;030261
2024-08;2024;08;Aveiro;Águeda;Águeda e Borralha;ACC;1;01;0101;010121
2024-09;2024;09;Porto;Porto;Cedofeita, Ildefonso, Sé, Miragaia, Nicolau, Vitória;ACC;1;13;1312;131217
2025-04;2025;04;Évora;Estremoz;Estremoz (Santa Maria e Santo André);ACC;1;07;0704;070414
2024-09;2024;09;Braga;Braga;Merelim (São Paio), Panoias e Parada de Tibães;ACC;1;03;0303;030374
2024-09;2024;09;Lisboa;Odivelas;Pontinha e Famões;ACC;2;11;1116;111608
2024-04;2024;04;Lisboa;Odivelas;Póvoa de Santo Adrião e Olival Basto;ACC;1;11;1116;111609
2025-04;2025;04;Lisboa;Odivelas;Póvoa de Santo Adrião e Olival Basto;ACC;1;11;1116;111609
2025-04;2025;04;Setúbal;Seixal;Seixal, Arrentela e Aldeia de Paio Pires;ACC;3;15;1510;151007
2024-08;2024;08;Porto;Valongo;Ermesinde;ACC;2;13;1315;131503
2023-09;2023;09;Lisboa;Lisboa;Lumiar;ACC;1;11;1106;110618
2024-09;2024;09;Porto;Vila Nova de Gaia;Canidelo;ACC;1;13;1317;131704
2025-04;2025;04;Porto;Vila Nova de Gaia;Canidelo;ACC;1;13;1317;131704
2024-08;2024;08;Braga;Barcelos;Carvalhal;ACC;1;03;0302;030220
2024-09;2024;09;Leiria;Caldas da Rainha;Nadadouro;ACC;1;10;1006;100608
2024-08;2024;08;Leiria;Caldas da Rainha;Nadadouro;ACC;1;10;1006;100608
2025-04;2025;04;Lisboa;Torres Vedras;Ponte do Rol;ACC;1;11;1113;111310
2024-09;2024;09;Lisboa;Lisboa;Santa Maria Maior;ACC;1;11;1106;110665
2024-09;2024;09;Viana do Castelo;Viana do Castelo;Santa Marta de Portuzelo;ACC;1;16;1609;160928
2024-12;2024;12;Lisboa;Lisboa;Misericórdia;ACC;2;11;1106;110661
2024-12;2024;12;Lisboa;Lisboa;Parque das Nações;ACC;1;11;1106;110662
2024-12;2024;12;Lisboa;Oeiras;Porto Salvo;ACC;1;11;1110;111009
2024-12;2024;12;Braga;Póvoa de Lanhoso;Póvoa de Lanhoso (Nossa Senhora do Amparo);ACC;1;03;0309;030919
2024-12;2024;12;Porto;Porto;Ramalde;ACC;1;13;1312;131211
2024-12;2024;12;Lisboa;Sintra;Rio de Mouro;ACC;3;11;1111;111108
2025-02;2025;02;Lisboa;Torres Vedras;Santa Maria, São Pedro e Matacães;ACC;1;11;1113;111326
2024-12;2024;12;Viseu;Sátão;Sátão;ACC;1;18;1817;181710
2024-12;2024;12;Braga;Guimarães;Selho (São Jorge);ACC;2;03;0308;030854
2025-02;2025;02;Braga;Braga;Sequeira;ACC;1;03;0303;030354
2024-12;2024;12;Porto;Trofa;Bougado (São Martinho e Santiago);ACC;1;13;1318;131810
2025-02;2025;02;Porto;Trofa;Bougado (São Martinho e Santiago);ACC;1;13;1318;131810
2024-12;2024;12;Lisboa;Vila Franca de Xira;Castanheira do Ribatejo e Cachoeiras;ACC;1;11;1114;111414
2024-02;2024;02;Braga;Esposende;Esposende, Marinhas e Gandra;ACC;1;03;0306;030618
2024-02;2024;02;Braga;Braga;Este (São Pedro e São Mamede);ACC;1;03;0303;030370
2024-12;2024;12;Porto;Gondomar;Gondomar (São Cosme), Valbom e Jovim;ACC;1;13;1304;130415
2025-02;2025;02;Porto;Gondomar;Gondomar (São Cosme), Valbom e Jovim;ACC;1;13;1304;130415
2024-12;2024;12;Porto;Matosinhos;Matosinhos e Leça da Palmeira;ACC;1;13;1308;130812
2025-01;2025;01;Porto;Matosinhos;Matosinhos e Leça da Palmeira;ACC;1;13;1308;130812
2024-12;2024;12;Braga;Braga;Merelim (São Paio), Panoias e Parada de Tibães;ACC;1;03;0303;030374
2024-12;2024;12;Braga;Braga;Nogueira, Fraião e Lamaçães;ACC;1;03;0303;030377
2025-01;2025;01;Braga;Braga;Nogueira, Fraião e Lamaçães;ACC;1;03;0303;030377
2025-02;2025;02;Porto;Porto;Lordelo do Ouro e Massarelos;ACC;2;13;1312;131218
2025-01;2025;01;Coimbra;Figueira da Foz;Buarcos e São Julião;ACC;1;06;0605;060520
2025-01;2025;01;Coimbra;Penacova;Figueira de Lorvão;ACC;1;06;0613;061302
2025-01;2025;01;Porto;Maia;Moreira;ACC;2;13;1306;130609
2025-01;2025;01;Aveiro;Santa Maria da Feira;Caldas de São Jorge e de Pigeiros;ACC;1;01;0109;010932
2025-01;2025;01;Coimbra;Condeixa-a-Nova;Condeixa-a-Velha e Condeixa-a-Nova;ACC;1;06;0604;060411
2024-07;2024;07;Porto;Vila Nova de Gaia;Canidelo;ACC;1;13;1317;131704
2025-01;2025;01;Évora;Évora;Malagueira e Horta das Figueiras;ACC;5;07;0705;070524
2025-01;2025;01;Braga;Braga;Real, Dume e Semelhe;ACC;1;03;0303;030379
2025-02;2025;02;Lisboa;Loures;Santo António dos Cavaleiros e Frielas;ACC;1;11;1107;110730
2025-01;2025;01;Lisboa;Loures;Santo António dos Cavaleiros e Frielas;ACC;1;11;1107;110730
2025-01;2025;01;Setúbal;Barreiro;Alto do Seixalinho, Santo André e Verderena;ACC;1;15;1504;150409
2025-01;2025;01;Setúbal;Setúbal;S. Julião, N. S. da Anunciada e S. Maria da Graça;ACC;2;15;1512;151210
2025-01;2025;01;Leiria;Caldas da Rainha;Tornada e Salir do Porto;ACC;2;10;1006;100619
2025-02;2025;02;Porto;Vila do Conde;Vila do Conde;ACC;1;13;1316;131628
2024-07;2024;07;Porto;Paredes;Vilela;ACC;1;13;1310;131024
2025-01;2025;01;Santarém;Rio Maior;Alcobertas;ACC;1;14;1414;141401
2025-01;2025;01;Faro;Loulé;Almancil;ACC;2;08;0808;080801
2024-07;2024;07;Santarém;Alpiarça;Alpiarça;ACC;1;14;1404;140401
2025-07;2025;07;Santarém;Alpiarça;Alpiarça;ACC;1;14;1404;140401
2024-07;2024;07;Leiria;Caldas da Rainha;Alvorninha;ACC;1;10;1006;100602
2024-06;2024;06;Aveiro;Santa Maria da Feira;Arrifana;ACC;1;01;0109;010902
2024-07;2024;07;Bragança;Miranda do douro;Miranda do Douro;ACC;1;04;0406;040608
2022-06;2022;06;Bragança;Miranda do douro;Miranda do Douro;ACC;1;04;0406;040608
2024-07;2024;07;Braga;Braga;Palmeira;CER;1;03;0303;030331
2023-06;2023;06;Braga;Braga;Palmeira;CER;1;03;0303;030331
2024-07;2024;07;Lisboa;Alenquer;Alenquer (Santo Estêvão e Triana);ACC;1;11;1101;110119
2025-07;2025;07;Braga;Guimarães;Candoso São Tiago e Mascotelos;ACC;1;03;0308;030881
2024-07;2024;07;Braga;Esposende;Esposende, Marinhas e Gandra;ACC;3;03;0306;030618
2025-07;2025;07;Braga;Esposende;Esposende, Marinhas e Gandra;ACC;3;03;0306;030618
2024-07;2024;07;Porto;Vila Nova de Gaia;Grijó e Sermonde;ACC;1;13;1317;131725
2024-07;2024;07;Porto;Vila Nova de Gaia;Mafamude e Vilar do Paraíso;ACC;1;13;1317;131727
2025-07;2025;07;Porto;Vila Nova de Gaia;Mafamude e Vilar do Paraíso;ACC;2;13;1317;131727
2024-07;2024;07;Leiria;Leiria;Marrazes e Barosa;ACC;3;10;1009;100934
2024-07;2024;07;Lisboa;Odivelas;Póvoa de Santo Adrião e Olival Basto;ACC;1;11;1116;111609
2025-07;2025;07;Setúbal;Seixal;Seixal, Arrentela e Aldeia de Paio Pires;ACC;3;15;1510;151007
2024-07;2024;07;Setúbal;Setúbal;S. Julião, N. S. da Anunciada e S. Maria da Graça;ACC;2;15;1512;151210
2024-07;2024;07;Porto;Vila do Conde;Vilar de Pinheiro;ACC;1;13;1316;131630
2025-07;2025;07;Aveiro;Albergaria-a-Velha;Albergaria-a-Velha e Valmaior;ACC;1;01;0102;010209
2025-07;2025;07;Lisboa;Lisboa;Avenidas Novas;ACC;1;11;1106;110657
2025-07;2025;07;Porto;Paços de Ferreira;Carvalhosa;ACC;3;13;1309;130902
2025-07;2025;07;Porto;Paços de Ferreira;Frazão Arreigada;ACC;1;13;1309;130917
2025-07;2025;07;Braga;Guimarães;Lordelo;ACC;1;03;0308;030828
2025-07;2025;07;Lisboa;Lisboa;Lumiar;CER;1;11;1106;110618
2025-07;2025;07;Porto;Trofa;Bougado (São Martinho e Santiago);ACC;1;13;1318;131810
2025-07;2025;07;Aveiro;Santa Maria da Feira;Caldas de São Jorge e de Pigeiros;ACC;1;01;0109;010932
2025-07;2025;07;Coimbra;Condeixa-a-Nova;Condeixa-a-Velha e Condeixa-a-Nova;ACC;1;06;0604;060411
2025-07;2025;07;Évora;Estremoz;Estremoz (Santa Maria e Santo André);ACC;1;07;0704;070414
2025-07;2025;07;Évora;Évora;N. S. da Tourega e N. S. de Guadalupe;ACC;1;07;0705;070525
2025-07;2025;07;Aveiro;Águeda;Recardães e Espinhel;ACC;1;01;0101;010124
2025-07;2025;07;Lisboa;Loures;Sacavém e Prior Velho;ACC;2;11;1107;110727
2025-07;2025;07;Braga;Barcelos;Várzea;ACC;1;03;0302;030283
2025-07;2025;07;Évora;Vendas Novas;Vendas Novas;ACC;2;07;0712;071201
2025-07;2025;07;Santarém;Cartaxo;Pontével;ACC;1;14;1406;140604
2024-07;2024;07;Setúbal;Palmela;Quinta do Anjo;ACC;1;15;1508;150804
2025-07;2025;07;Setúbal;Palmela;Quinta do Anjo;ACC;1;15;1508;150804
2025-07;2025;07;Porto;Penafiel;Rio de Moinhos;ACC;2;13;1311;131129
2024-07;2024;07;Viana do Castelo;Viana do Castelo;Santa Marta de Portuzelo;ACC;1;16;1609;160928
2025-07;2025;07;Lisboa;Lisboa;Estrela;ACC;1;11;1106;110660
2025-07;2025;07;Faro;Loulé;Loulé (São Clemente);ACC;1;08;0808;080808
2024-12;2024;12;Santarém;Salvaterra de Magos;Muge;ACC;1;14;1415;141503
2024-12;2024;12;Leiria;Pombal;Pombal;ACC;2;10;1015;101509
2025-07;2025;07;Leiria;Pombal;Pombal;ACC;2;10;1015;101509
2025-08;2025;08;Leiria;Porto de Mós;Porto de Mós - São João Baptista e São Pedro;ACC;1;10;1016;101614
2025-08;2025;08;Santarém;Tomar;São Pedro de Tomar;ACC;1;14;1418;141813
2025-08;2025;08;Coimbra;Cantanhede;Cantanhede e Pocariça;ACC;1;06;0602;060220
2024-12;2024;12;Portalegre;Portalegre;Fortios;ACC;1;12;1214;121404
2024-12;2024;12;Santarém;Torres Novas;Meia Via;ACC;1;14;1419;141917
2025-07;2025;07;Santarém;Torres Novas;Meia Via;ACC;1;14;1419;141917
2024-12;2024;12;Leiria;Caldas da Rainha;Nadadouro;ACC;1;10;1006;100608
2024-12;2024;12;Aveiro;Aveiro;Requeixo, Nossa Senhora de Fátima e Nariz;ACC;1;01;0105;010516
2024-07;2024;07;Aveiro;Aveiro;Requeixo, Nossa Senhora de Fátima e Nariz;ACC;1;01;0105;010516
2024-12;2024;12;Faro;Silves;São Bartolomeu de Messines;ACC;1;08;0813;081305
2024-12;2024;12;Aveiro;Águeda;Águeda e Borralha;ACC;1;01;0101;010121
2025-01;2025;01;Aveiro;Águeda;Águeda e Borralha;ACC;1;01;0101;010121
2024-12;2024;12;Santarém;Alcanena;Alcanena e Vila Moreira;ACC;1;14;1402;140211
2025-02;2025;02;Santarém;Alcanena;Alcanena e Vila Moreira;ACC;1;14;1402;140211
2024-12;2024;12;Setúbal;Moita;Baixa da Banheira e Vale da Amoreira;ACC;3;15;1506;150607
2024-12;2024;12;Lisboa;Sintra;Queluz e Belas;ACC;2;11;1111;111126
2024-12;2024;12;Santarém;Santarém;Romeira e Várzea;ACC;1;14;1416;141632
2024-12;2024;12;Porto;Vila Nova de Gaia;Sandim, Olival, Lever e Crestuma;ACC;1;13;1317;131729
2024-02;2024;02;Coimbra;Coimbra;Santo António dos Olivais;ACC;1;06;0603;060318
2025-02;2025;02;Leiria;Marinha Grande;Marinha Grande;ACC;3;10;1010;101001
2025-01;2025;01;Leiria;Marinha Grande;Marinha Grande;ACC;3;10;1010;101001
2025-02;2025;02;Portalegre;Castelo de Vide;São João Baptista;ACC;1;12;1205;120504
2025-02;2025;02;Coimbra;Góis;Alvares;ACC;1;06;0606;060601
2024-12;2024;12;Braga;Barcelos;Alvelos;ACC;1;03;0302;030208
2025-07;2025;07;Braga;Barcelos;Alvelos;ACC;1;03;0302;030208
2024-06;2024;06;Braga;Barcelos;Alvelos;ACC;1;03;0302;030208
2024-12;2024;12;Porto;Gondomar;Baguim do Monte (Rio Tinto);ACC;3;13;1304;130412
2024-12;2024;12;Lisboa;Oeiras;Barcarena;ACC;1;11;1110;111002
2025-02;2025;02;Lisboa;Oeiras;Barcarena;ACC;2;11;1110;111002
2025-02;2025;02;Braga;Fafe;Estorãos;ACC;1;03;0307;030708
2024-07;2024;07;Braga;Fafe;Estorãos;ACC;1;03;0307;030708
2024-12;2024;12;Lisboa;Amadora;Falagueira-Venda Nova;ACC;1;11;1115;111515
2025-02;2025;02;Porto;Paços de Ferreira;Ferreira;ACC;1;13;1309;130905
2024-07;2024;07;Porto;Paços de Ferreira;Ferreira;ACC;1;13;1309;130905
2024-12;2024;12;Braga;Vila Nova de Famalicão;Joane;ACC;1;03;0312;031219
2025-02;2025;02;Braga;Guimarães;Nespereira;ACC;1;03;0308;030832
2025-01;2025;01;Braga;Guimarães;Nespereira;ACC;1;03;0308;030832
2024-02;2024;02;Porto;Paços de Ferreira;Paços de Ferreira;ACC;1;13;1309;130918
2024-01;2024;01;Porto;Paços de Ferreira;Paços de Ferreira;ACC;1;13;1309;130918
2025-02;2025;02;Braga;Guimarães;Polvoreira;ACC;2;03;0308;030837
2024-12;2024;12;Lisboa;Torres Vedras;Ponte do Rol;ACC;1;11;1113;111310
2024-12;2024;12;Lisboa;Lisboa;Santa Maria Maior;ACC;1;11;1106;110665
2025-02;2025;02;Braga;Vila Verde;Turiz;ACC;1;03;0313;031354
2024-12;2024;12;Porto;Póvoa de Varzim;Aguçadoura e Navais;ACC;1;13;1313;131314
2024-07;2024;07;Braga;Esposende;Apúlia e Fão;ACC;1;03;0306;030616
2024-12;2024;12;Braga;Guimarães;Atães e Rendufe;ACC;1;03;0308;030878
2025-07;2025;07;Lisboa;Loures;Santa Iria de Azoia, São João da Talha e Bobadela;ACC;2;11;1107;110728
2024-12;2024;12;Braga;Celorico de Basto;Britelo, Gémeos e Ourilhe;ACC;1;03;0305;030523
2025-02;2025;02;Braga;Celorico de Basto;Britelo, Gémeos e Ourilhe;ACC;1;03;0305;030523
2024-12;2024;12;Lisboa;Cascais;Carcavelos e Parede;ACC;1;11;1105;110507
2024-12;2024;12;Braga;Vila Verde;Esqueiros, Nevogilde e Travassós;ACC;1;03;0313;031363
2024-07;2024;07;Braga;Vila Verde;Esqueiros, Nevogilde e Travassós;ACC;1;03;0313;031363
2025-01;2025;01;Braga;Barcelos;Arcozelo;ACC;1;03;0302;030209
2025-01;2025;01;Porto;Marco de Canaveses;Bem Viver;ACC;1;13;1307;130734
2025-01;2025;01;Santarém;Ourém;Caxarias;ACC;1;14;1421;142104
2025-01;2025;01;Coimbra;Penacova;Lorvão;ACC;1;06;0613;061304
2025-01;2025;01;Braga;Barcelos;Macieira de Rates;ACC;1;03;0302;030244
2025-01;2025;01;Setúbal;Moita;Moita;ACC;1;15;1506;150603
2024-07;2024;07;Setúbal;Palmela;Palmela;ACC;3;15;1508;150802
2025-07;2025;07;Leiria;Peniche;Peniche;ACC;1;10;1014;101407
2025-01;2025;01;Lisboa;Oeiras;Algés, Linda-a-Velha e Cruz Quebrada-Dafundo;ACC;2;11;1110;111012
2025-07;2025;07;Lisboa;Amadora;Alfragide;ACC;2;11;1115;111512
2024-07;2024;07;Leiria;Leiria;Caranguejeira;ACC;1;10;1009;100907
2024-07;2024;07;Braga;Vila Verde;Gême;ACC;1;03;0313;031317
2025-01;2025;01;Leiria;Pombal;Santiago e S. Simão de Litém e Albergaria dos Doze;ACC;1;10;1015;101519
2025-02;2025;02;Viseu;Tarouca;Tarouca e Dálvares;ACC;1;18;1820;182013
2025-01;2025;01;Santarém;Cartaxo;Vila Chã de Ourique;ACC;1;14;1406;140607
2025-01;2025;01;Setúbal;Seixal;Amora;ACC;2;15;1510;151002
2024-07;2024;07;Setúbal;Seixal;Amora;ACC;2;15;1510;151002
2025-07;2025;07;Lisboa;Cascais;Alcabideche;ACC;1;11;1105;110501
2024-07;2024;07;Braga;Guimarães;Sande (São Martinho);ACC;1;03;0308;030858
2024-07;2024;07;Lisboa;Sobral de Monte Agraço;Sobral de Monte Agraço;ACC;1;11;1112;111203
2025-07;2025;07;Portalegre;Castelo de Vide;São João Baptista;ACC;1;12;1205;120504
2025-06;2025;06;Santarém;Tomar;São Pedro de Tomar;ACC;1;14;1418;141813
2024-06;2024;06;Viseu;Tondela;Guardão;ACC;1;18;1821;182108
2024-06;2024;06;Porto;Marco de Canaveses;Marco;ACC;1;13;1307;130736
2024-06;2024;06;Leiria;Marinha Grande;Marinha Grande;ACC;3;10;1010;101001
2024-05;2024;05;Leiria;Marinha Grande;Marinha Grande;ACC;3;10;1010;101001
2024-06;2024;06;Santarém;Torres Novas;Meia Via;ACC;1;14;1419;141917
2025-05;2025;05;Santarém;Torres Novas;Meia Via;ACC;1;14;1419;141917
2025-05;2025;05;Setúbal;Moita;Moita;ACC;2;15;1506;150603
2025-06;2025;06;Braga;Guimarães;Nespereira;ACC;1;03;0308;030832
2025-05;2025;05;Braga;Guimarães;Nespereira;ACC;1;03;0308;030832
2025-06;2025;06;Braga;Guimarães;Polvoreira;ACC;2;03;0308;030837
2024-05;2024;05;Lisboa;Oeiras;Porto Salvo;ACC;1;11;1110;111009
2025-05;2025;05;Lisboa;Oeiras;Porto Salvo;ACC;4;11;1110;111009
2024-06;2024;06;Setúbal;Santiago do Cacém;Santo André;ACC;1;15;1509;150907
2025-05;2025;05;Setúbal;Santiago do Cacém;Santo André;ACC;1;15;1509;150907
2024-05;2024;05;Braga;Guimarães;Sande Vila Nova e Sande São Clemente;ACC;1;03;0308;030887
2024-06;2024;06;Setúbal;Seixal;Seixal, Arrentela e Aldeia de Paio Pires;ACC;1;15;1510;151007
2025-05;2025;05;Setúbal;Seixal;Seixal, Arrentela e Aldeia de Paio Pires;ACC;3;15;1510;151007
2025-06;2025;06;Coimbra;Coimbra;São Martinho do Bispo e Ribeira de Frades;ACC;1;06;0603;060338
2024-06;2024;06;Santarém;Tomar;São João Baptista e Santa Maria dos Olivais;ACC;1;14;1418;141821
2025-06;2025;06;Santarém;Tomar;São João Baptista e Santa Maria dos Olivais;ACC;2;14;1418;141821
2024-05;2024;05;Braga;Barcelos;Várzea;ACC;1;03;0302;030283
2025-06;2025;06;Santarém;Almeirim;Almeirim;ACC;1;14;1403;140301
2025-05;2025;05;Santarém;Almeirim;Almeirim;ACC;1;14;1403;140301
2025-06;2025;06;Braga;Barcelos;Arcozelo;ACC;1;03;0302;030209
2025-05;2025;05;Braga;Barcelos;Arcozelo;ACC;1;03;0302;030209
2025-03;2025;03;Braga;Barcelos;Arcozelo;ACC;1;03;0302;030209
2025-06;2025;06;Lisboa;Lisboa;Avenidas Novas;ACC;1;11;1106;110657
2025-06;2025;06;Lisboa;Loures;Bucelas;ACC;1;11;1107;110702
2025-06;2025;06;Lisboa;Lisboa;Estrela;ACC;1;11;1106;110660
2025-06;2025;06;Lisboa;Lisboa;Misericórdia;ACC;2;11;1106;110661
2025-06;2025;06;Santarém;Cartaxo;Pontével;ACC;1;14;1406;140604
2025-06;2025;06;Braga;Barcelos;Pousa;ACC;1;03;0302;030261
2025-06;2025;06;Braga;Vila Nova de Famalicão;Requião;ACC;2;03;0312;031233
2025-06;2025;06;Viana do Castelo;Viana do Castelo;São Romão de Neiva;ACC;1;16;1609;160923
2025-06;2025;06;Porto;Póvoa de Varzim;Aguçadoura e Navais;ACC;1;13;1313;131314
2024-03;2024;03;Castelo Branco;Fundão;Fundão, Valverde, Donas, A. Joanes, A. Nova do Cabo;ACC;1;05;0504;050434
2025-06;2025;06;Coimbra;Coimbra;Taveiro, Ameal e Arzila;ACC;1;06;0603;060340
2025-06;2025;06;Castelo Branco;Vila de Rei;Vila de Rei;ACC;1;05;0510;051003
2025-05;2025;05;Porto;Vila do Conde;Vila do Conde;ACC;1;13;1316;131628
2025-03;2025;03;Lisboa;Sintra;Algueirão-Mem Martins;ACC;1;11;1111;111102
2024-05;2024;05;Aveiro;Santa Maria da Feira;Arrifana;ACC;1;01;0109;010902
2024-03;2024;03;Lisboa;Arruda dos Vinhos;Arruda dos Vinhos;ACC;2;11;1102;110202
2024-03;2024;03;Porto;Paços de Ferreira;Paços de Ferreira;ACC;1;13;1309;130918
2025-06;2025;06;Leiria;Pombal;Carriço;ACC;1;10;1015;101505
2024-05;2024;05;Leiria;Pombal;Carriço;ACC;1;10;1015;101505
2024-03;2024;03;Braga;Vila Nova de Famalicão;Delães;ACC;1;03;0312;031213
2025-06;2025;06;Braga;Vila Nova de Famalicão;Joane;ACC;1;03;0312;031219
2024-05;2024;05;Braga;Guimarães;Lordelo;ACC;1;03;0308;030828
2024-06;2024;06;Lisboa;Alenquer;Alenquer (Santo Estêvão e Triana);ACC;1;11;1101;110119
2025-06;2025;06;Braga;Esposende;Apúlia e Fão;ACC;1;03;0306;030616
2025-06;2025;06;Braga;Guimarães;Atães e Rendufe;ACC;1;03;0308;030878
2025-06;2025;06;Aveiro;Estarreja;Beduído e Veiros;ACC;1;01;0108;010808
2024-05;2024;05;Aveiro;Estarreja;Beduído e Veiros;ACC;1;01;0108;010808
2024-06;2024;06;Braga;Esposende;Esposende, Marinhas e Gandra;ACC;2;03;0306;030618
2024-06;2024;06;Braga;Vila Verde;Esqueiros, Nevogilde e Travassós;ACC;1;03;0313;031363
2024-03;2024;03;Porto;Gondomar;Fânzeres e São Pedro da Cova;ACC;1;13;1304;130413
2025-05;2025;05;Aveiro;Oliveira de Azeméis;O. Azeméis, Riba-Ul, Ul, Macinhata da Seixa, Madail;ACC;2;01;0113;011321
2025-03;2025;03;Porto;Valongo;Alfena;ACC;1;13;1315;131501
2025-06;2025;06;Braga;Guimarães;Gonça;ACC;1;03;0308;030820
2025-06;2025;06;Setúbal;Grândola;Grândola e Santa Margarida da Serra;ACC;2;15;1505;150506
2025-06;2025;06;Porto;Matosinhos;Matosinhos e Leça da Palmeira;ACC;1;13;1308;130812
2024-05;2024;05;Braga;Braga;Merelim (São Pedro) e Frossos;ACC;1;03;0303;030375
2025-05;2025;05;Braga;Barcelos;Carvalhal;ACC;1;03;0302;030220
2025-05;2025;05;Leiria;Pombal;Pombal;ACC;2;10;1015;101509
2025-05;2025;05;Coimbra;Coimbra;Santo António dos Olivais;ACC;2;06;0603;060318
2025-05;2025;05;Braga;Guimarães;Candoso São Tiago e Mascotelos;ACC;1;03;0308;030881
2025-05;2025;05;Évora;Évora;Malagueira e Horta das Figueiras;ACC;5;07;0705;070524
2025-05;2025;05;Coimbra;Montemor-o-Velho;Montemor-o-Velho e Gatões;ACC;1;06;0610;061016
2025-03;2025;03;Aveiro;Santa Maria da Feira;Argoncilhe;ACC;4;01;0109;010901
2025-05;2025;05;Évora;Évora;Canaviais;ACC;1;07;0705;070515
2024-11;2024;11;Lisboa;Lisboa;Estrela;ACC;1;11;1106;110660
2024-11;2024;11;Lisboa;Lisboa;Misericórdia;ACC;2;11;1106;110661
2025-05;2025;05;Leiria;Pombal;Pelariga;ACC;1;10;1015;101508
2024-11;2024;11;Leiria;Pombal;Pelariga;ACC;1;10;1015;101508
2025-05;2025;05;Lisboa;Torres Vedras;Ponte do Rol;ACC;1;11;1113;111310
2025-03;2025;03;Coimbra;Coimbra;Souselas e Botão;ACC;1;06;0603;060339
2024-11;2024;11;Braga;Braga;Palmeira;ACC;1;03;0303;030331
2025-03;2025;03;Lisboa;Oeiras;Porto Salvo;ACC;3;11;1110;111009
2025-03;2025;03;Porto;Porto;Ramalde;ACC;1;13;1312;131211
2024-11;2024;11;Viana do Castelo;Viana do Castelo;São Romão de Neiva;ACC;1;16;1609;160923
2025-03;2025;03;Braga;Esposende;Apúlia e Fão;ACC;1;03;0306;030616
2024-11;2024;11;Braga;Esposende;Apúlia e Fão;ACC;1;03;0306;030616
2025-03;2025;03;Braga;Barcelos;Areias de Vilar e Encourados;ACC;1;03;0302;030292
2025-03;2025;03;Braga;Guimarães;Atães e Rendufe;ACC;1;03;0308;030878
2024-11;2024;11;Leiria;Leiria;Marrazes e Barosa;ACC;4;10;1009;100934
2025-03;2025;03;Aveiro;Águeda;Recardães e Espinhel;ACC;1;01;0101;010124
2025-03;2025;03;Santarém;Santarém;Romeira e Várzea;ACC;1;14;1416;141632
2024-11;2024;11;Setúbal;Setúbal;S. Julião, N. S. da Anunciada e S. Maria da Graça;ACC;2;15;1512;151210
2025-03;2025;03;Coimbra;Coimbra;São Martinho do Bispo e Ribeira de Frades;ACC;1;06;0603;060338
2023-11;2023;11;Porto;Felgueiras;Vila Verde e Santão;ACC;1;13;1303;130341
2024-11;2024;11;Viseu;Viseu;Abraveses;ACC;1;18;1823;182301
2024-11;2024;11;Santarém;Almeirim;Almeirim;ACC;1;14;1403;140301
2024-11;2024;11;Leiria;Caldas da Rainha;Alvorninha;ACC;1;10;1006;100602
2024-11;2024;11;Braga;Guimarães;Lordelo;ACC;1;03;0308;030828
2024-11;2024;11;Leiria;Marinha Grande;Marinha Grande;ACC;3;10;1010;101001
2024-11;2024;11;Setúbal;Palmela;Palmela;ACC;2;15;1508;150802
2024-11;2024;11;Braga;Guimarães;Polvoreira;ACC;2;03;0308;030837
2024-11;2024;11;Braga;Barcelos;Pousa;ACC;1;03;0302;030261
2024-11;2024;11;Aveiro;Aveiro;Requeixo, Nossa Senhora de Fátima e Nariz;ACC;1;01;0105;010516
2024-11;2024;11;Faro;Silves;São Bartolomeu de Messines;ACC;1;08;0813;081305
2024-11;2024;11;Lisboa;Torres Vedras;São Pedro da Cadeira;ACC;2;11;1113;111314
2024-11;2024;11;Santarém;Alcanena;Alcanena e Vila Moreira;ACC;1;14;1402;140211
2024-11;2024;11;Setúbal;Almada;Charneca de Caparica e Sobreda;ACC;2;15;1503;150314
2024-11;2024;11;Braga;Vila Verde;Esqueiros, Nevogilde e Travassós;ACC;1;03;0313;031363
2024-11;2024;11;Évora;Évora;Malagueira e Horta das Figueiras;ACC;3;07;0705;070524
2024-11;2024;11;Lisboa;Loures;Sacavém e Prior Velho;ACC;2;11;1107;110727
2024-11;2024;11;Porto;Santo Tirso;St. Tirso, Couto (S. Cristina e S. Miguel) e Burgães;ACC;2;13;1314;131437
2024-11;2024;11;Coimbra;Figueira da Foz;Buarcos e São Julião;ACC;1;06;0605;060520
2024-11;2024;11;Lisboa;Amadora;Falagueira-Venda Nova;ACC;1;11;1115;111515
2024-11;2024;11;Porto;Paços de Ferreira;Ferreira;ACC;1;13;1309;130905
2024-11;2024;11;Portalegre;Portalegre;Fortios;ACC;1;12;1214;121404
2023-11;2023;11;Viseu;Tondela;Guardão;ACC;1;18;1821;182108
2024-11;2024;11;Viseu;Tondela;Guardão;ACC;1;18;1821;182108
2025-03;2025;03;Coimbra;Penacova;Lorvão;ACC;1;06;0613;061304
2024-11;2024;11;Coimbra;Penacova;Lorvão;ACC;1;06;0613;061304
2023-11;2023;11;Lisboa;Lisboa;Lumiar;ACC;1;11;1106;110618
2024-11;2024;11;Santarém;Torres Novas;Meia Via;ACC;1;14;1419;141917
2025-03;2025;03;Santarém;Ourém;Nossa Senhora da Piedade;ACC;1;14;1421;142115
2023-11;2023;11;Santarém;Ourém;Nossa Senhora da Piedade;ACC;1;14;1421;142115
2024-11;2024;11;Santarém;Ourém;Nossa Senhora da Piedade;ACC;1;14;1421;142115
2025-03;2025;03;Santarém;Santarém;Pernes;ACC;1;14;1416;141614
2024-11;2024;11;Porto;Penafiel;Rio de Moinhos;ACC;2;13;1311;131129
2024-11;2024;11;Porto;Porto;Aldoar, Foz do Douro e Nevogilde;ACC;1;13;1312;131216
2025-03;2025;03;Braga;Celorico de Basto;Britelo, Gémeos e Ourilhe;ACC;1;03;0305;030523
2024-11;2024;11;Braga;Celorico de Basto;Britelo, Gémeos e Ourilhe;ACC;1;03;0305;030523
2024-11;2024;11;Aveiro;Santa Maria da Feira;Caldas de São Jorge e de Pigeiros;ACC;1;01;0109;010932
2024-11;2024;11;Braga;Guimarães;Candoso São Tiago e Mascotelos;ACC;1;03;0308;030881
2025-03;2025;03;Coimbra;Condeixa-a-Nova;Condeixa-a-Velha e Condeixa-a-Nova;ACC;1;06;0604;060411
2025-05;2025;05;Aveiro;Santa Maria da Feira;Mozelos;ACC;1;01;0109;010916
2025-07;2025;07;Santarém;Entroncamento;Nossa Senhora de Fátima;ACC;1;14;1410;141002
2025-06;2025;06;Aveiro;Oliveira do Bairro;Oiã;ACC;1;01;0114;011403
2025-05;2025;05;Castelo Branco;Proença-a-Nova;Proença-a-Nova e Peral;ACC;1;05;0508;050807
2025-05;2025;05;Viseu;Viseu;Viseu;ACC;1;18;1823;182341
2024-06;2024;06;Lisboa;Sintra;Rio de Mouro;ACC;1;11;1111;111108
2024-11;2024;11;Braga;Guimarães;Selho (São Jorge);ACC;2;03;0308;030854
2024-11;2024;11;Braga;Braga;Sequeira;ACC;1;03;0303;030354
2024-06;2024;06;Braga;Cabeceiras de Basto;Refojos de Basto, Outeiro e Painzela;ACC;1;03;0304;030421
2024-06;2024;06;Setúbal;Barreiro;Alto do Seixalinho, Santo André e Verderena;ACC;1;15;1504;150409
2025-06;2025;06;Lisboa;Azambuja;Azambuja;ACC;1;11;1103;110304
2025-03;2025;03;Lisboa;Azambuja;Azambuja;ACC;1;11;1103;110304
2024-11;2024;11;Lisboa;Azambuja;Azambuja;ACC;1;11;1103;110304
2025-06;2025;06;Leiria;Batalha;Batalha;ACC;1;10;1004;100401
2025-03;2025;03;Porto;Porto;Campanhã;ACC;2;13;1312;131203
2024-11;2024;11;Porto;Porto;Campanhã;ACC;2;13;1312;131203
2025-06;2025;06;Braga;Guimarães;Costa;ACC;1;03;0308;030812
2025-06;2025;06;Castelo Branco;Castelo Branco;Lardosa;ACC;1;05;0502;050211
2025-06;2025;06;Aveiro;Santa Maria da Feira;Milheirós de Poiares;ACC;1;01;0109;010914
2025-05;2025;05;Aveiro;Santa Maria da Feira;Paços de Brandão;ACC;1;01;0109;010919
2025-03;2025;03;Aveiro;Santa Maria da Feira;Paços de Brandão;ACC;1;01;0109;010919
2024-11;2024;11;Aveiro;Santa Maria da Feira;Paços de Brandão;ACC;1;01;0109;010919
2025-06;2025;06;Aveiro;Espinho;Paramos;ACC;1;01;0107;010704
2025-05;2025;05;Aveiro;Espinho;Paramos;ACC;1;01;0107;010704
2024-11;2024;11;Aveiro;Espinho;Paramos;ACC;1;01;0107;010704
2024-11;2024;11;Coimbra;Penacova;Penacova;ACC;1;06;0613;061307
2025-05;2025;05;Faro;Loulé;Quarteira;ACC;1;08;0808;080805
2025-06;2025;06;Vila Real;Vila Pouca de Aguiar;Sabroso de Aguiar;ACC;1;17;1713;171317
2025-05;2025;05;Coimbra;Tábua;Tábua;ACC;2;06;0616;061614
2025-06;2025;06;Porto;Amarante;Telões;ACC;1;13;1301;130135
2025-05;2025;05;Lisboa;Sintra;Agualva e Mira-Sintra;ACC;1;11;1111;111122
2025-05;2025;05;Bragança;Bragança;Sé, Santa Maria e Meixedo;ACC;1;04;0402;040257
2024-05;2024;05;Portalegre;Avis;Avis;ACC;1;12;1203;120303
2025-03;2025;03;Setúbal;Seixal;Corroios;ACC;5;15;1510;151005
2023-11;2023;11;Porto;Valongo;Ermesinde;ACC;1;13;1315;131503
2024-06;2024;06;Braga;Braga;Este (São Pedro e São Mamede);ACC;1;03;0303;030370
2024-05;2024;05;Braga;Braga;Este (São Pedro e São Mamede);ACC;1;03;0303;030370
2024-11;2024;11;Braga;Braga;Este (São Pedro e São Mamede);ACC;1;03;0303;030370
2025-03;2025;03;Braga;Braga;Merelim (São Paio), Panoias e Parada de Tibães;ACC;1;03;0303;030374
2024-03;2024;03;Braga;Guimarães;Oliveira, São Paio e São Sebastião;ACC;1;03;0308;030884
2024-06;2024;06;Porto;Matosinhos;Perafita, Lavra e Santa Cruz do Bispo;ACC;1;13;1308;130813
2025-06;2025;06;Aveiro;Anadia;Avelãs de Cima;ACC;1;01;0103;010305
2024-11;2024;11;Aveiro;Anadia;Avelãs de Cima;ACC;1;01;0103;010305
2025-06;2025;06;Aveiro;Albergaria-a-Velha;Branca;ACC;1;01;0102;010204
2025-05;2025;05;Aveiro;Albergaria-a-Velha;Branca;ACC;1;01;0102;010204
2024-11;2024;11;Aveiro;Albergaria-a-Velha;Branca;ACC;1;01;0102;010204
2024-11;2024;11;Coimbra;Montemor-o-Velho;Carapinheira;ACC;1;06;0610;061003
2025-05;2025;05;Setúbal;Seixal;Fernão Ferro;ACC;2;15;1510;151006
2025-05;2025;05;Faro;Lagoa;Estômbar e Parchal;ACC;1;08;0806;080607
2024-11;2024;11;Faro;Lagoa;Estômbar e Parchal;ACC;1;08;0806;080607
2024-05;2024;05;Braga;Braga;Ferreiros e Gondizalves;ACC;1;03;0303;030371
2024-03;2024;03;Braga;Braga;Ferreiros e Gondizalves;ACC;1;03;0303;030371
2024-11;2024;11;Braga;Braga;Ferreiros e Gondizalves;ACC;1;03;0303;030371
2025-05;2025;05;Porto;Vila do Conde;Árvore;ACC;2;13;1316;131602
2024-11;2024;11;Porto;Vila do Conde;Árvore;ACC;2;13;1316;131602
2025-03;2025;03;Vila Real;Vila Real;Folhadela;ACC;1;17;1714;171409
2025-03;2025;03;Porto;Maia;Moreira;ACC;2;13;1306;130609
2025-05;2025;05;Setúbal;Palmela;Poceirão e Marateca;ACC;1;15;1508;150806
2024-11;2024;11;Faro;Aljezur;Bordeira;ACC;1;08;0803;080302
2024-11;2024;11;Porto;Maia;Cidade da Maia;ACC;1;13;1306;130619
2025-05;2025;05;Aveiro;Aveiro;Eixo e Eirol;ACC;1;01;0105;010515
2025-05;2025;05;Aveiro;Ílhavo;Ílhavo (São Salvador);ACC;1;01;0110;011008
2024-11;2024;11;Porto;Vila do Conde;Macieira da Maia;ACC;1;13;1316;131614
2025-03;2025;03;Viana do Castelo;Monção;Trute;ACC;1;16;1604;160431
2025-05;2025;05;Lisboa;Alenquer;Aldeia Galega da Merceana e Aldeia Gavinha;ACC;1;11;1101;110118
2025-03;2025;03;Santarém;Mação;Envendos;ACC;1;14;1413;141305
2024-11;2024;11;Santarém;Mação;Envendos;ACC;1;14;1413;141305
2025-03;2025;03;Aveiro;Ovar;Esmoriz;ACC;1;01;0115;011503
2024-11;2024;11;Braga;Barcelos;Manhente;ACC;1;03;0302;030245
2024-11;2024;11;Lisboa;Lisboa;Parque das Nações;ACC;1;11;1106;110662
2025-03;2025;03;Leiria;Bombarral;Bombarral e Vale Covo;ACC;1;10;1005;100506
2025-03;2025;03;Évora;Estremoz;Estremoz (Santa Maria e Santo André);ACC;1;07;0704;070414
2024-11;2024;11;Évora;Estremoz;Estremoz (Santa Maria e Santo André);ACC;1;07;0704;070414
2024-11;2024;11;Porto;Gondomar;Gondomar (São Cosme), Valbom e Jovim;ACC;1;13;1304;130415
2024-11;2024;11;Setúbal;Grândola;Grândola e Santa Margarida da Serra;ACC;2;15;1505;150506
2024-10;2024;10;Setúbal;Grândola;Grândola e Santa Margarida da Serra;ACC;1;15;1505;150506
2024-11;2024;11;Porto;Vila Nova de Gaia;Grijó e Sermonde;ACC;1;13;1317;131725
2024-10;2024;10;Porto;Vila Nova de Gaia;Grijó e Sermonde;ACC;1;13;1317;131725
2025-03;2025;03;Leiria;Pombal;Guia, Ilha e Mata Mourisca;ACC;2;10;1015;101518
2024-11;2024;11;Leiria;Leiria;Monte Redondo e Carreira;ACC;1;10;1009;100936
2024-10;2024;10;Leiria;Leiria;Monte Redondo e Carreira;ACC;1;10;1009;100936
2024-09;2024;09;Leiria;Leiria;Monte Redondo e Carreira;ACC;1;10;1009;100936
2024-10;2024;10;Porto;Matosinhos;Perafita, Lavra e Santa Cruz do Bispo;ACC;1;13;1308;130813
2024-09;2024;09;Porto;Matosinhos;Perafita, Lavra e Santa Cruz do Bispo;ACC;1;13;1308;130813
2025-03;2025;03;Setúbal;Palmela;Poceirão e Marateca;ACC;1;15;1508;150806
2025-03;2025;03;Portalegre;Ponte de Sor;Ponte de Sor, Tramaga e Vale de Açor;ACC;2;12;1213;121308
2025-03;2025;03;Viseu;Viseu;Viseu;ACC;1;18;1823;182341
2024-10;2024;10;Viseu;Tondela;Guardão;ACC;1;18;1821;182108
2023-09;2023;09;Viseu;Tondela;Guardão;ACC;1;18;1821;182108
2024-10;2024;10;Porto;Valongo;Ermesinde;ACC;2;13;1315;131503
2024-10;2024;10;Santarém;Ourém;Nossa Senhora da Piedade;ACC;1;14;1421;142115
2023-10;2023;10;Braga;Braga;Palmeira;CER;1;03;0303;030331
2024-10;2024;10;Braga;Braga;Palmeira;ACC;1;03;0303;030331
2023-10;2023;10;Braga;Braga;Ferreiros e Gondizalves;ACC;1;03;0303;030371
2024-10;2024;10;Braga;Braga;Ferreiros e Gondizalves;ACC;1;03;0303;030371
2024-10;2024;10;Aveiro;Albergaria-a-Velha;Branca;ACC;1;01;0102;010204
2024-10;2024;10;Coimbra;Figueira da Foz;Buarcos e São Julião;ACC;1;06;0605;060520
2024-10;2024;10;Coimbra;Montemor-o-Velho;Carapinheira;ACC;1;06;0610;061003
2024-10;2024;10;Porto;Maia;Castêlo da Maia;ACC;1;13;1306;130618
2024-09;2024;09;Porto;Maia;Castêlo da Maia;ACC;1;13;1306;130618
2024-10;2024;10;Setúbal;Seixal;Corroios;ACC;5;15;1510;151005
2024-10;2024;10;Aveiro;Aveiro;Esgueira;ACC;1;01;0105;010505
2024-10;2024;10;Braga;Fafe;Estorãos;ACC;1;03;0307;030708
2024-10;2024;10;Lisboa;Amadora;Falagueira-Venda Nova;ACC;1;11;1115;111515
2024-10;2024;10;Porto;Paços de Ferreira;Ferreira;ACC;1;13;1309;130905
2024-10;2024;10;Portalegre;Portalegre;Fortios;ACC;1;12;1214;121404
2024-10;2024;10;Porto;Vila do Conde;Guilhabreu;ACC;1;13;1316;131611
2024-10;2024;10;Coimbra;Penacova;Lorvão;ACC;1;06;0613;061304
2024-10;2024;10;Santarém;Torres Novas;Meia Via;ACC;1;14;1419;141917
2024-10;2024;10;Porto;Maia;Moreira;ACC;2;13;1306;130609
2024-10;2024;10;Leiria;Caldas da Rainha;Nadadouro;ACC;1;10;1006;100608
2024-10;2024;10;Braga;Guimarães;Nespereira;ACC;1;03;0308;030832
2024-10;2024;10;Leiria;Pombal;Pombal;ACC;2;10;1015;101509
2024-10;2024;10;Lisboa;Torres Vedras;Ponte do Rol;ACC;1;11;1113;111310
2024-10;2024;10;Lisboa;Oeiras;Porto Salvo;ACC;1;11;1110;111009
2024-10;2024;10;Braga;Póvoa de Lanhoso;Póvoa de Lanhoso (Nossa Senhora do Amparo);ACC;1;03;0309;030919
2024-10;2024;10;Porto;Porto;Ramalde;ACC;1;13;1312;131211
2024-09;2024;09;Porto;Porto;Ramalde;ACC;1;13;1312;131211
2024-10;2024;10;Aveiro;Aveiro;Requeixo, Nossa Senhora de Fátima e Nariz;ACC;1;01;0105;010516
2024-10;2024;10;Viseu;Viseu;Rio de Loba;ACC;2;18;1823;182323
2024-10;2024;10;Lisboa;Torres Vedras;Santa Maria, São Pedro e Matacães;ACC;1;11;1113;111326
2024-09;2024;09;Lisboa;Torres Vedras;Santa Maria, São Pedro e Matacães;ACC;1;11;1113;111326
2024-10;2024;10;Coimbra;Coimbra;Santo António dos Olivais;ACC;2;06;0603;060318
2024-10;2024;10;Faro;Silves;São Bartolomeu de Messines;ACC;1;08;0813;081305
2024-10;2024;10;Lisboa;Lisboa;São Domingos de Benfica;ACC;1;11;1106;110639
2024-10;2024;10;Porto;Vila Nova de Gaia;São Félix da Marinha;ACC;1;13;1317;131717
2024-10;2024;10;Lisboa;Torres Vedras;São Pedro da Cadeira;ACC;2;11;1113;111314
2024-10;2024;10;Coimbra;Tábua;Tábua;ACC;2;06;0616;061614
2024-10;2024;10;Porto;Amarante;Telões;ACC;1;13;1301;130135
2024-10;2024;10;Santarém;Alcanena;Alcanena e Vila Moreira;ACC;1;14;1402;140211
2024-10;2024;10;Lisboa;Vila Franca de Xira;Alverca do Ribatejo e Sobralinho;ACC;1;11;1114;111413
2024-10;2024;10;Braga;Esposende;Apúlia e Fão;ACC;1;03;0306;030616
2024-09;2024;09;Braga;Esposende;Apúlia e Fão;ACC;1;03;0306;030616
2024-10;2024;10;Braga;Barcelos;Barcelos, V. Boa, V. Frescainha;ACC;2;03;0302;030293
2024-10;2024;10;Leiria;Bombarral;Bombarral e Vale Covo;ACC;1;10;1005;100506
2024-10;2024;10;Braga;Celorico de Basto;Britelo, Gémeos e Ourilhe;ACC;1;03;0305;030523
2024-10;2024;10;Lisboa;Loures;Camarate, Unhos e Apelação;ACC;1;11;1107;110731
2024-10;2024;10;Setúbal;Almada;Charneca de Caparica e Sobreda;ACC;2;15;1503;150314
2024-10;2024;10;Braga;Vila Verde;Esqueiros, Nevogilde e Travassós;ACC;1;03;0313;031363
2024-10;2024;10;Faro;Lagoa;Estômbar e Parchal;ACC;1;08;0806;080607
2024-10;2024;10;Bragança;Bragança;Izeda, Calvelhe e Paradinha Nova;ACC;1;04;0402;040252
2024-10;2024;10;Porto;Porto;Lordelo do Ouro e Massarelos;ACC;2;13;1312;131218
2024-10;2024;10;Évora;Évora;Malagueira e Horta das Figueiras;ACC;3;07;0705;070524
2024-10;2024;10;Leiria;Leiria;Marrazes e Barosa;ACC;3;10;1009;100934
2024-10;2024;10;Porto;Matosinhos;Matosinhos e Leça da Palmeira;ACC;1;13;1308;130812
2024-10;2024;10;Braga;Braga;Nogueira, Fraião e Lamaçães;ACC;1;03;0303;030377
2024-10;2024;10;Aveiro;Oliveira de Azeméis;O. Azeméis, Riba-Ul, Ul, Macinhata da Seixa, Madail;ACC;2;01;0113;011321
2024-10;2024;10;Braga;Guimarães;Oliveira, São Paio e São Sebastião;ACC;1;03;0308;030884
2024-10;2024;10;Porto;Vila Nova de Gaia;Pedroso e Seixezelo;ACC;1;13;1317;131728
2024-09;2024;09;Porto;Vila Nova de Gaia;Pedroso e Seixezelo;ACC;1;13;1317;131728
2024-10;2024;10;Vila Real;Peso da Régua;Poiares e Canelas;ACC;1;17;1708;170816
2024-10;2024;10;Porto;Santo Tirso;St. Tirso, Couto (S. Cristina e S. Miguel) e Burgães;ACC;2;13;1314;131437
2024-10;2024;10;Setúbal;Barreiro;Alto do Seixalinho, Santo André e Verderena;ACC;1;15;1504;150409
2024-10;2024;10;Bragança;Bragança;Sé, Santa Maria e Meixedo;ACC;1;04;0402;040257
2024-10;2024;10;Setúbal;Setúbal;S. Julião, N. S. da Anunciada e S. Maria da Graça;ACC;2;15;1512;151210
2024-09;2024;09;Setúbal;Setúbal;S. Julião, N. S. da Anunciada e S. Maria da Graça;ACC;2;15;1512;151210
2024-09;2024;09;Lisboa;Lisboa;Lumiar;ACC;2;11;1106;110618
2024-09;2024;09;Porto;Paços de Ferreira;Carvalhosa;ACC;3;13;1309;130902
2024-09;2024;09;Braga;Guimarães;Gonça;ACC;1;03;0308;030820
2024-09;2024;09;Aveiro;Santa Maria da Feira;Paços de Brandão;ACC;1;01;0109;010919
2024-10;2024;10;Lisboa;Sintra;S. Maria, S. Miguel, S. Martinho e S. Pedro de Penaferrim;ACC;1;11;1111;111128
2024-11;2024;11;Coimbra;Coimbra;São Martinho do Bispo e Ribeira de Frades;ACC;1;06;0603;060338
2024-11;2024;11;Viseu;Tarouca;Tarouca e Dálvares;ACC;1;18;1820;182013
2024-10;2024;10;Faro;Tavira;Tavira (Santa Maria e Santiago);ACC;1;08;0814;081412
2023-10;2023;10;Santarém;Tomar;São João Baptista e Santa Maria dos Olivais;ACC;1;14;1418;141821
2024-11;2024;11;Leiria;Caldas da Rainha;Tornada e Salir do Porto;ACC;2;10;1006;100619
2024-10;2024;10;Viseu;Viseu;Abraveses;ACC;1;18;1823;182301
2024-10;2024;10;Porto;Valongo;Alfena;ACC;1;13;1315;131501
2024-10;2024;10;Santarém;Almeirim;Almeirim;ACC;1;14;1403;140301
2024-09;2024;09;Setúbal;Seixal;Amora;ACC;2;15;1510;151002
2024-10;2024;10;Aveiro;Santa Maria da Feira;Argoncilhe;ACC;3;01;0109;010901
2024-10;2024;10;Porto;Vila do Conde;Árvore;ACC;2;13;1316;131602
2024-09;2024;09;Portalegre;Avis;Avis;ACC;1;12;1203;120303
2024-10;2024;10;Porto;Gondomar;Baguim do Monte (Rio Tinto);ACC;3;13;1304;130412
2024-10;2024;10;Lisboa;Lisboa;Beato;ACC;1;11;1106;110607
2024-10;2024;10;Faro;Aljezur;Bordeira;ACC;1;08;0803;080302
2024-09;2024;09;Aveiro;Ílhavo;Ílhavo (São Salvador);ACC;1;01;0110;011008
2024-10;2024;10;Braga;Barcelos;Manhente;ACC;1;03;0302;030245
2024-10;2024;10;Leiria;Marinha Grande;Marinha Grande;ACC;3;10;1010;101001
2024-10;2024;10;Aveiro;Santa Maria da Feira;Milheirós de Poiares;ACC;1;01;0109;010914
2024-10;2024;10;Lisboa;Lisboa;Misericórdia;ACC;1;11;1106;110661
2024-09;2024;09;Lisboa;Loures;Sacavém e Prior Velho;ACC;2;11;1107;110727
2024-09;2024;09;Braga;Guimarães;Serzedo e Calvos;ACC;1;03;0308;030889
2024-11;2024;11;Aveiro;Santa Maria da Feira;Santa Maria da Feira, Travanca, Sanfins e Espargo;ACC;1;01;0109;010935
2023-11;2023;11;Castelo Branco;Fundão;Fundão, Valverde, Donas, A. Joanes, A. Nova do Cabo;ACC;1;05;0504;050434
2023-10;2023;10;Castelo Branco;Fundão;Fundão, Valverde, Donas, A. Joanes, A. Nova do Cabo;ACC;1;05;0504;050434
2024-10;2024;10;Setúbal;Montijo;Montijo e Afonsoeiro;ACC;1;15;1507;150710
2025-03;2025;03;Évora;Évora;N. S. da Tourega e N. S. de Guadalupe;ACC;1;07;0705;070525
2024-11;2024;11;Évora;Montemor-o-Novo;N. S. da Vila, N. S. do Bispo e Silveiras;ACC;1;07;0706;070612
2025-03;2025;03;Setúbal;Barreiro;Palhais e Coina;ACC;1;15;1504;150411
2025-03;2025;03;Aveiro;Oliveira de Azeméis;Pinheiro da Bemposta, Travanca e Palmaz;ACC;1;01;0113;011322
2025-03;2025;03;Viana do Castelo;Melgaço;Prado e Remoães;ACC;1;16;1603;160322
2024-11;2024;11;Castelo Branco;Vila de Rei;Vila de Rei;ACC;1;05;0510;051003
2024-09;2024;09;Porto;Vila do Conde;Vilar de Pinheiro;ACC;1;13;1316;131630
2025-03;2025;03;Faro;Vila Real de Santo António;Vila Real de Santo António;ACC;1;08;0816;081602
2024-11;2024;11;Faro;Vila Real de Santo António;Vila Real de Santo António;ACC;1;08;0816;081602
2024-10;2024;10;Faro;Vila Real de Santo António;Vila Real de Santo António;ACC;1;08;0816;081602
2024-10;2024;10;Porto;Vila Nova de Gaia;Canidelo;ACC;1;13;1317;131704
2024-10;2024;10;Leiria;Pombal;Carriço;ACC;1;10;1015;101505
2024-10;2024;10;Coimbra;Penacova;Figueira de Lorvão;ACC;1;06;0613;061302
2024-10;2024;10;Braga;Vila Verde;Gême;ACC;1;03;0313;031317
2024-10;2024;10;Porto;Paços de Ferreira;Paços de Ferreira;ACC;1;13;1309;130918
2024-10;2024;10;Setúbal;Palmela;Quinta do Anjo;ACC;1;15;1508;150804
2024-10;2024;10;Braga;Vila Nova de Famalicão;Requião;ACC;2;03;0312;031233
2024-10;2024;10;Lisboa;Lisboa;Santa Maria Maior;ACC;1;11;1106;110665
2024-10;2024;10;Lisboa;Sobral de Monte Agraço;Sobral de Monte Agraço;ACC;1;11;1112;111203
2024-10;2024;10;Aveiro;Estarreja;Beduído e Veiros;ACC;1;01;0108;010808
2024-10;2024;10;Lisboa;Cadaval;Painho e Figueiros;ACC;1;11;1104;110413
2024-10;2024;10;Braga;Guimarães;Sande Vila Nova e Sande São Clemente;ACC;1;03;0308;030887
2024-10;2024;10;Braga;Barcelos;Vila Cova e Feitos;ACC;1;03;0302;0302FH
2023-09;2023;09;Bragança;Miranda do douro;Miranda do Douro;ACC;1;04;0406;040608
2024-09;2024;09;Castelo Branco;Idanha-a-Nova;Ladoeiro;ACC;1;05;0505;050505
2024-09;2024;09;Beja;Beja;Beja (Salvador e Santa Maria da Feira);ACC;3;02;0205;020520
2024-09;2024;09;Lisboa;Odivelas;Póvoa de Santo Adrião e Olival Basto;ACC;1;11;1116;111609
2024-11;2024;11;Aveiro;Águeda;Trofa, Segadães e Lamas do Vouga;ACC;1;01;0101;010126
2024-09;2024;09;Aveiro;Águeda;Trofa, Segadães e Lamas do Vouga;ACC;1;01;0101;010126
2024-11;2024;11;Braga;Vila Nova de Famalicão;Vila Nova de Famalicão e Calendário;ACC;3;03;0312;031260
2024-10;2024;10;Braga;Vila Nova de Famalicão;Vila Nova de Famalicão e Calendário;ACC;4;03;0312;031260
2024-10;2024;10;Braga;Barcelos;Várzea;ACC;1;03;0302;030283
2024-11;2024;11;Braga;Vila Verde;Vila de Prado;ACC;1;03;0313;031342
2024-09;2024;09;Braga;Braga;Adaúfe;ACC;2;03;0303;030301
2024-09;2024;09;Aveiro;Albergaria-a-Velha;Albergaria-a-Velha e Valmaior;ACC;1;01;0102;010209
2024-10;2024;10;Lisboa;Cascais;Alcabideche;ACC;1;11;1105;110501
2024-09;2024;09;Lisboa;Cascais;Alcabideche;ACC;1;11;1105;110501
2024-10;2024;10;Lisboa;Lisboa;Alcântara;ACC;1;11;1106;110602
2024-10;2024;10;Lisboa;Amadora;Alfragide;ACC;1;11;1115;111512
2024-10;2024;10;Aveiro;Santa Maria da Feira;Arrifana;ACC;1;01;0109;010902
2024-10;2024;10;Lisboa;Amadora;Mina de Água;ACC;1;11;1115;111516
2024-08;2024;08;Lisboa;Lisboa;São Domingos de Benfica;ACC;1;11;1106;110639
2024-09;2024;09;Lisboa;Torres Vedras;São Pedro da Cadeira;ACC;2;11;1113;111314
2024-09;2024;09;Porto;Póvoa de Varzim;Aguçadoura e Navais;ACC;1;13;1313;131314
2025-04;2025;04;Aveiro;Estarreja;Beduído e Veiros;ACC;1;01;0108;010808
2024-09;2024;09;Braga;Guimarães;Candoso São Tiago e Mascotelos;ACC;1;03;0308;030881
2024-09;2024;09;Portalegre;Nisa;Espírito Santo, Nossa Senhora da Graça e São Simão;ACC;1;12;1212;121212
2024-04;2024;04;Braga;Esposende;Esposende, Marinhas e Gandra;ACC;2;03;0306;030618
2024-09;2024;09;Setúbal;Almada;Laranjeiro e Feijó;ACC;3;15;1503;150315
2024-04;2024;04;Setúbal;Almada;Laranjeiro e Feijó;ACC;2;15;1503;150315
2024-09;2024;09;Porto;Vila Nova de Gaia;Mafamude e Vilar do Paraíso;ACC;1;13;1317;131727
2025-04;2025;04;Setúbal;Montijo;Montijo e Afonsoeiro;ACC;1;15;1507;150710
2024-09;2024;09;Aveiro;Oliveira de Azeméis;O. Azeméis, Riba-Ul, Ul, Macinhata da Seixa, Madail;ACC;2;01;0113;011321
2024-09;2024;09;Santarém;Tomar;São João Baptista e Santa Maria dos Olivais;ACC;2;14;1418;141821
2024-04;2024;04;Leiria;Caldas da Rainha;Tornada e Salir do Porto;ACC;2;10;1006;100619
2025-04;2025;04;Aveiro;Albergaria-a-Velha;Albergaria-a-Velha e Valmaior;ACC;1;01;0102;010209
2024-09;2024;09;Lisboa;Sintra;Algueirão-Mem Martins;ACC;1;11;1111;111102
2024-09;2024;09;Coimbra;Góis;Alvares;ACC;1;06;0606;060601
2024-09;2024;09;Braga;Barcelos;Alvelos;ACC;1;03;0302;030208
2025-04;2025;04;Porto;Gondomar;Baguim do Monte (Rio Tinto);ACC;3;13;1304;130412
2025-04;2025;04;Lisboa;Oeiras;Barcarena;ACC;2;11;1110;111002
2024-09;2024;09;Braga;Braga;Real, Dume e Semelhe;ACC;1;03;0303;030379
2024-09;2024;09;Portalegre;Portalegre;Ribeira de Nisa e Carreiras;ACC;1;12;1214;121413
2024-04;2024;04;Portalegre;Portalegre;Ribeira de Nisa e Carreiras;ACC;1;12;1214;121413
2025-04;2025;04;Portalegre;Portalegre;Ribeira de Nisa e Carreiras;ACC;1;12;1214;121413
2024-04;2024;04;Lisboa;Oeiras;Porto Salvo;ACC;1;11;1110;111009
2025-04;2025;04;Lisboa;Alenquer;Alenquer (Santo Estêvão e Triana);ACC;1;11;1101;110119
2024-08;2024;08;Faro;Silves;São Bartolomeu de Messines;ACC;1;08;0813;081305
2025-04;2025;04;Aveiro;Santa Maria da Feira;Santa Maria de Lamas;ACC;2;01;0109;010925
2025-04;2025;04;Aveiro;Santa Maria da Feira;Canedo, Vale e Vila Maior;ACC;1;01;0109;010933
2024-08;2024;08;Santarém;Benavente;Barrosa;ACC;1;14;1405;140504
2025-04;2025;04;Faro;Loulé;Almancil;ACC;3;08;0808;080801
2025-04;2025;04;Braga;Guimarães;Selho São Lourenço e Gominhães;ACC;1;03;0308;030888
2024-04;2024;04;Braga;Braga;Nogueira, Fraião e Lamaçães;ACC;1;03;0303;030377
2025-04;2025;04;Lisboa;Loures;Santo António dos Cavaleiros e Frielas;ACC;1;11;1107;110730
2025-04;2025;04;Lisboa;Cascais;Cascais e Estoril;ACC;1;11;1105;110508
2025-04;2025;04;Lisboa;Lisboa;Alcântara;ACC;1;11;1106;110602
2025-04;2025;04;Porto;Porto;Ramalde;ACC;1;13;1312;131211
2025-04;2025;04;Porto;Paços de Ferreira;Carvalhosa;ACC;3;13;1309;130902
2025-04;2025;04;Porto;Maia;Moreira;ACC;3;13;1306;130609
2022-12;2022;12;Viseu;Tondela;Guardão;ACC;1;18;1821;182108
2023-12;2023;12;Viseu;Tondela;Guardão;ACC;1;18;1821;182108
2025-04;2025;04;Vila Real;Chaves;Santa Cruz/Trindade e Sanjurge;ACC;1;17;1703;170358
2022-12;2022;12;Bragança;Miranda do douro;Miranda do Douro;ACC;1;04;0406;040608
2025-04;2025;04;Bragança;Bragança;Izeda, Calvelhe e Paradinha Nova;ACC;1;04;0402;040252
2024-08;2024;08;Lisboa;Alenquer;Alenquer (Santo Estêvão e Triana);ACC;1;11;1101;110119
2024-08;2024;08;Porto;Vila Nova de Gaia;Mafamude e Vilar do Paraíso;ACC;1;13;1317;131727
2025-08;2025;08;Lisboa;Lisboa;Avenidas Novas;ACC;1;11;1106;110657
2025-08;2025;08;Lisboa;Lisboa;Beato;ACC;2;11;1106;110607
2025-08;2025;08;Lisboa;Lisboa;Carnide;ACC;2;11;1106;110611
2023-12;2023;12;Porto;Valongo;Ermesinde;ACC;1;13;1315;131503
2025-08;2025;08;Braga;Guimarães;Lordelo;ACC;1;03;0308;030828
2025-08;2025;08;Lisboa;Lisboa;Lumiar;CER;1;11;1106;110618
2023-12;2023;12;Lisboa;Lisboa;Lumiar;ACC;1;11;1106;110618
2025-08;2025;08;Lisboa;Lisboa;Misericórdia;ACC;2;11;1106;110661
2025-08;2025;08;Braga;Braga;Palmeira;CER;1;03;0303;030331
2025-08;2025;08;Lisboa;Lisboa;Parque das Nações;ACC;2;11;1106;110662
2025-08;2025;08;Beja;Aljustrel;São João de Negrilhos;ACC;1;02;0201;020104
2023-12;2023;12;Castelo Branco;Fundão;Fundão, Valverde, Donas, A. Joanes, A. Nova do Cabo;ACC;1;05;0504;050434
2024-12;2024;12;Viseu;Viseu;Abraveses;ACC;1;18;1823;182301
2025-08;2025;08;Coimbra;Cantanhede;Febres;ACC;1;06;0602;060207
2024-08;2024;08;Coimbra;Coimbra;São Martinho do Bispo e Ribeira de Frades;ACC;1;06;0603;060338
2025-08;2025;08;Coimbra;Coimbra;Taveiro, Ameal e Arzila;ACC;1;06;0603;060340
2025-04;2025;04;Coimbra;Tábua;Tábua;ACC;2;06;0616;061614
2025-04;2025;04;Guarda;Guarda;Arrifana;ACC;1;09;0907;090706
2025-08;2025;08;Guarda;Guarda;Arrifana;ACC;1;09;0907;090706
2024-08;2024;08;Évora;Estremoz;Estremoz (Santa Maria e Santo André);ACC;1;07;0704;070414
2024-08;2024;08;Setúbal;Almada;Laranjeiro e Feijó;ACC;3;15;1503;150315
2023-12;2023;12;Santarém;Tomar;São João Baptista e Santa Maria dos Olivais;ACC;1;14;1418;141821
2025-08;2025;08;Aveiro;Albergaria-a-Velha;Albergaria-a-Velha e Valmaior;ACC;1;01;0102;010209
2025-08;2025;08;Leiria;Alcobaça;Aljubarrota;ACC;1;10;1001;100120
2025-08;2025;08;Santarém;Golegã;Azinhaga;ACC;1;14;1412;141201
2025-08;2025;08;Évora;Évora;Canaviais;ACC;1;07;0705;070515
2025-03;2025;03;Viana do Castelo;Arcos de Valdevez;Vale;ACC;1;16;1601;160149
2025-08;2025;08;Évora;Vendas Novas;Vendas Novas;ACC;2;07;0712;071201
2024-08;2024;08;Porto;Vila do Conde;Vilar de Pinheiro;ACC;1;13;1316;131630
2024-09;2024;09;Braga;Braga;Este (São Pedro e São Mamede);ACC;1;03;0303;030370
2024-04;2024;04;Braga;Braga;Este (São Pedro e São Mamede);ACC;1;03;0303;030370
2025-08;2025;08;Braga;Braga;Este (São Pedro e São Mamede);ACC;1;03;0303;030370
2024-09;2024;09;Porto;Lousada;Figueiras e Covas;ACC;1;13;1305;130529
2025-08;2025;08;Guarda;Sabugal;Sabugal e Aldeia de Santo António;ACC;1;09;0911;091145
2025-08;2025;08;Coimbra;Figueira da Foz;Buarcos e São Julião;ACC;1;06;0605;060520
2024-09;2024;09;Porto;Amarante;Telões;ACC;1;13;1301;130135
2024-09;2024;09;Faro;Lagoa;Estômbar e Parchal;ACC;1;08;0806;080607
2024-09;2024;09;Porto;Porto;Lordelo do Ouro e Massarelos;ACC;2;13;1312;131218
2024-09;2024;09;Évora;Montemor-o-Novo;N. S. da Vila, N. S. do Bispo e Silveiras;ACC;1;07;0706;070612
2024-08;2024;08;Évora;Montemor-o-Novo;N. S. da Vila, N. S. do Bispo e Silveiras;ACC;1;07;0706;070612
2025-08;2025;08;Évora;Montemor-o-Novo;N. S. da Vila, N. S. do Bispo e Silveiras;ACC;1;07;0706;070612
2024-08;2024;08;Coimbra;Coimbra;Souselas e Botão;ACC;1;06;0603;060339
2023-12;2023;12;Porto;Felgueiras;Vila Verde e Santão;ACC;1;13;1303;130341
2024-12;2024;12;Porto;Santo Tirso;Água Longa;ACC;1;13;1314;131402
2025-04;2025;04;Santarém;Alpiarça;Alpiarça;ACC;1;14;1404;140401
2024-09;2024;09;Coimbra;Figueira da Foz;Alqueidão;ACC;1;06;0605;060502
2024-09;2024;09;Évora;Arraiolos;Arraiolos;ACC;1;07;0702;070201
2025-04;2025;04;Portalegre;Elvas;Assunção, Ajuda, Salvador e Santo Ildefonso;ACC;1;12;1207;120712
2025-08;2025;08;Portalegre;Elvas;Assunção, Ajuda, Salvador e Santo Ildefonso;ACC;1;12;1207;120712
2024-08;2024;08;Leiria;Batalha;Batalha;ACC;1;10;1004;100401
2024-09;2024;09;Bragança;Mirandela;Mascarenhas;ACC;1;04;0407;040720
2025-04;2025;04;Bragança;Mirandela;Mascarenhas;ACC;1;04;0407;040720
2024-09;2024;09;Aveiro;Oliveira de Azeméis;Vila de Cucujães;ACC;1;01;0113;011319
2025-04;2025;04;Setúbal;Seixal;Fernão Ferro;ACC;2;15;1510;151006
2025-08;2025;08;Setúbal;Seixal;Fernão Ferro;ACC;2;15;1510;151006
2025-04;2025;04;Aveiro;Santa Maria da Feira;Argoncilhe;ACC;4;01;0109;010901
2024-08;2024;08;Aveiro;Santa Maria da Feira;Argoncilhe;ACC;3;01;0109;010901
2025-04;2025;04;Leiria;Caldas da Rainha;Alvorninha;ACC;1;10;1006;100602
2025-08;2025;08;Leiria;Caldas da Rainha;Alvorninha;ACC;1;10;1006;100602
2025-04;2025;04;Leiria;Bombarral;Bombarral e Vale Covo;ACC;1;10;1005;100506
2024-04;2024;04;Braga;Barcelos;Várzea;ACC;1;03;0302;030283
2025-08;2025;08;Braga;Guimarães;Oliveira, São Paio e São Sebastião;ACC;2;03;0308;030884
2025-08;2025;08;Lisboa;Lisboa;Belém;ACC;1;11;1106;110658
2024-08;2024;08;Porto;Felgueiras;Margaride, Várzea, Lagares, Varziela e Moure;ACC;1;13;1303;130335
2025-08;2025;08;Porto;Paços de Ferreira;Frazão Arreigada;ACC;1;13;1309;130917
2025-04;2025;04;Porto;Maia;Cidade da Maia;ACC;1;13;1306;130619
2025-04;2025;04;Viseu;São Pedro do Sul;Bordonhos;ACC;1;18;1816;181602
2024-08;2024;08;Braga;Guimarães;Sande Vila Nova e Sande São Clemente;ACC;1;03;0308;030887
2025-08;2025;08;Braga;Braga;Adaúfe;ACC;2;03;0303;030301
2025-08;2025;08;Castelo Branco;Castelo Branco;Lardosa;ACC;1;05;0502;050211
2025-08;2025;08;Lisboa;Oeiras;Oeiras e S. Julião da Barra, Paço de Arcos e Caxias;ACC;3;11;1110;111014
2025-08;2025;08;Braga;Vila Nova de Famalicão;Vale (São Martinho);ACC;1;03;0312;031241
2025-04;2025;04;Coimbra;Coimbra;Assafarge e Antanhol;ACC;1;06;0603;060333
2025-08;2025;08;Guarda;Sabugal;Souto;ACC;1;09;0911;091134
2025-08;2025;08;Aveiro;Águeda;Recardães e Espinhel;ACC;1;01;0101;010124
2025-08;2025;08;Braga;Guimarães;Aldão;ACC;1;03;0308;030801
2025-08;2025;08;Santarém;Ourém;Nossa Senhora da Piedade;ACC;2;14;1421;142115
2023-12;2023;12;Santarém;Ourém;Nossa Senhora da Piedade;ACC;1;14;1421;142115
2025-02;2025;02;Santarém;Ourém;Nossa Senhora da Piedade;ACC;1;14;1421;142115
2025-01;2025;01;Santarém;Ourém;Nossa Senhora da Piedade;ACC;1;14;1421;142115
2025-01;2025;01;Leiria;Pombal;Pelariga;ACC;1;10;1015;101508
2025-08;2025;08;Santarém;Santarém;Pernes;ACC;1;14;1416;141614
2024-12;2024;12;Santarém;Cartaxo;Pontével;ACC;1;14;1406;140604
2025-08;2025;08;Santarém;Coruche;Coruche, Fajarda e Erra;ACC;1;14;1409;140909
2024-12;2024;12;Santarém;Rio Maior;Alcobertas;ACC;1;14;1414;141401
2025-02;2025;02;Santarém;Rio Maior;Alcobertas;ACC;1;14;1414;141401
2024-12;2024;12;Santarém;Almeirim;Almeirim;ACC;1;14;1403;140301
2024-12;2024;12;Leiria;Caldas da Rainha;Alvorninha;ACC;1;10;1006;100602
2024-12;2024;12;Aveiro;Santa Maria da Feira;Argoncilhe;ACC;3;01;0109;010901
2024-12;2024;12;Portalegre;Elvas;Assunção, Ajuda, Salvador e Santo Ildefonso;ACC;1;12;1207;120712
2024-12;2024;12;Portalegre;Avis;Avis;ACC;1;12;1203;120303
2024-12;2024;12;Lisboa;Lisboa;Lumiar;ACC;2;11;1106;110618
2024-01;2024;01;Lisboa;Lisboa;Lumiar;ACC;1;11;1106;110618
2024-12;2024;12;Aveiro;Oliveira do Bairro;Oiã;ACC;1;01;0114;011403
2025-01;2025;01;Aveiro;Oliveira do Bairro;Oiã;ACC;1;01;0114;011403
2024-12;2024;12;Aveiro;Santa Maria da Feira;Santa Maria de Lamas;ACC;1;01;0109;010925
2024-12;2024;12;Leiria;Bombarral;Bombarral e Vale Covo;ACC;1;10;1005;100506
2024-12;2024;12;Aveiro;Santa Maria da Feira;Canedo, Vale e Vila Maior;ACC;1;01;0109;010933
2024-12;2024;12;Setúbal;Almada;Charneca de Caparica e Sobreda;ACC;2;15;1503;150314
2024-12;2024;12;Braga;Braga;Ferreiros e Gondizalves;ACC;1;03;0303;030371
2024-12;2024;12;Castelo Branco;Fundão;Fundão, Valverde, Donas, A. Joanes, A. Nova do Cabo;ACC;1;05;0504;050434
2025-01;2025;01;Castelo Branco;Fundão;Fundão, Valverde, Donas, A. Joanes, A. Nova do Cabo;ACC;1;05;0504;050434
2024-12;2024;12;Leiria;Leiria;Monte Real e Carvide;ACC;1;10;1009;100935
2024-12;2024;12;Évora;Montemor-o-Novo;N. S. da Vila, N. S. do Bispo e Silveiras;ACC;1;07;0706;070612
2024-12;2024;12;Aveiro;Águeda;Recardães e Espinhel;ACC;1;01;0101;010124
2024-12;2024;12;Portalegre;Portalegre;Ribeira de Nisa e Carreiras;ACC;1;12;1214;121413
2024-12;2024;12;Braga;Guimarães;Sande Vila Nova e Sande São Clemente;ACC;1;03;0308;030887
2024-02;2024;02;Lisboa;Loures;Santo Antão e São Julião do Tojal;ACC;1;11;1107;110729
2024-12;2024;12;Coimbra;Coimbra;Souselas e Botão;ACC;1;06;0603;060339
2024-12;2024;12;Leiria;Caldas da Rainha;Tornada e Salir do Porto;ACC;2;10;1006;100619
2024-12;2024;12;Lisboa;Amadora;Venteira;ACC;1;11;1115;111517
2024-12;2024;12;Porto;Vila do Conde;Vila do Conde;ACC;1;13;1316;131628
2024-12;2024;12;Porto;Paredes;Vilela;ACC;1;13;1310;131024
2025-02;2025;02;Aveiro;Anadia;Avelãs de Cima;ACC;1;01;0103;010305
2025-01;2025;01;Aveiro;Albergaria-a-Velha;Branca;ACC;1;01;0102;010204
2025-02;2025;02;Setúbal;Seixal;Corroios;ACC;5;15;1510;151005
2025-02;2025;02;Coimbra;Miranda do Corvo;Miranda do Corvo;ACC;1;06;0609;060902
2024-12;2024;12;Lisboa;Lisboa;Alcântara;ACC;1;11;1106;110602
2025-01;2025;01;Lisboa;Lisboa;Alcântara;ACC;1;11;1106;110602
2024-12;2024;12;Porto;Valongo;Alfena;ACC;1;13;1315;131501
2025-02;2025;02;Lisboa;Sintra;Algueirão-Mem Martins;ACC;1;11;1111;111102
2025-02;2025;02;Coimbra;Figueira da Foz;Alqueidão;ACC;1;06;0605;060502
2024-12;2024;12;Braga;Guimarães;Brito;ACC;2;03;0308;030807
2025-02;2025;02;Braga;Guimarães;Costa;ACC;1;03;0308;030812
2024-12;2024;12;Lisboa;Lisboa;Estrela;ACC;1;11;1106;110660
2024-12;2024;12;Braga;Guimarães;Gonça;ACC;1;03;0308;030820
2024-12;2024;12;Braga;Guimarães;Lordelo;ACC;1;03;0308;030828
2025-05;2025;05;Setúbal;Moita;Baixa da Banheira e Vale da Amoreira;ACC;3;15;1506;150607
2025-06;2025;06;Setúbal;Almada;Laranjeiro e Feijó;ACC;3;15;1503;150315
2025-06;2025;06;Leiria;Leiria;Leiria, Pousos, Barreira e Cortes;ACC;1;10;1009;100933
2024-03;2024;03;Leiria;Leiria;Leiria, Pousos, Barreira e Cortes;ACC;1;10;1009;100933
2025-06;2025;06;Braga;Braga;Merelim (São Pedro) e Frossos;ACC;1;03;0303;030375
2024-06;2024;06;Porto;Vila Nova de Gaia;Pedroso e Seixezelo;ACC;1;13;1317;131728
2025-05;2025;05;Lisboa;Odivelas;Pontinha e Famões;ACC;2;11;1116;111608
2025-06;2025;06;Leiria;Leiria;Caranguejeira;ACC;1;10;1009;100907
2025-06;2025;06;Beja;Beja;Beja (Salvador e Santa Maria da Feira);ACC;4;02;0205;020520
2025-05;2025;05;Beja;Beja;Beja (Salvador e Santa Maria da Feira);ACC;4;02;0205;020520
2025-06;2025;06;Portalegre;Nisa;Espírito Santo, Nossa Senhora da Graça e São Simão;ACC;1;12;1212;121212
2025-06;2025;06;Setúbal;Barreiro;Palhais e Coina;ACC;1;15;1504;150411
2024-05;2024;05;Porto;Vila Nova de Gaia;Grijó e Sermonde;ACC;1;13;1317;131725
2024-05;2024;05;Braga;Vila Nova de Famalicão;Vila Nova de Famalicão e Calendário;ACC;2;03;0312;031260
2025-03;2025;03;Porto;Santo Tirso;Água Longa;ACC;1;13;1314;131402
2025-05;2025;05;Lisboa;Sintra;Algueirão-Mem Martins;ACC;1;11;1111;111102
2025-05;2025;05;Lisboa;Arruda dos Vinhos;Arruda dos Vinhos;ACC;2;11;1102;110202
2025-05;2025;05;Aveiro;Anadia;Avelãs de Cima;ACC;1;01;0103;010305
2025-05;2025;05;Aveiro;Aveiro;Esgueira;ACC;2;01;0105;010505
2025-05;2025;05;Porto;Paços de Ferreira;Paços de Ferreira;ACC;1;13;1309;130918
2024-03;2024;03;Porto;Póvoa de Varzim;Aguçadoura e Navais;ACC;1;13;1313;131314
2025-05;2025;05;Leiria;Leiria;Monte Redondo e Carreira;ACC;1;10;1009;100936
2024-03;2024;03;Braga;Vila Nova de Famalicão;Joane;ACC;1;03;0312;031219
2024-03;2024;03;Leiria;Marinha Grande;Marinha Grande;ACC;3;10;1010;101001
2024-05;2024;05;Braga;Cabeceiras de Basto;Refojos de Basto, Outeiro e Painzela;ACC;1;03;0304;030421
2024-11;2024;11;Portalegre;Portalegre;Ribeira de Nisa e Carreiras;ACC;1;12;1214;121413
2024-03;2024;03;Lisboa;Loures;Santo Antão e São Julião do Tojal;ACC;1;11;1107;110729
2023-11;2023;11;Lisboa;Loures;Santo Antão e São Julião do Tojal;ACC;1;11;1107;110729
2024-05;2024;05;Porto;Santo Tirso;St. Tirso, Couto (S. Cristina e S. Miguel) e Burgães;ACC;1;13;1314;131437
2025-05;2025;05;Setúbal;Barreiro;Alto do Seixalinho, Santo André e Verderena;ACC;1;15;1504;150409
2024-11;2024;11;Setúbal;Barreiro;Alto do Seixalinho, Santo André e Verderena;ACC;1;15;1504;150409
2024-03;2024;03;Setúbal;Setúbal;S. Julião, N. S. da Anunciada e S. Maria da Graça;ACC;1;15;1512;151210
2025-05;2025;05;Aveiro;Albergaria-a-Velha;Albergaria-a-Velha e Valmaior;ACC;1;01;0102;010209
2024-11;2024;11;Aveiro;Santa Maria da Feira;Milheirós de Poiares;ACC;1;01;0109;010914
2024-11;2024;11;Lisboa;Amadora;Mina de Água;ACC;1;11;1115;111516
2025-05;2025;05;Porto;Paredes;Paredes;ACC;1;13;1310;131025
2024-11;2024;11;Porto;Paredes;Paredes;ACC;1;13;1310;131025
2025-05;2025;05;Porto;Porto;Ramalde;ACC;1;13;1312;131211
2024-11;2024;11;Porto;Porto;Ramalde;ACC;1;13;1312;131211
2025-05;2025;05;Santarém;Torres Novas;Riachos;ACC;1;14;1419;141910
2025-05;2025;05;Lisboa;Torres Vedras;São Pedro da Cadeira;ACC;2;11;1113;111314
2025-03;2025;03;Lisboa;Torres Vedras;São Pedro da Cadeira;ACC;2;11;1113;111314
2025-05;2025;05;Lisboa;Sintra;Queluz e Belas;ACC;2;11;1111;111126
2025-05;2025;05;Braga;Guimarães;Selho São Lourenço e Gominhães;ACC;1;03;0308;030888
2025-03;2025;03;Braga;Guimarães;Costa;ACC;1;03;0308;030812
2025-03;2025;03;Porto;Paços de Ferreira;Paços de Ferreira;ACC;1;13;1309;130918
2025-03;2025;03;Braga;Barcelos;Pousa;ACC;1;03;0302;030261
2025-03;2025;03;Setúbal;Moita;Baixa da Banheira e Vale da Amoreira;ACC;3;15;1506;150607
2025-03;2025;03;Aveiro;Estarreja;Beduído e Veiros;ACC;1;01;0108;010808
2024-11;2024;11;Aveiro;Estarreja;Beduído e Veiros;ACC;1;01;0108;010808
2025-03;2025;03;Porto;Gondomar;Fânzeres e São Pedro da Cova;ACC;2;13;1304;130413
2024-11;2024;11;Porto;Gondomar;Fânzeres e São Pedro da Cova;ACC;2;13;1304;130413
2024-11;2024;11;Lisboa;Odivelas;Pontinha e Famões;ACC;2;11;1116;111608
2025-03;2025;03;Coimbra;Coimbra;Taveiro, Ameal e Arzila;ACC;1;06;0603;060340
2023-11;2023;11;Braga;Braga;Ferreiros e Gondizalves;ACC;1;03;0303;030371
2024-11;2024;11;Santarém;Rio Maior;Alcobertas;ACC;1;14;1414;141401
2024-11;2024;11;Lisboa;Sintra;Algueirão-Mem Martins;ACC;1;11;1111;111102
2024-11;2024;11;Lisboa;Arruda dos Vinhos;Arruda dos Vinhos;ACC;2;11;1102;110202
2024-11;2024;11;Porto;Gondomar;Baguim do Monte (Rio Tinto);ACC;3;13;1304;130412
2024-11;2024;11;Lisboa;Oeiras;Barcarena;ACC;1;11;1110;111002
2024-11;2024;11;Lisboa;Lisboa;Beato;ACC;1;11;1106;110607
2024-11;2024;11;Braga;Vila Nova de Famalicão;Joane;ACC;1;03;0312;031219
2024-11;2024;11;Braga;Braga;Palmeira;CER;1;03;0303;030331
2024-11;2024;11;Braga;Vila Nova de Famalicão;Requião;ACC;2;03;0312;031233
2024-11;2024;11;Lisboa;Lisboa;São Domingos de Benfica;ACC;1;11;1106;110639
2024-11;2024;11;Coimbra;Tábua;Tábua;ACC;2;06;0616;061614
2024-11;2024;11;Porto;Póvoa de Varzim;Aguçadoura e Navais;ACC;1;13;1313;131314
2024-11;2024;11;Setúbal;Almada;Laranjeiro e Feijó;ACC;3;15;1503;150315
2024-11;2024;11;Braga;Braga;Merelim (São Paio), Panoias e Parada de Tibães;ACC;1;03;0303;030374
2024-11;2024;11;Porto;Vila Nova de Gaia;Pedroso e Seixezelo;ACC;1;13;1317;131728
2024-11;2024;11;Braga;Braga;Real, Dume e Semelhe;ACC;1;03;0303;030379
2024-11;2024;11;Setúbal;Seixal;Seixal, Arrentela e Aldeia de Paio Pires;ACC;3;15;1510;151007
2024-11;2024;11;Bragança;Bragança;Sé, Santa Maria e Meixedo;ACC;1;04;0402;040257
2024-11;2024;11;Braga;Guimarães;Brito;ACC;2;03;0308;030807
2025-03;2025;03;Leiria;Leiria;Caranguejeira;ACC;1;10;1009;100907
2024-11;2024;11;Leiria;Leiria;Caranguejeira;ACC;1;10;1009;100907
2024-11;2024;11;Porto;Maia;Castêlo da Maia;ACC;1;13;1306;130618
2025-03;2025;03;Lisboa;Amadora;Falagueira-Venda Nova;ACC;1;11;1115;111515
2024-11;2024;11;Santarém;Ourém;Fátima;ACC;1;14;1421;142106
2024-11;2024;11;Coimbra;Cantanhede;Febres;ACC;1;06;0602;060207
2024-11;2024;11;Vila Real;Vila Real;Folhadela;ACC;1;17;1714;171409
2024-11;2024;11;Braga;Vila Verde;Gême;ACC;1;03;0313;031317
2024-11;2024;11;Lisboa;Lisboa;Lumiar;ACC;2;11;1106;110618
2025-03;2025;03;Bragança;Miranda do douro;Miranda do Douro;ACC;1;04;0406;040608
2023-11;2023;11;Bragança;Miranda do douro;Miranda do Douro;ACC;1;04;0406;040608
2024-11;2024;11;Porto;Maia;Moreira;ACC;2;13;1306;130609
2024-11;2024;11;Porto;Porto;Paranhos;ACC;1;13;1312;131210
2024-11;2024;11;Braga;Guimarães;Sande (São Martinho);ACC;1;03;0308;030858
2025-03;2025;03;Viseu;Sátão;Sátão;ACC;1;18;1817;181710
2024-11;2024;11;Viseu;Sátão;Sátão;ACC;1;18;1817;181710
2024-11;2024;11;Beja;Beja;Beja (Salvador e Santa Maria da Feira);ACC;3;02;0205;020520
2024-11;2024;11;Porto;Trofa;Bougado (São Martinho e Santiago);ACC;1;13;1318;131810
2024-11;2024;11;Aveiro;Santa Maria da Feira;Canedo, Vale e Vila Maior;ACC;1;01;0109;010933
2024-11;2024;11;Portalegre;Nisa;Espírito Santo, Nossa Senhora da Graça e São Simão;ACC;1;12;1212;121212
2022-11;2022;11;Castelo Branco;Fundão;Fundão, Valverde, Donas, A. Joanes, A. Nova do Cabo;ACC;1;05;0504;050434
2024-11;2024;11;Castelo Branco;Fundão;Fundão, Valverde, Donas, A. Joanes, A. Nova do Cabo;ACC;1;05;0504;050434
2025-03;2025;03;Bragança;Bragança;Izeda, Calvelhe e Paradinha Nova;ACC;1;04;0402;040252
2024-11;2024;11;Bragança;Bragança;Izeda, Calvelhe e Paradinha Nova;ACC;1;04;0402;040252
2024-11;2024;11;Setúbal;Montijo;Montijo e Afonsoeiro;ACC;1;15;1507;150710
2024-11;2024;11;Aveiro;Oliveira de Azeméis;O. Azeméis, Riba-Ul, Ul, Macinhata da Seixa, Madail;ACC;2;01;0113;011321
2024-11;2024;11;Vila Real;Peso da Régua;Poiares e Canelas;ACC;1;17;1708;170816
2024-05;2024;05;Lisboa;Cadaval;Painho e Figueiros;ACC;1;11;1104;110413
2024-11;2024;11;Lisboa;Cadaval;Painho e Figueiros;ACC;1;11;1104;110413
2025-06;2025;06;Coimbra;Góis;Alvares;ACC;1;06;0606;060601
2025-05;2025;05;Coimbra;Góis;Alvares;ACC;1;06;0606;060601
2025-03;2025;03;Coimbra;Góis;Alvares;ACC;1;06;0606;060601
2024-11;2024;11;Coimbra;Góis;Alvares;ACC;1;06;0606;060601
2025-05;2025;05;Braga;Barcelos;Alvelos;ACC;1;03;0302;030208
2024-11;2024;11;Braga;Barcelos;Alvelos;ACC;1;03;0302;030208
2024-11;2024;11;Aveiro;Santa Maria da Feira;Arrifana;ACC;1;01;0109;010902
2025-03;2025;03;Lisboa;Lisboa;Carnide;ACC;2;11;1106;110611
2024-11;2024;11;Braga;Barcelos;Macieira de Rates;ACC;1;03;0302;030244
2025-03;2025;03;Santarém;Salvaterra de Magos;Muge;ACC;1;14;1415;141503
2024-11;2024;11;Santarém;Salvaterra de Magos;Muge;ACC;1;14;1415;141503
2025-05;2025;05;Aveiro;Santa Maria da Feira;Santa Maria de Lamas;ACC;2;01;0109;010925
2024-11;2024;11;Aveiro;Santa Maria da Feira;Santa Maria de Lamas;ACC;1;01;0109;010925
2024-11;2024;11;Porto;Vila Nova de Gaia;São Félix da Marinha;ACC;1;13;1317;131717
2025-06;2025;06;Lisboa;Sobral de Monte Agraço;Sobral de Monte Agraço;ACC;1;11;1112;111203
2024-11;2024;11;Lisboa;Sobral de Monte Agraço;Sobral de Monte Agraço;ACC;1;11;1112;111203
2025-06;2025;06;Castelo Branco;Proença-a-Nova;Proença-a-Nova e Peral;ACC;1;05;0508;050807
2025-06;2025;06;Leiria;Pombal;Santiago e S. Simão de Litém e Albergaria dos Doze;ACC;1;10;1015;101519
2025-05;2025;05;Braga;Vila Nova de Famalicão;Vilarinho das Cambas;ACC;1;03;0312;031249
2025-06;2025;06;Viseu;Viseu;Viseu;ACC;1;18;1823;182341
2022-11;2022;11;Viseu;Tondela;Guardão;ACC;1;18;1821;182108
2024-05;2024;05;Setúbal;Moita;Moita;ACC;1;15;1506;150603
2024-03;2024;03;Setúbal;Moita;Moita;ACC;1;15;1506;150603
2025-03;2025;03;Setúbal;Moita;Moita;ACC;2;15;1506;150603
2024-11;2024;11;Setúbal;Moita;Moita;ACC;1;15;1506;150603
2024-05;2024;05;Leiria;Pombal;Pombal;ACC;1;10;1015;101509
2024-11;2024;11;Leiria;Pombal;Pombal;ACC;2;10;1015;101509
2025-05;2025;05;Setúbal;Palmela;Quinta do Anjo;ACC;1;15;1508;150804
2024-11;2024;11;Setúbal;Palmela;Quinta do Anjo;ACC;1;15;1508;150804
2024-11;2024;11;Lisboa;Sintra;Rio de Mouro;ACC;3;11;1111;111108
2025-06;2025;06;Setúbal;Seixal;Corroios;ACC;5;15;1510;151005
2024-11;2024;11;Setúbal;Seixal;Corroios;ACC;5;15;1510;151005
2024-06;2024;06;Porto;Valongo;Ermesinde;ACC;2;13;1315;131503
2024-11;2024;11;Porto;Valongo;Ermesinde;ACC;2;13;1315;131503
2025-06;2025;06;Coimbra;Penacova;Figueira de Lorvão;ACC;1;06;0613;061302
2025-03;2025;03;Coimbra;Penacova;Figueira de Lorvão;ACC;1;06;0613;061302
2024-11;2024;11;Coimbra;Penacova;Figueira de Lorvão;ACC;1;06;0613;061302
2025-06;2025;06;Braga;Guimarães;Lordelo;ACC;1;03;0308;030828
2025-05;2025;05;Braga;Guimarães;Lordelo;ACC;1;03;0308;030828
2025-05;2025;05;Lisboa;Alenquer;Alenquer (Santo Estêvão e Triana);ACC;1;11;1101;110119
2024-11;2024;11;Lisboa;Alenquer;Alenquer (Santo Estêvão e Triana);ACC;1;11;1101;110119
2024-11;2024;11;Braga;Barcelos;Areias de Vilar e Encourados;ACC;1;03;0302;030292
2025-06;2025;06;Braga;Vila Verde;Esqueiros, Nevogilde e Travassós;ACC;1;03;0313;031363
2024-11;2024;11;Lisboa;Amadora;Alfragide;ACC;1;11;1115;111512
2024-11;2024;11;Setúbal;Seixal;Amora;ACC;2;15;1510;151002
2025-06;2025;06;Porto;Vila do Conde;Árvore;ACC;2;13;1316;131602
2025-05;2025;05;Porto;Marco de Canaveses;Bem Viver;ACC;1;13;1307;130734
2024-11;2024;11;Porto;Marco de Canaveses;Bem Viver;ACC;1;13;1307;130734
2025-05;2025;05;Faro;Aljezur;Bordeira;ACC;1;08;0803;080302
2025-05;2025;05;Braga;Fafe;Fafe;ACC;1;03;0307;030709
2024-11;2024;11;Braga;Fafe;Fafe;ACC;1;03;0307;030709
2024-11;2024;11;Porto;Porto;Cedofeita, Ildefonso, Sé, Miragaia, Nicolau, Vitória;ACC;1;13;1312;131217
2025-05;2025;05;Aveiro;Santa Maria da Feira;Santa Maria da Feira, Travanca, Sanfins e Espargo;ACC;1;01;0109;010935
2025-03;2025;03;Aveiro;Santa Maria da Feira;Santa Maria da Feira, Travanca, Sanfins e Espargo;ACC;1;01;0109;010935
2024-11;2024;11;Porto;Vila Nova de Gaia;Mafamude e Vilar do Paraíso;ACC;1;13;1317;131727
2024-05;2024;05;Braga;Barcelos;Barcelos, V. Boa, V. Frescainha;ACC;1;03;0302;030293
2024-11;2024;11;Braga;Barcelos;Barcelos, V. Boa, V. Frescainha;ACC;2;03;0302;030293
2025-05;2025;05;Braga;Esposende;Esposende, Marinhas e Gandra;ACC;3;03;0306;030618
2024-11;2024;11;Braga;Esposende;Esposende, Marinhas e Gandra;ACC;3;03;0306;030618
2024-11;2024;11;Lisboa;Cascais;Alcabideche;ACC;1;11;1105;110501
2024-11;2024;11;Leiria;Alcobaça;Aljubarrota;ACC;1;10;1001;100120
2024-11;2024;11;Lisboa;Lisboa;Avenidas Novas;ACC;1;11;1106;110657
2024-11;2024;11;Castelo Branco;Idanha-a-Nova;Ladoeiro;ACC;1;05;0505;050505
2025-05;2025;05;Lisboa;Cascais;Carcavelos e Parede;ACC;1;11;1105;110507
2025-05;2025;05;Lisboa;Vila Franca de Xira;Castanheira do Ribatejo e Cachoeiras;ACC;1;11;1114;111414
2025-05;2025;05;Évora;Estremoz;Estremoz (Santa Maria e Santo André);ACC;1;07;0704;070414
2025-05;2025;05;Aveiro;Oliveira de Azeméis;Pinheiro da Bemposta, Travanca e Palmaz;ACC;1;01;0113;011322
2025-03;2025;03;Aveiro;Oliveira do Bairro;Oiã;ACC;1;01;0114;011403
2024-11;2024;11;Aveiro;Oliveira do Bairro;Oiã;ACC;1;01;0114;011403
2025-03;2025;03;Vila Real;Vila Pouca de Aguiar;Sabroso de Aguiar;ACC;1;17;1713;171317
2025-05;2025;05;Lisboa;Lisboa;Santa Maria Maior;ACC;1;11;1106;110665
2024-11;2024;11;Lisboa;Lisboa;Santa Maria Maior;ACC;1;11;1106;110665
2025-03;2025;03;Évora;Évora;Canaviais;ACC;1;07;0705;070515
2024-11;2024;11;Lisboa;Loures;Santa Iria de Azoia, São João da Talha e Bobadela;ACC;2;11;1107;110728
2025-03;2025;03;Braga;Braga;Nogueira, Fraião e Lamaçães;ACC;1;03;0303;030377
2024-11;2024;11;Braga;Braga;Nogueira, Fraião e Lamaçães;ACC;1;03;0303;030377
2025-03;2025;03;Vila Real;Chaves;Santa Cruz/Trindade e Sanjurge;ACC;1;17;1703;170358
2024-11;2024;11;Lisboa;Loures;Bucelas;ACC;1;11;1107;110702
2024-11;2024;11;Braga;Guimarães;Serzedo e Calvos;ACC;1;03;0308;030889
2025-03;2025;03;Porto;Paços de Ferreira;Ferreira;ACC;1;13;1309;130905
2024-11;2024;11;Porto;Vila do Conde;Guilhabreu;ACC;1;13;1316;131611
2024-11;2024;11;Faro;Loulé;Loulé (São Sebastião);ACC;1;08;0808;080809
2025-03;2025;03;Setúbal;Santiago do Cacém;Santo André;ACC;1;15;1509;150907
2025-03;2025;03;Setúbal;Grândola;Grândola e Santa Margarida da Serra;ACC;2;15;1505;150506
2024-11;2024;11;Porto;Matosinhos;Matosinhos e Leça da Palmeira;ACC;1;13;1308;130812
2024-11;2024;11;Porto;Matosinhos;Perafita, Lavra e Santa Cruz do Bispo;ACC;1;13;1308;130813
2024-11;2024;11;Braga;Vila Nova de Famalicão;Vilarinho das Cambas;ACC;1;03;0312;031249
2024-11;2024;11;Lisboa;Amadora;Venteira;ACC;1;11;1115;111517
2024-10;2024;10;Lisboa;Amadora;Venteira;ACC;1;11;1115;111517
2024-11;2024;11;Santarém;Cartaxo;Vila Chã de Ourique;ACC;1;14;1406;140607
2024-09;2024;09;Santarém;Cartaxo;Vila Chã de Ourique;ACC;1;14;1406;140607
2023-10;2023;10;Viseu;Tondela;Guardão;ACC;1;18;1821;182108
2023-10;2023;10;Bragança;Miranda do douro;Miranda do Douro;ACC;1;04;0406;040608
2024-10;2024;10;Bragança;Miranda do douro;Miranda do Douro;ACC;1;04;0406;040608
2022-09;2022;09;Bragança;Miranda do douro;Miranda do Douro;ACC;1;04;0406;040608
2024-10;2024;10;Braga;Braga;Palmeira;CER;1;03;0303;030331
2023-10;2023;10;Lisboa;Loures;Santo Antão e São Julião do Tojal;ACC;1;11;1107;110729
2024-10;2024;10;Lisboa;Loures;Santo Antão e São Julião do Tojal;ACC;2;11;1107;110729
2024-10;2024;10;Leiria;Leiria;Caranguejeira;ACC;1;10;1009;100907
2024-10;2024;10;Braga;Vila Nova de Famalicão;Delães;ACC;1;03;0312;031213
2025-04;2025;04;Braga;Vila Nova de Famalicão;Delães;ACC;1;03;0312;031213
2024-10;2024;10;Braga;Fafe;Fafe;ACC;1;03;0307;030709
2024-10;2024;10;Setúbal;Palmela;Palmela;ACC;2;15;1508;150802
2024-10;2024;10;Porto;Paredes;Paredes;ACC;1;13;1310;131025
2024-10;2024;10;Braga;Guimarães;Polvoreira;ACC;2;03;0308;030837
2024-10;2024;10;Braga;Barcelos;Pousa;ACC;1;03;0302;030261
2024-09;2024;09;Braga;Barcelos;Pousa;ACC;1;03;0302;030261
2024-08;2024;08;Braga;Barcelos;Pousa;ACC;1;03;0302;030261
2024-10;2024;10;Porto;Penafiel;Rio de Moinhos;ACC;2;13;1311;131129
2024-10;2024;10;Vila Real;Vila Pouca de Aguiar;Sabroso de Aguiar;ACC;1;17;1713;171317
2024-10;2024;10;Setúbal;Santiago do Cacém;Santo André;ACC;1;15;1509;150907
2024-10;2024;10;Viseu;Sátão;Sátão;ACC;1;18;1817;181710
2024-10;2024;10;Braga;Vila Verde;Turiz;ACC;1;03;0313;031354
2024-04;2024;04;Braga;Vila Verde;Turiz;ACC;1;03;0313;031354
2024-10;2024;10;Aveiro;Águeda;Águeda e Borralha;ACC;1;01;0101;010121
2024-10;2024;10;Lisboa;Loures;Santa Iria de Azoia, São João da Talha e Bobadela;ACC;2;11;1107;110728
2024-10;2024;10;Beja;Beja;Beja (Salvador e Santa Maria da Feira);ACC;3;02;0205;020520
2024-10;2024;10;Porto;Porto;Cedofeita, Ildefonso, Sé, Miragaia, Nicolau, Vitória;ACC;1;13;1312;131217
2024-10;2024;10;Évora;Estremoz;Estremoz (Santa Maria e Santo André);ACC;1;07;0704;070414
2024-10;2024;10;Aveiro;Santa Maria da Feira;Santa Maria da Feira, Travanca, Sanfins e Espargo;ACC;1;01;0109;010935
2024-10;2024;10;Braga;Braga;Merelim (São Paio), Panoias e Parada de Tibães;ACC;1;03;0303;030374
2024-10;2024;10;Lisboa;Odivelas;Pontinha e Famões;ACC;2;11;1116;111608
2024-10;2024;10;Lisboa;Odivelas;Póvoa de Santo Adrião e Olival Basto;ACC;1;11;1116;111609
2024-10;2024;10;Setúbal;Seixal;Seixal, Arrentela e Aldeia de Paio Pires;ACC;3;15;1510;151007
2024-10;2024;10;Braga;Guimarães;Serzedo e Calvos;ACC;1;03;0308;030889
2024-09;2024;09;Porto;Valongo;Ermesinde;ACC;2;13;1315;131503
2023-08;2023;08;Lisboa;Lisboa;Lumiar;ACC;1;11;1106;110618
2024-08;2024;08;Lisboa;Lisboa;Lumiar;ACC;1;11;1106;110618
2024-09;2024;09;Braga;Guimarães;Brito;ACC;2;03;0308;030807
2025-04;2025;04;Braga;Guimarães;Brito;ACC;2;03;0308;030807
2024-04;2024;04;Braga;Barcelos;Carvalhal;ACC;1;03;0302;030220
2024-08;2024;08;Braga;Fafe;Estorãos;ACC;1;03;0307;030708
2024-09;2024;09;Lisboa;Amadora;Falagueira-Venda Nova;ACC;1;11;1115;111515
2024-08;2024;08;Lisboa;Amadora;Falagueira-Venda Nova;ACC;1;11;1115;111515
2024-08;2024;08;Braga;Vila Verde;Gême;ACC;1;03;0313;031317
2024-09;2024;09;Leiria;Pombal;Pombal;ACC;2;10;1015;101509
2024-09;2024;09;Aveiro;Aveiro;Requeixo, Nossa Senhora de Fátima e Nariz;ACC;1;01;0105;010516
2024-08;2024;08;Aveiro;Aveiro;Requeixo, Nossa Senhora de Fátima e Nariz;ACC;1;01;0105;010516
2025-04;2025;04;Setúbal;Setúbal;Sado;ACC;1;15;1512;151208
2024-08;2024;08;Lisboa;Lisboa;Santa Maria Maior;ACC;1;11;1106;110665
2024-09;2024;09;Lisboa;Lisboa;São Domingos de Benfica;ACC;1;11;1106;110639
2025-10;2025;10;Viseu;Viseu;Abraveses;ACC;1;18;1823;182301
2025-10;2025;10;Viseu;Viseu;Rio de Loba;ACC;2;18;1823;182323
2025-10;2025;10;Viseu;Viseu;Fail e Vila Chã de Sá;ACC;1;18;1823;182338
2025-10;2025;10;Viseu;Moimenta da Beira;Arcozelos;ACC;1;18;1807;180703
2025-10;2025;10;Viseu;Nelas;Canas de Senhorim;ACC;1;18;1809;180901
2025-10;2025;10;Viseu;Resende;Resende;ACC;2;18;1813;181311
2025-10;2025;10;Viseu;Sátão;Sátão;ACC;1;18;1817;181710
2025-10;2025;10;Viseu;Mangualde;Santiago de Cassurrães e Póvoa de Cervães;ACC;1;18;1806;180621
2025-10;2025;10;Viseu;Lamego;Várzea de Abrunhais;ACC;1;18;1805;180523
2025-10;2025;10;Braga;Braga;Esporões;ACC;1;03;0303;030313
2025-10;2025;10;Braga;Braga;Palmeira;ACC;2;03;0303;030331
2025-10;2025;10;Braga;Braga;Este (São Pedro e São Mamede);ACC;1;03;0303;030370
2025-10;2025;10;Braga;Braga;Merelim (São Pedro) e Frossos;ACC;4;03;0303;030375
2025-10;2025;10;Braga;Guimarães;Caldelas;ACC;1;03;0308;030808
2025-10;2025;10;Braga;Guimarães;Lordelo;ACC;1;03;0308;030828
2025-10;2025;10;Braga;Guimarães;Polvoreira;ACC;2;03;0308;030837
2025-10;2025;10;Braga;Guimarães;Serzedelo;ACC;1;03;0308;030866
2025-10;2025;10;Braga;Guimarães;Atães e Rendufe;ACC;1;03;0308;030878
2025-10;2025;10;Braga;Guimarães;Sande São Lourenço e Balazar;ACC;1;03;0308;030886
2025-10;2025;10;Braga;Guimarães;Sande Vila Nova e Sande São Clemente;ACC;4;03;0308;030887
2025-10;2025;10;Braga;Guimarães;Urgezes;ACC;1;03;0308;030871
2025-10;2025;10;Braga;Barcelos;Arcozelo;ACC;1;03;0302;030209
2025-10;2025;10;Braga;Barcelos;Pousa;ACC;2;03;0302;030261
2025-10;2025;10;Braga;Fafe;Arões (Santa Cristina);ACC;1;03;0307;030726
2025-10;2025;10;Braga;Fafe;Arões (São Romão);ACC;1;03;0307;030730
2025-10;2025;10;Braga;Fafe;Estorãos;ACC;1;03;0307;030708
2025-10;2025;10;Braga;Fafe;Fafe;ACC;2;03;0307;030709
2025-10;2025;10;Braga;Vila Nova de Famalicão;Delães;ACC;2;03;0312;031213
2025-10;2025;10;Braga;Vieira do Minho;Eira Vedra;ACC;1;03;0311;031107
2025-10;2025;10;Braga;Vila Verde;Freiriz;ACC;1;03;0313;031316
2025-10;2025;10;Braga;Póvoa de Lanhoso;Póvoa de Lanhoso (Nossa Senhora do Amparo);ACC;1;03;0309;030919
2025-10;2025;10;Braga;Vizela;Caldas de Vizela (São Miguel e São João);ACC;2;03;0314;031408
2025-10;2025;10;Braga;Esposende;Apúlia e Fão;ACC;1;03;0306;030616
2025-10;2025;10;Braga;Esposende;Esposende, Marinhas e Gandra;ACC;4;03;0306;030618
2025-10;2025;10;Aveiro;Águeda;Trofa, Segadães e Lamas do Vouga;ACC;1;01;0101;010126
2025-10;2025;10;Aveiro;Arouca;Arouca e Burgo;ACC;1;01;0104;010421
2025-10;2025;10;Aveiro;Santa Maria da Feira;Mozelos;ACC;1;01;0109;010916
2025-10;2025;10;Aveiro;Santa Maria da Feira;Paços de Brandão;ACC;2;01;0109;010919
2025-10;2025;10;Aveiro;Santa Maria da Feira;São Paio de Oleiros;ACC;2;01;0109;010918
2025-10;2025;10;Aveiro;Santa Maria da Feira;Caldas de São Jorge e de Pigeiros;ACC;1;01;0109;010932
2025-10;2025;10;Aveiro;Santa Maria da Feira;Canedo, Vale e Vila Maior;ACC;1;01;0109;010933
2025-10;2025;10;Aveiro;Murtosa;Bunheiro;ACC;2;01;0112;011201
2025-10;2025;10;Aveiro;Oliveira de Azeméis;Fajões;ACC;1;01;0113;011303
2025-10;2025;10;Aveiro;Oliveira de Azeméis;Vila de Cucujães;ACC;3;01;0113;011319
2025-10;2025;10;Aveiro;Ovar;Cortegaça;ACC;1;01;0115;011502
2025-10;2025;10;Aveiro;Aveiro;Eixo e Eirol;ACC;1;01;0105;010515
2025-10;2025;10;Aveiro;Aveiro;Esgueira;ACC;2;01;0105;010505
2025-10;2025;10;Aveiro;Ílhavo;Gafanha do Carmo;ACC;1;01;0110;011007
2025-10;2025;10;Aveiro;Ílhavo;Ílhavo (São Salvador);ACC;2;01;0110;011008
2025-10;2025;10;Porto;Santo Tirso;Monte Córdova;ACC;1;13;1314;131413
2025-10;2025;10;Porto;Santo Tirso;Lamelas e Guimarei;ACC;1;13;1314;131436
2025-10;2025;10;Porto;Felgueiras;Airães;ACC;1;13;1303;130302
2025-10;2025;10;Porto;Felgueiras;Margaride, Várzea, Lagares, Varziela e Moure;ACC;2;13;1303;130335
2025-10;2025;10;Porto;Valongo;Alfena;ACC;4;13;1315;131501
2025-10;2025;10;Porto;Valongo;Ermesinde;ACC;4;13;1315;131503
2025-10;2025;10;Porto;Valongo;Valongo;ACC;4;13;1315;131505
2025-10;2025;10;Porto;Vila Nova de Gaia;São Félix da Marinha;ACC;4;13;1317;131717
2025-10;2025;10;Porto;Vila Nova de Gaia;Grijó e Sermonde;ACC;2;13;1317;131725
2025-10;2025;10;Porto;Vila Nova de Gaia;Santa Marinha e São Pedro da Afurada;ACC;2;13;1317;131730
2025-10;2025;10;Porto;Vila do Conde;Gião;ACC;1;13;1316;131610
2025-10;2025;10;Porto;Vila do Conde;Vilar de Pinheiro;ACC;1;13;1316;131630
2025-10;2025;10;Porto;Paredes;Vilela;ACC;2;13;1310;131024
2025-10;2025;10;Porto;Marco de Canaveses;Bem Viver;ACC;1;13;1307;130734
2025-10;2025;10;Porto;Paços de Ferreira;Meixomil;ACC;1;13;1309;130910
2025-10;2025;10;Porto;Paços de Ferreira;Paços de Ferreira;ACC;1;13;1309;130918
2025-10;2025;10;Porto;Maia;Milheirós;ACC;1;13;1306;130608
2025-10;2025;10;Porto;Maia;Moreira;ACC;4;13;1306;130609
2025-10;2025;10;Porto;Póvoa de Varzim;Estela;ACC;1;13;1313;131307
2025-10;2025;10;Porto;Póvoa de Varzim;Aguçadoura e Navais;ACC;1;13;1313;131314
2025-10;2025;10;Porto;Lousada;Nevogilde;ACC;1;13;1305;130515
2025-10;2025;10;Porto;Lousada;Figueiras e Covas;ACC;1;13;1305;130529
2025-10;2025;10;Porto;Amarante;Telões;ACC;1;13;1301;130135
2025-10;2025;10;Porto;Penafiel;Penafiel;ACC;1;13;1311;131139
2025-10;2025;10;Porto;Penafiel;Rio de Moinhos;ACC;2;13;1311;131129
2025-10;2025;10;Porto;Trofa;Coronado (São Romão e São Mamede);ACC;1;13;1318;131811
2025-10;2025;10;Porto;Matosinhos;Perafita, Lavra e Santa Cruz do Bispo;ACC;3;13;1308;130813
2025-10;2025;10;Lisboa;Amadora;Alfragide;ACC;2;11;1115;111512
2025-10;2025;10;Lisboa;Amadora;Venteira;ACC;2;11;1115;111517
2025-10;2025;10;Lisboa;Lisboa;Lumiar;ACC;3;11;1106;110618
2025-10;2025;10;Lisboa;Lisboa;Misericórdia;ACC;2;11;1106;110661
2025-10;2025;10;Lisboa;Lisboa;Parque das Nações;ACC;2;11;1106;110662
2025-10;2025;10;Lisboa;Lisboa;São Domingos de Benfica;ACC;2;11;1106;110639
2025-10;2025;10;Lisboa;Arruda dos Vinhos;Arruda dos Vinhos;ACC;2;11;1102;110202
2025-10;2025;10;Lisboa;Azambuja;Azambuja;ACC;1;11;1103;110304
2025-10;2025;10;Lisboa;Azambuja;Vale do Paraíso;ACC;1;11;1103;110306
2025-10;2025;10;Lisboa;Oeiras;Carnaxide e Queijas;ACC;6;11;1110;111013
2025-10;2025;10;Lisboa;Loures;Loures;ACC;1;11;1107;110707
2025-10;2025;10;Lisboa;Loures;Sacavém e Prior Velho;ACC;4;11;1107;110727
2025-10;2025;10;Lisboa;Loures;Santo António dos Cavaleiros e Frielas;ACC;1;11;1107;110730
2025-10;2025;10;Lisboa;Loures;Santo Antão e São Julião do Tojal;ACC;2;11;1107;110729
2025-10;2025;10;Lisboa;Torres Vedras;Ponte do Rol;ACC;2;11;1113;111310
2025-10;2025;10;Lisboa;Torres Vedras;São Pedro da Cadeira;ACC;2;11;1113;111314
2025-10;2025;10;Lisboa;Alenquer;Alenquer (Santo Estêvão e Triana);ACC;1;11;1101;110119
2025-10;2025;10;Lisboa;Cadaval;Vilar;ACC;1;11;1104;110410
2025-10;2025;10;Lisboa;Odivelas;Pontinha e Famões;ACC;5;11;1116;111608
2025-10;2025;10;Lisboa;Odivelas;Póvoa de Santo Adrião e Olival Basto;ACC;1;11;1116;111609
2025-10;2025;10;Faro;Albufeira;Albufeira e Olhos de Água;ACC;1;08;0801;080106
2025-10;2025;10;Faro;Aljezur;Bordeira;ACC;1;08;0803;080302
2025-10;2025;10;Faro;Loulé;Loulé (São Clemente);ACC;2;08;0808;080808
2025-10;2025;10;Faro;Loulé;Loulé (São Sebastião);ACC;1;08;0808;080809
2025-10;2025;10;Faro;Loulé;Quarteira;ACC;2;08;0808;080805
2025-10;2025;10;Faro;Silves;Armação de Pêra;ACC;1;08;0813;081303
2025-10;2025;10;Faro;Silves;São Bartolomeu de Messines;ACC;2;08;0813;081305
2025-10;2025;10;Faro;Lagoa;Estômbar e Parchal;ACC;1;08;0806;080607
2025-10;2025;10;Faro;Tavira;Luz de Tavira e Santo Estêvão;ACC;1;08;0814;081411
2025-10;2025;10;Évora;Viana do Alentejo;Alcáçovas;ACC;1;07;0713;071301
2025-10;2025;10;Évora;Estremoz;Estremoz (Santa Maria e Santo André);ACC;4;07;0704;070414
2025-10;2025;10;Évora;Borba;Borba (Matriz);ACC;1;07;0703;070301
2025-10;2025;10;Évora;Évora;Bacelo e Senhora da Saúde;ACC;1;07;0705;070522
2025-10;2025;10;Évora;Évora;N. S. da Tourega e N. S. de Guadalupe;ACC;1;07;0705;070525
2025-10;2025;10;Évora;Vila Viçosa;Nossa Senhora da Conceição e São Bartolomeu;ACC;2;07;0714;071406
2025-10;2025;10;Évora;Montemor-o-Novo;N. S. da Vila, N. S. do Bispo e Silveiras;ACC;2;07;0706;070612
2025-10;2025;10;Santarém;Santarém;Romeira e Várzea;ACC;1;14;1416;141632
2025-10;2025;10;Santarém;Rio Maior;Alcobertas;ACC;3;14;1414;141401
2025-10;2025;10;Santarém;Almeirim;Almeirim;ACC;1;14;1403;140301
2025-10;2025;10;Santarém;Ourém;Nossa Senhora da Piedade;ACC;2;14;1421;142115
2025-10;2025;10;Santarém;Benavente;Benavente;ACC;2;14;1405;140501
2025-10;2025;10;Santarém;Benavente;Samora Correia;ACC;1;14;1405;140502
2025-10;2025;10;Santarém;Salvaterra de Magos;Marinhais;ACC;3;14;1415;141502
2025-10;2025;10;Santarém;Torres Novas;Torres Novas (São Pedro), Lapas e Ribeira Branca;ACC;1;14;1419;141921
2025-10;2025;10;Santarém;Entroncamento;Nossa Senhora de Fátima;ACC;1;14;1410;141002
2025-10;2025;10;Santarém;Cartaxo;Vale da Pedra;ACC;1;14;1406;140608
2025-10;2025;10;Santarém;Cartaxo;Vila Chã de Ourique;ACC;2;14;1406;140607
2025-10;2025;10;Santarém;Sardoal;Sardoal;ACC;1;14;1417;141703
2025-10;2025;10;Santarém;Alcanena;Alcanena e Vila Moreira;ACC;1;14;1402;140211
2025-10;2025;10;Santarém;Alcanena;Malhou, Louriceira e Espinheiro;ACC;1;14;1402;140212
2025-10;2025;10;Santarém;Coruche;Coruche, Fajarda e Erra;ACC;1;14;1409;140909
2025-10;2025;10;Santarém;Abrantes;São Miguel do Rio Torto e Rossio ao Sul do Tejo;ACC;1;14;1401;140124
2025-10;2025;10;Leiria;Alcobaça;Alfeizerão;ACC;1;10;1001;100102
2025-10;2025;10;Leiria;Alcobaça;Bárrio;ACC;1;10;1001;100104
2025-10;2025;10;Leiria;Alcobaça;Évora de Alcobaça;ACC;1;10;1001;100108
2025-10;2025;10;Leiria;Alcobaça;Vimeiro;ACC;1;10;1001;100116
2025-10;2025;10;Leiria;Caldas da Rainha;Tornada e Salir do Porto;ACC;2;10;1006;100619
2025-10;2025;10;Leiria;Leiria;Arrabal;ACC;2;10;1009;100902
2025-10;2025;10;Leiria;Leiria;Caranguejeira;ACC;3;10;1009;100907
2025-10;2025;10;Leiria;Leiria;Leiria, Pousos, Barreira e Cortes;ACC;1;10;1009;100933
2025-10;2025;10;Leiria;Leiria;Monte Real e Carvide;ACC;1;10;1009;100935
2025-10;2025;10;Leiria;Leiria;Monte Redondo e Carreira;ACC;1;10;1009;100936
2025-10;2025;10;Leiria;Peniche;Peniche;ACC;1;10;1014;101407
2025-10;2025;10;Leiria;Pombal;Carriço;ACC;1;10;1015;101505
2025-10;2025;10;Leiria;Pombal;Santiago e S. Simão de Litém e Albergaria dos Doze;ACC;2;10;1015;101519
2025-10;2025;10;Leiria;Pombal;Vermoil;ACC;1;10;1015;101513
2025-10;2025;10;Leiria;Óbidos;Gaeiras;ACC;1;10;1012;101208
2025-10;2025;10;Leiria;Porto de Mós;São Bento;ACC;1;10;1016;101610
2025-10;2025;10;Leiria;Bombarral;Bombarral e Vale Covo;ACC;1;10;1005;100506
2025-10;2025;10;Setúbal;Moita;Baixa da Banheira e Vale da Amoreira;ACC;3;15;1506;150607
2025-10;2025;10;Setúbal;Sesimbra;Quinta do Conde;ACC;1;15;1511;151103
2025-10;2025;10;Setúbal;Almada;Laranjeiro e Feijó;ACC;3;15;1503;150315
2025-10;2025;10;Setúbal;Barreiro;Alto do Seixalinho, Santo André e Verderena;ACC;3;15;1504;150409
2025-10;2025;10;Coimbra;Góis;Alvares;ACC;1;06;0606;060601
2025-10;2025;10;Coimbra;Montemor-o-Velho;Carapinheira;ACC;1;06;0610;061003
2025-10;2025;10;Coimbra;Montemor-o-Velho;Montemor-o-Velho e Gatões;ACC;1;06;0610;061016
2025-10;2025;10;Coimbra;Coimbra;Cernache;ACC;1;06;0603;060312
2025-10;2025;10;Coimbra;Cantanhede;Sepins e Bolho;ACC;1;06;0602;060223
2025-10;2025;10;Coimbra;Tábua;Tábua;ACC;2;06;0616;061614
2025-10;2025;10;Coimbra;Penela;São Miguel, Santa Eufémia e Rabaçal;ACC;1;06;0614;061407
2025-10;2025;10;Viana do Castelo;Viana do Castelo;Santa Marta de Portuzelo;ACC;1;16;1609;160928
2025-10;2025;10;Viana do Castelo;Viana do Castelo;São Romão de Neiva;ACC;2;16;1609;160923
2025-10;2025;10;Viana do Castelo;Viana do Castelo;Geraz do Lima (S. Maria, S. Leocádia, Moreira), Deão;ACC;1;16;1609;160943
2025-10;2025;10;Viana do Castelo;Vila Nova de Cerveira;Cornes;ACC;1;16;1610;161003
2025-10;2025;10;Viana do Castelo;Valença;Fontoura;ACC;1;16;1608;160805
2025-10;2025;10;Viana do Castelo;Valença;São Pedro da Torre;ACC;1;16;1608;160812
2025-10;2025;10;Viana do Castelo;Monção;Trute;ACC;1;16;1604;160431
2025-10;2025;10;Viana do Castelo;Arcos de Valdevez;Vale;ACC;1;16;1601;160149
2025-10;2025;10;Portalegre;Portalegre;Fortios;ACC;1;12;1214;121404
2025-10;2025;10;Portalegre;Castelo de Vide;São João Baptista;ACC;1;12;1205;120504
2025-10;2025;10;Portalegre;Crato;Crato e Mártires, Flor da Rosa e Vale do Peso;ACC;1;12;1206;120607
2025-10;2025;10;Beja;Serpa;Vila Nova de São Bento e Vale de Vargo;ACC;1;02;0213;021309
2025-10;2025;10;Beja;Moura;Póvoa de São Miguel;ACC;1;02;0210;021002
2025-10;2025;10;Beja;Beja;Beja (Salvador e Santa Maria da Feira);ACC;4;02;0205;020520
2025-10;2025;10;Beja;Castro Verde;Castro Verde e Casével;ACC;1;02;0206;020606
2025-10;2025;10;Vila Real;Vila Pouca de Aguiar;Bornes de Aguiar;ACC;1;17;1713;171303
2025-10;2025;10;Vila Real;Vila Real;Folhadela;ACC;1;17;1714;171409
2025-10;2025;10;Vila Real;Vila Real;Vila Real;ACC;2;17;1714;171438
2025-10;2025;10;Bragança;Mirandela;Mascarenhas;ACC;1;04;0407;040720
2025-10;2025;10;Bragança;Bragança;Izeda, Calvelhe e Paradinha Nova;ACC;1;04;0402;040252
2025-10;2025;10;Castelo Branco;Covilhã;Ferro;ACC;1;05;0503;050311
2025-10;2025;10;Castelo Branco;Idanha-a-Nova;Ladoeiro;ACC;1;05;0505;050505
2025-11;2025;11;Viseu;Viseu;Abraveses;ACC;1;18;1823;182301
2025-11;2025;11;Viseu;Viseu;Fail e Vila Chã de Sá;ACC;1;18;1823;182338
2025-11;2025;11;Viseu;Moimenta da Beira;Arcozelos;ACC;1;18;1807;180703
2025-11;2025;11;Viseu;Tondela;Guardão;ACC;1;18;1821;182108
2025-11;2025;11;Viseu;Penalva do Castelo;Ínsua;ACC;1;18;1811;181105
2025-11;2025;11;Viseu;Mangualde;Santiago de Cassurrães e Póvoa de Cervães;ACC;1;18;1806;180621
2025-11;2025;11;Viseu;Tarouca;Tarouca e Dálvares;ACC;1;18;1820;182013
2025-11;2025;11;Braga;Braga;Adaúfe;ACC;3;03;0303;030301
2025-11;2025;11;Braga;Braga;Palmeira;ACC;2;03;0303;030331
2025-11;2025;11;Braga;Braga;Palmeira;CER;1;03;0303;030331
2025-11;2025;11;Braga;Braga;Merelim (São Paio), Panoias e Parada de Tibães;ACC;1;03;0303;030374
2025-11;2025;11;Braga;Guimarães;Caldelas;ACC;1;03;0308;030808
2025-11;2025;11;Braga;Guimarães;Nespereira;ACC;1;03;0308;030832
2025-11;2025;11;Braga;Guimarães;Sande (São Martinho);ACC;1;03;0308;030858
2025-11;2025;11;Braga;Guimarães;Selho (São Jorge);ACC;2;03;0308;030854
2025-11;2025;11;Braga;Guimarães;Urgezes;ACC;1;03;0308;030871
2025-11;2025;11;Braga;Barcelos;Alvelos;ACC;1;03;0302;030208
2025-11;2025;11;Braga;Barcelos;Macieira de Rates;ACC;1;03;0302;030244
2025-11;2025;11;Braga;Barcelos;Manhente;ACC;1;03;0302;030245
2025-11;2025;11;Braga;Barcelos;Pousa;ACC;2;03;0302;030261
2025-11;2025;11;Braga;Barcelos;Areias de Vilar e Encourados;ACC;1;03;0302;030292
2025-11;2025;11;Braga;Barcelos;Vila Cova e Feitos;ACC;1;03;0302;0302FH
2025-11;2025;11;Braga;Fafe;Estorãos;ACC;1;03;0307;030708
2025-11;2025;11;Braga;Vila Nova de Famalicão;Delães;ACC;2;03;0312;031213
2025-11;2025;11;Braga;Vila Nova de Famalicão;Vila Nova de Famalicão e Calendário;ACC;5;03;0312;031260
2025-11;2025;11;Braga;Vila Verde;Gême;ACC;1;03;0313;031317
2025-11;2025;11;Braga;Vila Verde;Turiz;ACC;1;03;0313;031354
2025-11;2025;11;Braga;Póvoa de Lanhoso;Póvoa de Lanhoso (Nossa Senhora do Amparo);ACC;1;03;0309;030919
2025-11;2025;11;Braga;Vizela;Santa Eulália;ACC;1;03;0314;031401
2025-11;2025;11;Braga;Vizela;Caldas de Vizela (São Miguel e São João);ACC;2;03;0314;031408
2025-11;2025;11;Braga;Esposende;Apúlia e Fão;ACC;1;03;0306;030616
2025-11;2025;11;Braga;Celorico de Basto;Britelo, Gémeos e Ourilhe;ACC;1;03;0305;030523
2025-11;2025;11;Aveiro;Águeda;Aguada de Cima;ACC;1;01;0101;010103
2025-11;2025;11;Aveiro;Águeda;Águeda e Borralha;ACC;2;01;0101;010121
2025-11;2025;11;Aveiro;Águeda;Trofa, Segadães e Lamas do Vouga;ACC;1;01;0101;010126
2025-11;2025;11;Aveiro;Arouca;Arouca e Burgo;ACC;1;01;0104;010421
2025-11;2025;11;Aveiro;Santa Maria da Feira;Milheirós de Poiares;ACC;1;01;0109;010914
2025-11;2025;11;Aveiro;Santa Maria da Feira;Romariz;ACC;1;01;0109;010922
2025-11;2025;11;Aveiro;Santa Maria da Feira;São João de Ver;ACC;2;01;0109;010926
2025-11;2025;11;Aveiro;Santa Maria da Feira;Canedo, Vale e Vila Maior;ACC;1;01;0109;010933
2025-11;2025;11;Aveiro;Oliveira de Azeméis;Carregosa;ACC;2;01;0113;011301
2025-11;2025;11;Aveiro;Oliveira de Azeméis;Fajões;ACC;1;01;0113;011303
2025-11;2025;11;Aveiro;Ovar;Cortegaça;ACC;1;01;0115;011502
2025-11;2025;11;Aveiro;Aveiro;Esgueira;ACC;2;01;0105;010505
2025-11;2025;11;Aveiro;Ílhavo;Ílhavo (São Salvador);ACC;2;01;0110;011008
2025-11;2025;11;Aveiro;Estarreja;Beduído e Veiros;ACC;1;01;0108;010808
2025-11;2025;11;Porto;Santo Tirso;Monte Córdova;ACC;1;13;1314;131413
2025-11;2025;11;Porto;Santo Tirso;Areias, Sequeiró, Lama e Palmeira;ACC;1;13;1314;131433
2025-11;2025;11;Porto;Santo Tirso;St. Tirso, Couto (S. Cristina e S. Miguel) e Burgães;ACC;3;13;1314;131437
2025-11;2025;11;Porto;Maia;Cidade da Maia;ACC;2;13;1306;130619
2025-11;2025;11;Porto;Maia;Nogueira e Silva Escura;ACC;2;13;1306;130620
2025-11;2025;11;Porto;Felgueiras;Airães;ACC;1;13;1303;130302
2025-11;2025;11;Porto;Valongo;Ermesinde;ACC;4;13;1315;131503
2025-11;2025;11;Porto;Valongo;Campo e Sobrado;ACC;1;13;1315;131506
2025-11;2025;11;Porto;Valongo;Campo e Sobrado;CER;1;13;1315;131506
2025-11;2025;11;Porto;Vila Nova de Gaia;Arcozelo;ACC;2;13;1317;131701
2025-11;2025;11;Porto;Vila Nova de Gaia;Avintes;ACC;1;13;1317;131702
2025-11;2025;11;Porto;Vila Nova de Gaia;Canidelo;ACC;2;13;1317;131704
2025-11;2025;11;Porto;Vila Nova de Gaia;São Félix da Marinha;ACC;4;13;1317;131717
2025-11;2025;11;Porto;Vila Nova de Gaia;Serzedo e Perosinho;ACC;2;13;1317;131731
2025-11;2025;11;Porto;Vila Nova de Gaia;Santa Marinha e São Pedro da Afurada;ACC;2;13;1317;131730
2025-11;2025;11;Porto;Paredes;Astromil;ACC;1;13;1310;131002
2025-11;2025;11;Porto;Gondomar;Baguim do Monte (Rio Tinto);ACC;4;13;1304;130412
2025-11;2025;11;Porto;Gondomar;Fânzeres e São Pedro da Cova;ACC;5;13;1304;130413
2025-11;2025;11;Porto;Gondomar;Gondomar (São Cosme), Valbom e Jovim;ACC;2;13;1304;130415
2025-11;2025;11;Porto;Marco de Canaveses;Marco;ACC;4;13;1307;130736
2025-11;2025;11;Porto;Porto;Cedofeita, Ildefonso, Sé, Miragaia, Nicolau, Vitória;ACC;1;13;1312;131217
2025-11;2025;11;Porto;Paços de Ferreira;Eiriz;ACC;1;13;1309;130904
2025-11;2025;11;Porto;Paços de Ferreira;Figueiró;ACC;1;13;1309;130906
2025-11;2025;11;Porto;Paços de Ferreira;Frazão Arreigada;ACC;1;13;1309;130917
2025-11;2025;11;Porto;Paços de Ferreira;Freamunde;ACC;1;13;1309;130908
2025-11;2025;11;Porto;Paços de Ferreira;Meixomil;ACC;1;13;1309;130910
2025-11;2025;11;Porto;Póvoa de Varzim;Póvoa de Varzim, Beiriz e Argivai;ACC;1;13;1313;131315
2025-11;2025;11;Porto;Lousada;Cristelos, Boim e Ordem;ACC;2;13;1305;130528
2025-11;2025;11;Porto;Amarante;Telões;ACC;1;13;1301;130135
2025-11;2025;11;Porto;Penafiel;Penafiel;ACC;1;13;1311;131139
2025-11;2025;11;Porto;Matosinhos;Perafita, Lavra e Santa Cruz do Bispo;ACC;3;13;1308;130813
2025-11;2025;11;Lisboa;Amadora;Águas Livres;ACC;1;11;1115;111513
2025-11;2025;11;Lisboa;Cascais;Carcavelos e Parede;ACC;1;11;1105;110507
2025-11;2025;11;Lisboa;Lisboa;Alcântara;ACC;2;11;1106;110602
2025-11;2025;11;Lisboa;Lisboa;Avenidas Novas;ACC;1;11;1106;110657
2025-11;2025;11;Lisboa;Lisboa;Belém;ACC;1;11;1106;110658
2025-11;2025;11;Lisboa;Lisboa;Carnide;ACC;2;11;1106;110611
2025-11;2025;11;Lisboa;Lisboa;Estrela;ACC;1;11;1106;110660
2025-11;2025;11;Lisboa;Lisboa;Lumiar;ACC;5;11;1106;110618
2025-11;2025;11;Lisboa;Lisboa;Parque das Nações;ACC;2;11;1106;110662
2025-11;2025;11;Lisboa;Sintra;S. Maria, S. Miguel, S. Martinho e S. Pedro de Penaferrim;ACC;5;11;1111;111128
2025-11;2025;11;Lisboa;Oeiras;Barcarena;ACC;3;11;1110;111002
2025-11;2025;11;Lisboa;Oeiras;Porto Salvo;ACC;4;11;1110;111009
2025-11;2025;11;Lisboa;Oeiras;Oeiras e S. Julião da Barra, Paço de Arcos e Caxias;ACC;4;11;1110;111014
2025-11;2025;11;Lisboa;Loures;Loures;ACC;1;11;1107;110707
2025-11;2025;11;Lisboa;Loures;Santo Antão e São Julião do Tojal;ACC;2;11;1107;110729
2025-11;2025;11;Lisboa;Mafra;Igreja Nova e Cheleiros;ACC;3;11;1109;110920
2025-11;2025;11;Lisboa;Torres Vedras;Ponte do Rol;ACC;2;11;1113;111310
2025-11;2025;11;Lisboa;Torres Vedras;Santa Maria, São Pedro e Matacães;ACC;4;11;1113;111326
2025-11;2025;11;Lisboa;Alenquer;Alenquer (Santo Estêvão e Triana);ACC;1;11;1101;110119
2025-11;2025;11;Faro;Aljezur;Aljezur;ACC;1;08;0803;080301
2025-11;2025;11;Faro;Loulé;Loulé (São Sebastião);ACC;1;08;0808;080809
2025-11;2025;11;Faro;Loulé;Quarteira;ACC;2;08;0808;080805
2025-11;2025;11;Faro;Lagoa;Porches;ACC;1;08;0806;080604
2025-11;2025;11;Faro;Lagoa;Estômbar e Parchal;ACC;1;08;0806;080607
2025-11;2025;11;Faro;São Brás de Alportel;São Brás de Alportel;ACC;1;08;0812;081201
2025-11;2025;11;Faro;Tavira;Tavira (Santa Maria e Santiago);ACC;1;08;0814;081412
2025-11;2025;11;Évora;Viana do Alentejo;Alcáçovas;ACC;1;07;0713;071301
2025-11;2025;11;Évora;Estremoz;Arcos;ACC;1;07;0704;070401
2025-11;2025;11;Évora;Estremoz;Estremoz (Santa Maria e Santo André);ACC;4;07;0704;070414
2025-11;2025;11;Évora;Arraiolos;Arraiolos;ACC;2;07;0702;070201
2025-11;2025;11;Évora;Borba;Borba (Matriz);ACC;1;07;0703;070301
2025-11;2025;11;Évora;Évora;São Bento do Mato;ACC;1;07;0705;070506
2025-11;2025;11;Évora;Évora;Bacelo e Senhora da Saúde;ACC;1;07;0705;070522
2025-11;2025;11;Évora;Évora;N. S. da Tourega e N. S. de Guadalupe;ACC;1;07;0705;070525
2025-11;2025;11;Santarém;Santarém;Pernes;ACC;1;14;1416;141614
2025-11;2025;11;Santarém;Santarém;Romeira e Várzea;ACC;1;14;1416;141632
2025-11;2025;11;Santarém;Almeirim;Almeirim;ACC;1;14;1403;140301
2025-11;2025;11;Santarém;Ourém;Caxarias;ACC;1;14;1421;142104
2025-11;2025;11;Santarém;Golegã;Golegã;ACC;1;14;1412;141202
2025-11;2025;11;Santarém;Benavente;Samora Correia;ACC;1;14;1405;140502
2025-11;2025;11;Santarém;Torres Novas;Torres Novas (São Pedro), Lapas e Ribeira Branca;ACC;1;14;1419;141921
2025-11;2025;11;Santarém;Entroncamento;Nossa Senhora de Fátima;ACC;1;14;1410;141002
2025-11;2025;11;Santarém;Cartaxo;Cartaxo e Vale da Pinta;ACC;2;14;1406;140609
2025-11;2025;11;Santarém;Tomar;São Pedro de Tomar;ACC;1;14;1418;141813
2025-11;2025;11;Santarém;Tomar;São João Baptista e Santa Maria dos Olivais;ACC;2;14;1418;141821
2025-11;2025;11;Santarém;Coruche;Coruche, Fajarda e Erra;ACC;1;14;1409;140909
2025-11;2025;11;Setúbal;Moita;Baixa da Banheira e Vale da Amoreira;ACC;3;15;1506;150607
2025-11;2025;11;Setúbal;Seixal;Amora;ACC;4;15;1510;151002
2025-11;2025;11;Setúbal;Seixal;Corroios;ACC;8;15;1510;151005
2025-11;2025;11;Setúbal;Palmela;Palmela;ACC;2;15;1508;150802
2025-11;2025;11;Setúbal;Setúbal;Sado;ACC;1;15;1512;151208
2025-11;2025;11;Setúbal;Setúbal;Setúbal (São Sebastião);ACC;2;15;1512;151205
2025-11;2025;11;Setúbal;Setúbal;Azeitão (São Lourenço e São Simão);ACC;2;15;1512;151209
2025-11;2025;11;Setúbal;Almada;Charneca de Caparica e Sobreda;ACC;4;15;1503;150314
2025-11;2025;11;Setúbal;Almada;Laranjeiro e Feijó;ACC;3;15;1503;150315
2025-11;2025;11;Setúbal;Grândola;Grândola e Santa Margarida da Serra;ACC;2;15;1505;150506
2025-11;2025;11;Setúbal;Barreiro;Palhais e Coina;ACC;1;15;1504;150411
2025-11;2025;11;Guarda;Guarda;Arrifana;ACC;1;09;0907;090706
2025-11;2025;11;Guarda;Figueira de Castelo Rodrigo;Figueira de Castelo Rodrigo;ACC;1;09;0904;090408
2025-11;2025;11;Guarda;Pinhel;Pinhel;ACC;1;09;0910;091017
2025-11;2025;11;Guarda;Sabugal;Souto;ACC;1;09;0911;091134
2025-11;2025;11;Guarda;Gouveia;Melo e Nabais;ACC;1;09;0906;090626
2025-11;2025;11;Leiria;Alcobaça;Bárrio;ACC;1;10;1001;100104
2025-11;2025;11;Leiria;Alcobaça;Évora de Alcobaça;ACC;1;10;1001;100108
2025-11;2025;11;Leiria;Leiria;Regueira de Pontes;ACC;2;10;1009;100921
2025-11;2025;11;Leiria;Leiria;Marrazes e Barosa;ACC;5;10;1009;100934
2025-11;2025;11;Leiria;Leiria;Monte Redondo e Carreira;ACC;1;10;1009;100936
2025-11;2025;11;Leiria;Leiria;Parceiros e Azoia;ACC;1;10;1009;100937
2025-11;2025;11;Leiria;Pombal;Guia, Ilha e Mata Mourisca;ACC;3;10;1015;101518
2025-11;2025;11;Leiria;Óbidos;Olho Marinho;ACC;1;10;1012;101203
2025-11;2025;11;Leiria;Figueiró dos Vinhos;Figueiró dos Vinhos e Bairradas;ACC;1;10;1008;100806
2025-11;2025;11;Portalegre;Nisa;Espírito Santo, Nossa Senhora da Graça e São Simão;ACC;1;12;1212;121212
2025-11;2025;11;Portalegre;Avis;Alcórrego e Maranhão;ACC;1;12;1203;120309
2025-11;2025;11;Portalegre;Portalegre;Sé e São Lourenço;ACC;1;12;1214;121411
2025-11;2025;11;Portalegre;Ponte de Sor;Longomel;ACC;1;12;1213;121305
2025-11;2025;11;Portalegre;Castelo de Vide;São João Baptista;ACC;1;12;1205;120504
2025-11;2025;11;Portalegre;Crato;Crato e Mártires, Flor da Rosa e Vale do Peso;ACC;1;12;1206;120607
2025-11;2025;11;Coimbra;Figueira da Foz;Maiorca;ACC;1;06;0605;060507
2025-11;2025;11;Coimbra;Montemor-o-Velho;Carapinheira;ACC;1;06;0610;061003
2025-11;2025;11;Coimbra;Coimbra;Souselas e Botão;ACC;2;06;0603;060339
2025-11;2025;11;Coimbra;Penacova;Oliveira do Mondego e Travanca do Mondego;ACC;1;06;0613;061313
2025-11;2025;11;Coimbra;Penela;São Miguel, Santa Eufémia e Rabaçal;ACC;1;06;0614;061407
2025-11;2025;11;Viana do Castelo;Viana do Castelo;Castelo do Neiva;ACC;1;16;1609;160910
2025-11;2025;11;Viana do Castelo;Ponte de Lima;Calheiros;ACC;1;16;1607;160713
2025-11;2025;11;Viana do Castelo;Vila Nova de Cerveira;Cornes;ACC;1;16;1610;161003
2025-11;2025;11;Viana do Castelo;Valença;São Pedro da Torre;ACC;1;16;1608;160812
2025-11;2025;11;Viana do Castelo;Melgaço;Prado e Remoães;ACC;1;16;1603;160322
2025-11;2025;11;Beja;Beja;Beja (Santiago Maior e São João Baptista);ACC;1;02;0205;020521
2025-11;2025;11;Beja;Serpa;Pias;ACC;1;02;0213;021303
2025-11;2025;11;Vila Real;Vila Real;Folhadela;ACC;1;17;1714;171409
2025-11;2025;11;Bragança;Bragança;Samil;ACC;1;04;0402;040240
2025-11;2025;11;Bragança;Bragança;Sé, Santa Maria e Meixedo;ACC;1;04;0402;040257
2025-11;2025;11;Castelo Branco;Covilhã;Ferro;ACC;1;05;0503;050311
2025-11;2025;11;Castelo Branco;Castelo Branco;São Vicente da Beira;ACC;1;05;0502;050222
2025-11;2025;11;Castelo Branco;Castelo Branco;Escalos de Cima e Lousa;ACC;1;05;0502;050228
2025-11;2025;11;Castelo Branco;Castelo Branco;Ninho do Açor e Sobral do Campo;ACC;1;05;0502;050230
2025-11;2025;11;Castelo Branco;Idanha-a-Nova;Rosmaninhal;ACC;1;05;0505;050512
2025-11;2025;11;Castelo Branco;Idanha-a-Nova;Idanha-a-Nova e Alcafozes;ACC;2;05;0505;050518
2025-11;2025;11;Castelo Branco;Proença-a-Nova;Proença-a-Nova e Peral;ACC;1;05;0508;050807
2025-11;2025;11;Aveiro;Sever do Vouga;Sever do Vouga;ACC;1;01;0117;011706
2025-11;2025;11;Vila Real;Boticas;Boticas e Granja;ACC;1;17;1702;170219
2025-11;2025;11;Braga;Vila Nova de Famalicão;Vilarinho das Cambas;ACC;2;03;0312;031249
2025-12;2025;12;Leiria;Pombal;Pombal;ACC;3;10;1015;101509
2025-12;2025;12;Leiria;Alcobaça;Évora de Alcobaça;ACC;1;10;1001;100108
2025-12;2025;12;Castelo Branco;Castelo Branco;Lardosa;ACC;1;05;0502;050211
2025-12;2025;12;Santarém;Santarém;União das freguesias da cidade de Santarém;ACC;1;14;1416;141633
2025-12;2025;12;Santarém;Rio Maior;Alcobertas;ACC;3;14;1414;141401
2025-12;2025;12;Guarda;Guarda;Arrifana;ACC;1;09;0907;090706
2025-12;2025;12;Guarda;Guarda;Guarda;ACC;1;09;0907;090758
2025-12;2025;12;Setúbal;Moita;Baixa da Banheira e Vale da Amoreira;ACC;3;15;1506;150607
2025-12;2025;12;Santarém;Almeirim;Almeirim;ACC;2;14;1403;140301
2025-12;2025;12;Santarém;Alpiarça;Alpiarça;ACC;1;14;1404;140401
2025-12;2025;12;Coimbra;Góis;Alvares;ACC;1;06;0606;060601
2025-12;2025;12;Leiria;Caldas da Rainha;Alvorninha;ACC;1;10;1006;100602
2025-12;2025;12;Setúbal;Seixal;Fernão Ferro;ACC;3;15;1510;151006
2025-12;2025;12;Viana do Castelo;Viana do Castelo;Castelo do Neiva;ACC;1;16;1609;160910
2025-12;2025;12;Viana do Castelo;Viana do Castelo;Santa Marta de Portuzelo;ACC;1;16;1609;160928
2025-12;2025;12;Viana do Castelo;Viana do Castelo;Geraz do Lima (S. Maria, S. Leocádia, Moreira), Deão;ACC;1;16;1609;160943
2025-12;2025;12;Leiria;Leiria;Arrabal;ACC;2;10;1009;100902
2025-12;2025;12;Leiria;Leiria;Caranguejeira;ACC;3;10;1009;100907
2025-12;2025;12;Leiria;Leiria;Regueira de Pontes;ACC;2;10;1009;100921
2025-12;2025;12;Portalegre;Elvas;Assunção, Ajuda, Salvador e Santo Ildefonso;ACC;1;12;1207;120712
2025-12;2025;12;Santarém;Ourém;Nossa Senhora da Piedade;ACC;3;14;1421;142115
2025-12;2025;12;Leiria;Peniche;Peniche;ACC;1;10;1014;101407
2025-12;2025;12;Portalegre;Avis;Alcórrego e Maranhão;ACC;1;12;1203;120309
2025-12;2025;12;Santarém;Golegã;Azinhaga;ACC;1;14;1412;141201
2025-11;2025;11;Porto;Paredes;Vandoma;ACC;1;13;1310;131022
2025-12;2025;12;Porto;Paredes;Baltar;CER;1;13;1310;131003
2025-12;2025;12;Porto;Paredes;Gandra;CER;1;13;1310;131011
2025-12;2025;12;Porto;Paredes;Sobreira;CER;1;13;1310;131020
2025-12;2025;12;Braga;Barcelos;Macieira de Rates;ACC;1;03;0302;030244
2025-12;2025;12;Braga;Barcelos;Pousa;ACC;2;03;0302;030261
2025-12;2025;12;Lisboa;Amadora;Falagueira-Venda Nova;ACC;1;11;1115;111515
2025-12;2025;12;Lisboa;Torres Vedras;Ramalhal;ACC;1;11;1113;111311
2025-12;2025;12;Lisboa;Torres Vedras;Santa Maria, São Pedro e Matacães;ACC;4;11;1113;111326
2025-12;2025;12;Lisboa;Torres Vedras;São Pedro da Cadeira;ACC;2;11;1113;111314
2025-11;2025;11;Lisboa;Vila Franca de Xira;Vialonga;ACC;2;11;1114;111408
2025-12;2025;12;Porto;Amarante;Telões;ACC;1;13;1301;130135
2025-11;2025;11;Braga;Vila Verde;Vila de Prado;ACC;1;03;0313;031342
2025-11;2025;11;Porto;Vila do Conde;Vilar de Pinheiro;ACC;2;13;1316;131630
2025-12;2025;12;Porto;Vila do Conde;Aveleda;ACC;1;13;1316;131603
2025-12;2025;12;Porto;Vila do Conde;Guilhabreu;ACC;1;13;1316;131611
2025-12;2025;12;Porto;Maia;Castêlo da Maia;ACC;7;13;1306;130618
2025-12;2025;12;Porto;Maia;Cidade da Maia;CER;1;13;1306;130619
2025-12;2025;12;Porto;Maia;Milheirós;ACC;2;13;1306;130608
2025-12;2025;12;Porto;Maia;São Pedro Fins;ACC;1;13;1306;130613
2025-12;2025;12;Lisboa;Cadaval;Cadaval e Pêro Moniz;ACC;2;11;1104;110411
2025-11;2025;11;Viseu;Viseu;Viseu;ACC;1;18;1823;182341
2025-12;2025;12;Braga;Braga;Figueiredo;ACC;1;03;0303;030315
2025-12;2025;12;Braga;Braga;Gualtar;ACC;1;03;0303;030319
2025-12;2025;12;Braga;Braga;Palmeira;CER;1;03;0303;030331
2025-12;2025;12;Braga;Braga;Celeirós, Aveleda e Vimieiro;ACC;1;03;0303;030367
2025-12;2025;12;Faro;Albufeira;Albufeira e Olhos de Água;ACC;1;08;0801;080106
2025-12;2025;12;Lisboa;Cascais;São Domingos de Rana;ACC;2;11;1105;110506
2025-12;2025;12;Lisboa;Cascais;Carcavelos e Parede;ACC;3;11;1105;110507
2025-12;2025;12;Castelo Branco;Castelo Branco;Alcains;ACC;1;05;0502;050201
2025-12;2025;12;Santarém;Santarém;Pernes;ACC;1;14;1416;141614
2025-12;2025;12;Lisboa;Lisboa;Beato;ACC;3;11;1106;110607
2025-12;2025;12;Lisboa;Lisboa;Estrela;ACC;1;11;1106;110660
2025-12;2025;12;Lisboa;Lisboa;Lumiar;CER;1;11;1106;110618
2025-12;2025;12;Lisboa;Lisboa;Misericórdia;ACC;2;11;1106;110661
2025-12;2025;12;Lisboa;Lisboa;Santa Maria Maior;ACC;1;11;1106;110665
2025-12;2025;12;Lisboa;Lisboa;São Domingos de Benfica;ACC;4;11;1106;110639
2025-12;2025;12;Braga;Guimarães;Brito;ACC;2;03;0308;030807
2025-12;2025;12;Braga;Guimarães;Caldelas;ACC;1;03;0308;030808
2025-12;2025;12;Braga;Guimarães;Gonça;ACC;1;03;0308;030820
2025-12;2025;12;Braga;Guimarães;Nespereira;ACC;1;03;0308;030832
2025-12;2025;12;Braga;Guimarães;Ponte;ACC;1;03;0308;030838
2025-12;2025;12;Braga;Guimarães;Candoso São Tiago e Mascotelos;ACC;2;03;0308;030881
2025-12;2025;12;Lisboa;Sintra;Algueirão-Mem Martins;ACC;3;11;1111;111102
2025-12;2025;12;Lisboa;Sintra;Casal de Cambra;ACC;1;11;1111;111115
2025-12;2025;12;Faro;Aljezur;Aljezur;ACC;2;08;0803;080301
2025-12;2025;12;Faro;Aljezur;Bordeira;ACC;1;08;0803;080302
2025-12;2025;12;Faro;Loulé;Loulé (São Clemente);ACC;3;08;0808;080808
2025-12;2025;12;Faro;Loulé;Loulé (São Sebastião);ACC;1;08;0808;080809
2025-12;2025;12;Coimbra;Figueira da Foz;Tavarede;ACC;1;06;0605;060512
2025-12;2025;12;Aveiro;Arouca;Alvarenga;ACC;1;01;0104;010402
2025-12;2025;12;Faro;Portimão;Alvor;ACC;1;08;0811;081101
2025-12;2025;12;Évora;Estremoz;Arcos;ACC;1;07;0704;070401
2025-12;2025;12;Porto;Vila Nova de Gaia;Arcozelo;ACC;2;13;1317;131701
2025-12;2025;12;Porto;Vila Nova de Gaia;Canidelo;ACC;2;13;1317;131704
2025-12;2025;12;Porto;Vila Nova de Gaia;Grijó e Sermonde;ACC;2;13;1317;131725
2025-12;2025;12;Viseu;Moimenta da Beira;Arcozelos;ACC;1;18;1807;180703
2025-12;2025;12;Viseu;Moimenta da Beira;Moimenta da Beira;ACC;1;18;1807;180710
2025-12;2025;12;Aveiro;Santa Maria da Feira;Argoncilhe;ACC;5;01;0109;010901
2025-12;2025;12;Aveiro;Santa Maria da Feira;Fornos;ACC;1;01;0109;010908
2025-12;2025;12;Aveiro;Santa Maria da Feira;Milheirós de Poiares;ACC;1;01;0109;010914
2025-12;2025;12;Faro;Silves;Armação de Pêra;ACC;1;08;0813;081303
2025-12;2025;12;Braga;Fafe;Estorãos;ACC;1;03;0307;030708
2025-12;2025;12;Évora;Arraiolos;Arraiolos;ACC;2;07;0702;070201
2025-12;2025;12;Lisboa;Arruda dos Vinhos;Arruda dos Vinhos;ACC;2;11;1102;110202
2025-12;2025;12;Portalegre;Elvas;Caia, São Pedro e Alcáçova;ACC;1;12;1207;120713
2025-12;2025;12;Aveiro;Anadia;Arcos e Mogofores;ACC;1;01;0103;010317
2025-12;2025;12;Porto;Gondomar;Baguim do Monte (Rio Tinto);ACC;4;13;1304;130412
2025-12;2025;12;Porto;Gondomar;Baguim do Monte (Rio Tinto);CER;1;13;1304;130412
2025-12;2025;12;Porto;Gondomar;Gondomar (São Cosme), Valbom e Jovim;ACC;2;13;1304;130415
2025-12;2025;12;Lisboa;Oeiras;Carnaxide e Queijas;ACC;6;11;1110;111013
2025-12;2025;12;Beja;Odemira;Boavista dos Pinheiros;ACC;1;02;0211;021116
2025-12;2025;12;Porto;Porto;Ramalde;ACC;3;13;1312;131211
2025-12;2025;12;Porto;Porto;Ramalde;CER;1;13;1312;131211
2025-12;2025;12;Porto;Porto;Cedofeita, Ildefonso, Sé, Miragaia, Nicolau, Vitória;ACC;1;13;1312;131217
2025-12;2025;12;Porto;Porto;Lordelo do Ouro e Massarelos;CER;1;13;1312;131218
2025-12;2025;12;Évora;Borba;Borba (Matriz);ACC;1;07;0703;070301
2025-12;2025;12;Lisboa;Loures;Loures;ACC;3;11;1107;110707
2025-12;2025;12;Lisboa;Loures;Camarate, Unhos e Apelação;ACC;1;11;1107;110731
2025-12;2025;12;Porto;Lousada;Nevogilde;ACC;1;13;1305;130515
2025-12;2025;12;Porto;Lousada;Lustosa e Barrosas (Santo Estêvão);ACC;1;13;1305;130530
2025-12;2025;12;Viana do Castelo;Ponte de Lima;Feitosa;ACC;1;16;1607;160719
2025-12;2025;12;Viseu;Nelas;Nelas;ACC;1;18;1809;180903
2025-12;2025;12;Évora;Évora;Canaviais;ACC;1;07;0705;070515
2025-12;2025;12;Bragança;Carrazeda de Ansiães;Carrazeda de Ansiães;ACC;2;04;0403;040304
2025-12;2025;12;Bragança;Carrazeda de Ansiães;Amedo e Zedes;ACC;1;04;0403;040320
2025-12;2025;12;Porto;Paços de Ferreira;Frazão Arreigada;ACC;1;13;1309;130917
2025-12;2025;12;Lisboa;Mafra;Carvoeira;ACC;1;11;1109;110902
2025-12;2025;12;Coimbra;Coimbra;Cernache;ACC;1;06;0603;060312
2025-12;2025;12;Aveiro;Aveiro;Esgueira;ACC;4;01;0105;010505
2025-12;2025;12;Aveiro;Aveiro;Requeixo, Nossa Senhora de Fátima e Nariz;ACC;1;01;0105;010516
2025-12;2025;12;Aveiro;Aveiro;Santa Joana;ACC;1;01;0105;010513
2025-12;2025;12;Santarém;Mação;Envendos;ACC;1;14;1413;141305
2025-12;2025;12;Porto;Póvoa de Varzim;Estela;ACC;1;13;1313;131307
2025-12;2025;12;Porto;Póvoa de Varzim;Laundos;ACC;1;13;1313;131308
2025-12;2025;12;Coimbra;Cantanhede;Febres;ACC;2;06;0602;060207
2025-12;2025;12;Castelo Branco;Covilhã;Ferro;ACC;1;05;0503;050311
2025-12;2025;12;Viseu;Penalva do Castelo;Ínsua;ACC;2;18;1811;181105
2025-12;2025;12;Bragança;Macedo de Cavaleiros;Lamas;ACC;1;04;0405;040518
2025-12;2025;12;Leiria;Marinha Grande;Marinha Grande;ACC;5;10;1010;101001
2025-12;2025;12;Santarém;Salvaterra de Magos;Marinhais;ACC;3;14;1415;141502
2025-12;2025;12;Bragança;Mirandela;Mascarenhas;ACC;1;04;0407;040720
2025-12;2025;12;Bragança;Mirandela;Mirandela;ACC;2;04;0407;040721
2025-12;2025;12;Santarém;Torres Novas;Riachos;ACC;1;14;1419;141910
2025-12;2025;12;Bragança;Miranda do douro;Miranda do Douro;ACC;1;04;0406;040608
2025-12;2025;12;Porto;Penafiel;Rio de Moinhos;ACC;2;13;1311;131129
2025-12;2025;12;Beja;Serpa;Pias;ACC;1;02;0213;021303
2025-12;2025;12;Faro;Lagoa;Porches;ACC;1;08;0806;080604
2025-12;2025;12;Faro;Lagoa;Lagoa e Carvoeiro;ACC;1;08;0806;080608
2025-12;2025;12;Beja;Moura;Póvoa de São Miguel;ACC;1;02;0210;021002
2025-12;2025;12;Castelo Branco;Idanha-a-Nova;Rosmaninhal;ACC;1;05;0505;050512
2025-12;2025;12;Vila Real;Chaves;Madalena e Samaiões;ACC;1;17;1703;170354
2025-12;2025;12;Setúbal;Santiago do Cacém;Santo André;ACC;1;15;1509;150907
2025-12;2025;12;Faro;Lagos;São Gonçalo de Lagos;ACC;2;08;0807;080708
2025-12;2025;12;Setúbal;Montijo;Sarilhos Grandes;ACC;1;15;1507;150704
2025-12;2025;12;Viseu;Sátão;Sátão;ACC;2;18;1817;181710
2025-12;2025;12;Aveiro;Sever do Vouga;Sever do Vouga;ACC;1;01;0117;011706
2025-12;2025;12;Setúbal;Sines;Sines;ACC;1;15;1513;151301
2025-12;2025;12;Lisboa;Sobral de Monte Agraço;Sobral de Monte Agraço;ACC;1;11;1112;111203
2025-12;2025;12;Santarém;Abrantes;Abrantes (São Vicente e São João) e Alferrarede;ACC;1;14;1401;140120
2025-12;2025;12;Porto;Trofa;Coronado (São Romão e São Mamede);ACC;2;13;1318;131811
2025-12;2025;12;Coimbra;Condeixa-a-Nova;Condeixa-a-Velha e Condeixa-a-Nova;ACC;3;06;0604;060411
2025-12;2025;12;Faro;Faro;Faro (Sé e São Pedro);ACC;1;08;0805;080508
2025-12;2025;12;Faro;Faro;Faro (Sé e São Pedro);CER;1;08;0805;080508
2025-12;2025;12;Leiria;Figueiró dos Vinhos;Figueiró dos Vinhos e Bairradas;ACC;2;10;1008;100806
2025-12;2025;12;Aveiro;Vagos;Fonte de Angeão e Covão do Lobo;ACC;1;01;0118;011812
2025-12;2025;12;Faro;Tavira;Luz de Tavira e Santo Estêvão;ACC;1;08;0814;081411
2025-12;2025;12;Portalegre;Monforte;Monforte;ACC;1;12;1211;121102
2025-12;2025;12;Évora;Mora;Mora;ACC;1;07;0707;070703
2025-12;2025;12;Vila Real;Murça;Murça;ACC;1;17;1707;170705
2025-12;2025;12;Évora;Alandroal;Santiago Maior;ACC;1;07;0701;070103
2025-12;2025;12;Castelo Branco;Sertã;Sertã;ACC;1;05;0509;050912
2025-12;2025;12;Viseu;Tabuaço;Tabuaço;ACC;1;18;1819;181914
2025-12;2025;12;Guarda;Aguiar da Beira;Aguiar da Beira e Coruche;ACC;1;09;0901;090114
2025-12;2025;12;Porto;Vila Nova de Gaia;Pedroso e Seixezelo;ACC;2;13;1317;131728
2025-12;2025;12;Porto;Vila Nova de Gaia;Santa Marinha e São Pedro da Afurada;ACC;2;13;1317;131730
2025-12;2025;12;Leiria;Leiria;Marrazes e Barosa;ACC;6;10;1009;100934
2025-12;2025;12;Leiria;Leiria;Monte Real e Carvide;ACC;1;10;1009;100935
2025-12;2025;12;Guarda;Gouveia;Melo e Nabais;ACC;1;09;0906;090626
2025-12;2025;12;Braga;Braga;Merelim (São Pedro) e Frossos;ACC;4;03;0303;030375
2025-12;2025;12;Castelo Branco;Castelo Branco;Ninho do Açor e Sobral do Campo;ACC;1;05;0502;050230
2025-12;2025;12;Aveiro;Oliveira de Azeméis;Nogueira do Cravo e Pindelo;ACC;1;01;0113;011320
2025-12;2025;12;Aveiro;Oliveira de Azeméis;O. Azeméis, Riba-Ul, Ul, Macinhata da Seixa, Madail;ACC;4;01;0113;011321
2025-12;2025;12;Lisboa;Oeiras;Oeiras e S. Julião da Barra, Paço de Arcos e Caxias;ACC;4;11;1110;111014
2025-12;2025;12;Braga;Guimarães;Urgezes;ACC;1;03;0308;030871
2025-12;2025;12;Coimbra;Penacova;Oliveira do Mondego e Travanca do Mondego;ACC;1;06;0613;061313
2025-12;2025;12;Setúbal;Barreiro;Palhais e Coina;ACC;2;15;1504;150411
2025-12;2025;12;Porto;Póvoa de Varzim;Póvoa de Varzim, Beiriz e Argivai;ACC;1;13;1313;131315
2025-12;2025;12;Viana do Castelo;Melgaço;Prado e Remoães;ACC;1;16;1603;160322
2025-12;2025;12;Lisboa;Sintra;Queluz e Belas;ACC;3;11;1111;111126
2025-12;2025;12;Aveiro;Águeda;Trofa, Segadães e Lamas do Vouga;ACC;2;01;0101;010126
2025-12;2025;12;Portalegre;Portalegre;Ribeira de Nisa e Carreiras;ACC;1;12;1214;121413
2025-12;2025;12;Lisboa;Loures;Santo Antão e São Julião do Tojal;ACC;2;11;1107;110729
2025-12;2025;12;Coimbra;Coimbra;Santa Clara e Castelo Viegas;ACC;2;06;0603;060336
2025-12;2025;12;Porto;Santo Tirso;St. Tirso, Couto (S. Cristina e S. Miguel) e Burgães;ACC;3;13;1314;131437
2025-12;2025;12;Aveiro;Santa Maria da Feira;São Miguel de Souto e Mosteirô;ACC;1;01;0109;010936
2025-12;2025;12;Setúbal;Seixal;Seixal, Arrentela e Aldeia de Paio Pires;ACC;7;15;1510;151007
2025-12;2025;12;Bragança;Bragança;Sé, Santa Maria e Meixedo;ACC;1;04;0402;040257
2025-12;2025;12;Setúbal;Santiago do Cacém;Santiago do Cacém, S. Cruz e S. Bartolomeu da Serra;ACC;1;15;1509;150912
2025-12;2025;12;Braga;Celorico de Basto;Veade, Gagos e Molares;ACC;1;03;0305;030527
2025-12;2025;12;Viana do Castelo;Viana do Castelo;Santa Maria Maior e Monserrate e Meadela;ACC;2;16;1609;160948
2025-12;2025;12;Braga;Barcelos;Vila Cova e Feitos;ACC;1;03;0302;0302FH
2025-12;2025;12;Braga;Barcelos;Várzea;ACC;1;03;0302;030283
2025-12;2025;12;Braga;Vila Nova de Famalicão;Vila Nova de Famalicão e Calendário;ACC;5;03;0312;031260
2025-12;2025;12;Braga;Vila Nova de Famalicão;Vale (São Martinho);ACC;2;03;0312;031241
2025-12;2025;12;Braga;Vila Nova de Famalicão;Vilarinho das Cambas;ACC;2;03;0312;031249
2025-12;2025;12;Beja;Serpa;Vila Nova de São Bento e Vale de Vargo;ACC;1;02;0213;021309
2025-12;2025;12;Viseu;Vouzela;Vouzela e Paços de Vilharigues;ACC;1;18;1824;182415
2025-12;2025;12;Santarém;Cartaxo;Vila Chã de Ourique;ACC;2;14;1406;140607
2025-12;2025;12;Porto;Valongo;Valongo;ACC;4;13;1315;131505
2025-12;2025;12;Porto;Paredes;Vilela;ACC;2;13;1310;131024
2025-12;2025;12;Évora;Vendas Novas;Vendas Novas;ACC;3;07;0712;071201
2025-12;2025;12;Porto;Amarante;Vila Chã do Marão;ACC;1;13;1301;130139
2025-12;2025;12;Castelo Branco;Vila de Rei;Vila de Rei;ACC;1;05;0510;051003
2025-12;2025;12;Vila Real;Montalegre;Montalegre e Padroso;ACC;1;17;1706;170638
2025-12;2025;12;Évora;Montemor-o-Novo;N. S. da Vila, N. S. do Bispo e Silveiras;ACC;5;07;0706;070612
2025-12;2025;12;Viseu;Santa Comba Dão;Ovoa e Vimieiro;ACC;1;18;1814;181410
2025-09;2025;09;Porto;Paços de Ferreira;Carvalhosa;ACC;4;13;1309;130902
2025-09;2025;09;Viseu;Viseu;Abraveses;ACC;1;18;1823;182301
2025-09;2025;09;Santarém;Almeirim;Almeirim;ACC;1;14;1403;140301
2025-09;2025;09;Setúbal;Seixal;Amora;ACC;3;15;1510;151002
2025-09;2025;09;Aveiro;Santa Maria da Feira;Argoncilhe;ACC;5;01;0109;010901
2025-09;2025;09;Guarda;Guarda;Arrifana;ACC;1;09;0907;090706
2025-09;2025;09;Faro;Aljezur;Bordeira;ACC;1;08;0803;080302
2025-09;2025;09;Santarém;Benavente;Benavente;ACC;1;14;1405;140501
2025-09;2025;09;Braga;Guimarães;Costa;ACC;1;03;0308;030812
2025-09;2025;09;Aveiro;Aveiro;Eixo e Eirol;ACC;1;01;0105;010515
2025-09;2025;09;Santarém;Mação;Envendos;ACC;1;14;1413;141305
2025-09;2025;09;Aveiro;Aveiro;Esgueira;ACC;2;01;0105;010505
2025-09;2025;09;Braga;Fafe;Estorãos;ACC;1;03;0307;030708
2025-09;2025;09;Braga;Fafe;Fafe;ACC;1;03;0307;030709
2025-09;2025;09;Portalegre;Portalegre;Fortios;ACC;1;12;1214;121404
2025-09;2025;09;Porto;Póvoa de Varzim;Laundos;ACC;1;13;1313;131308
2025-09;2025;09;Porto;Marco de Canaveses;Marco;ACC;3;13;1307;130736
2025-09;2025;09;Lisboa;Lisboa;Misericórdia;ACC;2;11;1106;110661
2025-09;2025;09;Setúbal;Moita;Moita;ACC;2;15;1506;150603
2025-09;2025;09;Leiria;Caldas da Rainha;Nadadouro;ACC;1;10;1006;100608
2025-09;2025;09;Braga;Guimarães;Nespereira;ACC;1;03;0308;030832
2025-09;2025;09;Aveiro;Santa Maria da Feira;Paços de Brandão;ACC;2;01;0109;010919
2025-09;2025;09;Braga;Braga;Palmeira;ACC;1;03;0303;030331
2025-09;2025;09;Lisboa;Lisboa;Parque das Nações;ACC;2;11;1106;110662
2025-09;2025;09;Leiria;Pombal;Pelariga;ACC;1;10;1015;101508
2025-09;2025;09;Coimbra;Penacova;Penacova;ACC;1;06;0613;061307
2025-09;2025;09;Lisboa;Oeiras;Porto Salvo;ACC;4;11;1110;111009
2025-09;2025;09;Setúbal;Sesimbra;Quinta do Conde;ACC;1;15;1511;151103
2025-09;2025;09;Porto;Penafiel;Rio de Moinhos;ACC;2;13;1311;131129
2025-09;2025;09;Braga;Guimarães;Sande (São Martinho);ACC;1;03;0308;030858
2025-09;2025;09;Lisboa;Torres Vedras;Santa Maria, São Pedro e Matacães;ACC;2;11;1113;111326
2025-09;2025;09;Faro;Silves;São Bartolomeu de Messines;ACC;2;08;0813;081305
2025-09;2025;09;Lisboa;Lisboa;São Domingos de Benfica;ACC;2;11;1106;110639
2025-09;2025;09;Beja;Aljustrel;São João de Negrilhos;ACC;1;02;0201;020104
2025-09;2025;09;Viana do Castelo;Viana do Castelo;São Romão de Neiva;ACC;2;16;1609;160923
2025-09;2025;09;Guarda;Sabugal;Souto;ACC;1;09;0911;091134
2025-09;2025;09;Porto;Amarante;Telões;ACC;1;13;1301;130135
2025-09;2025;09;Lisboa;Alenquer;Aldeia Galega da Merceana e Aldeia Gavinha;ACC;1;11;1101;110118
2025-09;2025;09;Lisboa;Sintra;Agualva e Mira-Sintra;ACC;1;11;1111;111122
2025-09;2025;09;Porto;Póvoa de Varzim;Aguçadoura e Navais;ACC;1;13;1313;131314
2025-09;2025;09;Lisboa;Vila Franca de Xira;Alverca do Ribatejo e Sobralinho;ACC;2;11;1114;111413
2025-09;2025;09;Braga;Esposende;Apúlia e Fão;ACC;1;03;0306;030616
2025-09;2025;09;Braga;Barcelos;Areias de Vilar e Encourados;ACC;1;03;0302;030292
2025-09;2025;09;Lisboa;Loures;Camarate, Unhos e Apelação;ACC;1;11;1107;110731
2025-09;2025;09;Lisboa;Vila Franca de Xira;Castanheira do Ribatejo e Cachoeiras;ACC;1;11;1114;111414
2025-09;2025;09;Faro;Lagoa;Estômbar e Parchal;ACC;1;08;0806;080607
2025-09;2025;09;Leiria;Pombal;Carriço;ACC;1;10;1015;101505
2025-09;2025;09;Lisboa;Lisboa;Santa Maria Maior;ACC;1;11;1106;110665
2025-09;2025;09;Lisboa;Cascais;Alcabideche;ACC;1;11;1105;110501
2025-09;2025;09;Porto;Valongo;Alfena;ACC;4;13;1315;131501
2025-09;2025;09;Braga;Braga;Celeirós, Aveleda e Vimieiro;ACC;1;03;0303;030367
2025-09;2025;09;Faro;Albufeira;Albufeira e Olhos de Água;ACC;1;08;0801;080106
2025-09;2025;09;Évora;Viana do Alentejo;Alcáçovas;ACC;1;07;0713;071301
2025-09;2025;09;Braga;Guimarães;Aldão;ACC;1;03;0308;030801
2025-09;2025;09;Leiria;Alcobaça;Alfeizerão;ACC;1;10;1001;100102
2025-09;2025;09;Leiria;Alcobaça;Aljubarrota;ACC;1;10;1001;100120
2025-09;2025;09;Faro;Loulé;Almancil;ACC;3;08;0808;080801
2025-09;2025;09;Braga;Fafe;Arões (São Romão);ACC;1;03;0307;030730
2025-09;2025;09;Leiria;Leiria;Arrabal;ACC;1;10;1009;100902
2025-09;2025;09;Lisboa;Lisboa;Avenidas Novas;ACC;1;11;1106;110657
2025-09;2025;09;Porto;Vila Nova de Gaia;Canelas;ACC;2;13;1317;131703
2025-09;2025;09;Aveiro;Oliveira de Azeméis;Carregosa;ACC;2;01;0113;011301
2025-09;2025;09;Braga;Vila Nova de Famalicão;Delães;ACC;2;03;0312;031213
2025-09;2025;09;Braga;Vieira do Minho;Eira Vedra;ACC;1;03;0311;031107
2025-09;2025;09;Braga;Braga;Esporões;ACC;1;03;0303;030313
2025-09;2025;09;Santarém;Ourém;Fátima;ACC;3;14;1421;142106
2025-09;2025;09;Coimbra;Cantanhede;Febres;ACC;1;06;0602;060207
2025-09;2025;09;Leiria;Óbidos;Gaeiras;ACC;1;10;1012;101208
2025-09;2025;09;Porto;Vila do Conde;Gião;ACC;1;13;1316;131610
2025-09;2025;09;Santarém;Golegã;Golegã;ACC;1;14;1412;141202
2025-09;2025;09;Porto;Amarante;Lufrei;ACC;1;13;1301;130121
2025-09;2025;09;Braga;Barcelos;Macieira de Rates;ACC;1;03;0302;030244
2025-09;2025;09;Porto;Maia;Milheirós;ACC;1;13;1306;130608
2025-09;2025;09;Porto;Lousada;Nevogilde;ACC;1;13;1305;130515
2025-09;2025;09;Santarém;Entroncamento;Nossa Senhora de Fátima;ACC;1;14;1410;141002
2025-09;2025;09;Faro;Olhão;Olhão;ACC;1;08;0810;081003
2025-09;2025;09;Guarda;Pinhel;Pinhel;ACC;1;09;0910;091017
2025-09;2025;09;Braga;Guimarães;Ponte;ACC;1;03;0308;030838
2025-09;2025;09;Leiria;Porto de Mós;Porto de Mós - São João Baptista e São Pedro;ACC;1;10;1016;101614
2025-09;2025;09;Leiria;Leiria;Regueira de Pontes;ACC;2;10;1009;100921
2025-09;2025;09;Viseu;Resende;Resende;ACC;2;18;1813;181311
2025-09;2025;09;Évora;Borba;Rio de Moinhos;ACC;1;07;0703;070303
2025-09;2025;09;Leiria;Porto de Mós;São Bento;ACC;1;10;1016;101610
2025-09;2025;09;Viseu;Sátão;Sátão;ACC;1;18;1817;181710
2025-09;2025;09;Braga;Guimarães;Serzedelo;ACC;1;03;0308;030866
2025-09;2025;09;Lisboa;Oeiras;Algés, Linda-a-Velha e Cruz Quebrada-Dafundo;ACC;3;11;1110;111012
2025-09;2025;09;Bragança;Carrazeda de Ansiães;Amedo e Zedes;ACC;1;04;0403;040320
2025-09;2025;09;Porto;Póvoa de Varzim;AVer-o-Mar, Amorim e Terroso;ACC;1;13;1313;131313
2025-09;2025;09;Lisboa;Loures;Santa Iria de Azoia, São João da Talha e Bobadela;ACC;2;11;1107;110728
2025-09;2025;09;Évora;Évora;Bacelo e Senhora da Saúde;ACC;1;07;0705;070522
2025-09;2025;09;Braga;Vizela;Caldas de Vizela (São Miguel e São João);ACC;1;03;0314;031408
2025-09;2025;09;Porto;Valongo;Campo e Sobrado;ACC;1;13;1315;131506
2025-09;2025;09;Aveiro;Santa Maria da Feira;Canedo, Vale e Vila Maior;ACC;1;01;0109;010933
2025-09;2025;09;Lisboa;Cascais;Carcavelos e Parede;ACC;1;11;1105;110507
2025-09;2025;09;Castelo Branco;Covilhã;Covilhã e Canhoso;ACC;2;05;0503;050335
2025-09;2025;09;Portalegre;Crato;Crato e Mártires, Flor da Rosa e Vale do Peso;ACC;1;12;1206;120607
2025-09;2025;09;Braga;Esposende;Esposende, Marinhas e Gandra;ACC;3;03;0306;030618
2025-09;2025;09;Leiria;Figueiró dos Vinhos;Figueiró dos Vinhos e Bairradas;ACC;1;10;1008;100806
2025-09;2025;09;Porto;Matosinhos;Matosinhos e Leça da Palmeira;ACC;1;13;1308;130812
2025-09;2025;09;Aveiro;Oliveira de Azeméis;O. Azeméis, Riba-Ul, Ul, Macinhata da Seixa, Madail;ACC;2;01;0113;011321
2025-09;2025;09;Lisboa;Odivelas;Póvoa de Santo Adrião e Olival Basto;ACC;1;11;1116;111609
2025-04;2025;04;Braga;Barcelos;Vila Cova e Feitos;ACC;1;03;0302;0302FH
2025-04;2025;04;Braga;Vila Nova de Famalicão;Vila Nova de Famalicão e Calendário;ACC;4;03;0312;031260
2025-09;2025;09;Braga;Vila Verde;Vila de Prado;ACC;1;03;0313;031342
2024-04;2024;04;Lisboa;Cascais;Alcabideche;ACC;1;11;1105;110501
2024-04;2024;04;Leiria;Pombal;Carriço;ACC;1;10;1015;101505
2025-04;2025;04;Santarém;Tomar;São Pedro de Tomar;ACC;1;14;1418;141813
2025-04;2025;04;Santarém;Golegã;Azinhaga;ACC;1;14;1412;141201
2025-04;2025;04;Coimbra;Góis;Alvares;ACC;1;06;0606;060601
2024-08;2024;08;Braga;Guimarães;Brito;ACC;2;03;0308;030807
2024-08;2024;08;Braga;Braga;Adaúfe;ACC;2;03;0303;030301
2024-08;2024;08;Lisboa;Cascais;Alcabideche;ACC;1;11;1105;110501
2025-04;2025;04;Lisboa;Oeiras;Carnaxide e Queijas;ACC;2;11;1110;111013
2024-08;2024;08;Lisboa;Sobral de Monte Agraço;Sobral de Monte Agraço;ACC;1;11;1112;111203
2024-04;2024;04;Porto;Gondomar;Fânzeres e São Pedro da Cova;ACC;1;13;1304;130413
2025-04;2025;04;Porto;Paredes;Vilela;ACC;1;13;1310;131024
2024-08;2024;08;Braga;Barcelos;Várzea;ACC;1;03;0302;030283
2025-08;2025;08;Braga;Barcelos;Alvelos;ACC;1;03;0302;030208
2025-08;2025;08;Lisboa;Arruda dos Vinhos;Arruda dos Vinhos;ACC;2;11;1102;110202
2025-08;2025;08;Bragança;Miranda do douro;Miranda do Douro;ACC;1;04;0406;040608
2025-08;2025;08;Porto;Póvoa de Varzim;AVer-o-Mar, Amorim e Terroso;ACC;1;13;1313;131313
2025-08;2025;08;Lisboa;Loures;Santa Iria de Azoia, São João da Talha e Bobadela;ACC;2;11;1107;110728
2025-08;2025;08;Porto;Porto;Cedofeita, Ildefonso, Sé, Miragaia, Nicolau, Vitória;ACC;1;13;1312;131217
2025-08;2025;08;Porto;Paredes;Vilela;ACC;1;13;1310;131024
2024-08;2024;08;Setúbal;Almada;Charneca de Caparica e Sobreda;ACC;2;15;1503;150314
2025-08;2025;08;Leiria;Figueiró dos Vinhos;Figueiró dos Vinhos e Bairradas;ACC;1;10;1008;100806
2025-08;2025;08;Aveiro;Oliveira de Azeméis;O. Azeméis, Riba-Ul, Ul, Macinhata da Seixa, Madail;ACC;2;01;0113;011321
2025-08;2025;08;Leiria;Leiria;Arrabal;ACC;1;10;1009;100902
2023-08;2023;08;Braga;Braga;Ferreiros e Gondizalves;ACC;1;03;0303;030371
2025-09;2025;09;Porto;Lousada;Figueiras e Covas;ACC;1;13;1305;130529
2022-08;2022;08;Castelo Branco;Fundão;Fundão, Valverde, Donas, A. Joanes, A. Nova do Cabo;ACC;1;05;0504;050434
2025-09;2025;09;Porto;Gondomar;Gondomar (São Cosme), Valbom e Jovim;ACC;2;13;1304;130415
2025-09;2025;09;Setúbal;Grândola;Grândola e Santa Margarida da Serra;ACC;2;15;1505;150506
2025-04;2025;04;Leiria;Pombal;Guia, Ilha e Mata Mourisca;ACC;2;10;1015;101518
2025-09;2025;09;Lisboa;Mafra;Igreja Nova e Cheleiros;ACC;1;11;1109;110920
2025-09;2025;09;Porto;Santo Tirso;Lamelas e Guimarei;ACC;1;13;1314;131436
2024-04;2024;04;Leiria;Leiria;Leiria, Pousos, Barreira e Cortes;ACC;1;10;1009;100933
2025-08;2025;08;Leiria;Leiria;Leiria, Pousos, Barreira e Cortes;ACC;1;10;1009;100933
2025-09;2025;09;Faro;Tavira;Luz de Tavira e Santo Estêvão;ACC;1;08;0814;081411
2025-09;2025;09;Évora;Évora;Malagueira e Horta das Figueiras;ACC;6;07;0705;070524
2024-04;2024;04;Évora;Évora;Malagueira e Horta das Figueiras;ACC;1;07;0705;070524
2025-09;2025;09;Santarém;Alcanena;Malhou, Louriceira e Espinheiro;ACC;1;14;1402;140212
2025-09;2025;09;Porto;Felgueiras;Margaride, Várzea, Lagares, Varziela e Moure;ACC;2;13;1303;130335
2024-08;2024;08;Braga;Braga;Merelim (São Paio), Panoias e Parada de Tibães;ACC;1;03;0303;030374
2025-09;2025;09;Braga;Braga;Merelim (São Pedro) e Frossos;ACC;2;03;0303;030375
2025-09;2025;09;Setúbal;Montijo;Montijo e Afonsoeiro;ACC;2;15;1507;150710
2025-08;2025;08;Castelo Branco;Castelo Branco;Ninho do Açor e Sobral do Campo;ACC;1;05;0502;050230
2025-09;2025;09;Braga;Braga;Nogueira, Fraião e Lamaçães;ACC;1;03;0303;030377
2025-04;2025;04;Évora;Montemor-o-Novo;N. S. da Vila, N. S. do Bispo e Silveiras;ACC;1;07;0706;070612
2025-09;2025;09;Braga;Guimarães;Oliveira, São Paio e São Sebastião;ACC;2;03;0308;030884
2025-09;2025;09;Aveiro;Oliveira de Azeméis;Pinheiro da Bemposta, Travanca e Palmaz;ACC;1;01;0113;011322
2025-04;2025;04;Aveiro;Oliveira de Azeméis;Pinheiro da Bemposta, Travanca e Palmaz;ACC;1;01;0113;011322
2025-08;2025;08;Aveiro;Oliveira de Azeméis;Pinheiro da Bemposta, Travanca e Palmaz;ACC;1;01;0113;011322
2025-09;2025;09;Porto;Vila Nova de Gaia;Pedroso e Seixezelo;ACC;2;13;1317;131728
2024-04;2024;04;Porto;Vila Nova de Gaia;Pedroso e Seixezelo;ACC;1;13;1317;131728
2024-08;2024;08;Porto;Vila Nova de Gaia;Pedroso e Seixezelo;ACC;1;13;1317;131728
2025-08;2025;08;Porto;Matosinhos;Perafita, Lavra e Santa Cruz do Bispo;ACC;2;13;1308;130813
2025-08;2025;08;Portalegre;Ponte de Sor;Ponte de Sor, Tramaga e Vale de Açor;ACC;2;12;1213;121308
2025-09;2025;09;Viana do Castelo;Melgaço;Prado e Remoães;ACC;1;16;1603;160322
2025-08;2025;08;Viana do Castelo;Melgaço;Prado e Remoães;ACC;1;16;1603;160322
2025-09;2025;09;Lisboa;Odivelas;Ramada e Caneças;ACC;1;11;1116;111610
2025-09;2025;09;Aveiro;Águeda;Recardães e Espinhel;ACC;1;01;0101;010124
2025-04;2025;04;Aveiro;Águeda;Recardães e Espinhel;ACC;1;01;0101;010124
2024-08;2024;08;Portalegre;Portalegre;Ribeira de Nisa e Carreiras;ACC;1;12;1214;121413
2025-04;2025;04;Santarém;Santarém;Romeira e Várzea;ACC;1;14;1416;141632
2025-09;2025;09;Lisboa;Loures;Sacavém e Prior Velho;ACC;4;11;1107;110727
2025-09;2025;09;Braga;Guimarães;Sande São Lourenço e Balazar;ACC;1;03;0308;030886
2025-09;2025;09;Coimbra;Coimbra;Santa Clara e Castelo Viegas;ACC;1;06;0603;060336
2025-09;2025;09;Lisboa;Sintra;São João das Lampas e Terrugem;ACC;1;11;1111;111127
2025-09;2025;09;Setúbal;Seixal;Seixal, Arrentela e Aldeia de Paio Pires;ACC;7;15;1510;151007
2025-09;2025;09;Setúbal;Barreiro;Alto do Seixalinho, Santo André e Verderena;ACC;3;15;1504;150409
2025-09;2025;09;Braga;Guimarães;Selho São Lourenço e Gominhães;ACC;1;03;0308;030888
2025-09;2025;09;Coimbra;Cantanhede;Sepins e Bolho;ACC;1;06;0602;060223
2024-08;2024;08;Braga;Guimarães;Serzedo e Calvos;ACC;1;03;0308;030889
2025-09;2025;09;Porto;Vila Nova de Gaia;Serzedo e Perosinho;ACC;2;13;1317;131731
2024-08;2024;08;Bragança;Bragança;Sé, Santa Maria e Meixedo;ACC;1;04;0402;040257
2024-04;2024;04;Setúbal;Setúbal;S. Julião, N. S. da Anunciada e S. Maria da Graça;ACC;1;15;1512;151210
2025-08;2025;08;Setúbal;Setúbal;S. Julião, N. S. da Anunciada e S. Maria da Graça;ACC;2;15;1512;151210
2024-08;2024;08;Lisboa;Sintra;S. Maria, S. Miguel, S. Martinho e S. Pedro de Penaferrim;ACC;1;11;1111;111128
2025-04;2025;04;Porto;Vila Nova de Gaia;Santa Marinha e São Pedro da Afurada;ACC;2;13;1317;131730
2025-09;2025;09;Coimbra;Coimbra;São Martinho do Bispo e Ribeira de Frades;ACC;1;06;0603;060338
2025-08;2025;08;Coimbra;Coimbra;São Martinho do Bispo e Ribeira de Frades;ACC;1;06;0603;060338
2025-09;2025;09;Coimbra;Coimbra;Souselas e Botão;ACC;2;06;0603;060339
2025-08;2025;08;Coimbra;Coimbra;Souselas e Botão;ACC;1;06;0603;060339
2025-04;2025;04;Leiria;Pombal;Santiago e S. Simão de Litém e Albergaria dos Doze;ACC;1;10;1015;101519
2025-08;2025;08;Viseu;Tarouca;Tarouca e Dálvares;ACC;1;18;1820;182013
2025-09;2025;09;Santarém;Torres Novas;Torres Novas (São Pedro), Lapas e Ribeira Branca;ACC;1;14;1419;141921
2023-08;2023;08;Porto;Felgueiras;Vila Verde e Santão;ACC;1;13;1303;130341
2025-09;2025;09;Lisboa;Mafra;Venda do Pinheiro e Santo Estêvão das Galés;ACC;1;11;1109;110922
2025-09;2025;09;Santarém;Cartaxo;Vale da Pedra;ACC;1;14;1406;140608
2025-04;2025;04;Évora;Vendas Novas;Vendas Novas;ACC;2;07;0712;071201
2024-08;2024;08;Évora;Vendas Novas;Vendas Novas;ACC;1;07;0712;071201
2025-09;2025;09;Lisboa;Vila Franca de Xira;Vialonga;ACC;2;11;1114;111408
2025-09;2025;09;Santarém;Cartaxo;Vila Chã de Ourique;ACC;1;14;1406;140607
2025-09;2025;09;Porto;Vila do Conde;Vila do Conde;ACC;2;13;1316;131628
2025-04;2025;04;Lisboa;Cadaval;Vilar;ACC;1;11;1104;110410
2025-09;2025;09;Vila Real;Vila Real;Vila Real;ACC;1;17;1714;171438
2023-04;2023;04;Viseu;Tondela;Guardão;ACC;1;18;1821;182108
2025-08;2025;08;Viseu;Tondela;Guardão;ACC;1;18;1821;182108
2025-04;2025;04;Braga;Braga;Palmeira;ACC;1;03;0303;030331
2024-08;2024;08;Braga;Guimarães;Lordelo;ACC;1;03;0308;030828
2023-08;2023;08;Porto;Valongo;Ermesinde;ACC;1;13;1315;131503
2024-04;2024;04;Porto;Póvoa de Varzim;Aguçadoura e Navais;ACC;1;13;1313;131314
2025-08;2025;08;Porto;Póvoa de Varzim;Aguçadoura e Navais;ACC;1;13;1313;131314
2024-04;2024;04;Lisboa;Amadora;Falagueira-Venda Nova;ACC;1;11;1115;111515
2025-08;2025;08;Lisboa;Amadora;Falagueira-Venda Nova;ACC;1;11;1115;111515
2025-04;2025;04;Lisboa;Lisboa;Lumiar;ACC;2;11;1106;110618
2024-08;2024;08;Santarém;Cartaxo;Pontével;ACC;1;14;1406;140604
2024-08;2024;08;Leiria;Marinha Grande;Marinha Grande;ACC;4;10;1010;101001
2025-04;2025;04;Setúbal;Moita;Moita;ACC;2;15;1506;150603
2024-04;2024;04;Coimbra;Coimbra;Santo António dos Olivais;ACC;1;06;0603;060318
2024-08;2024;08;Setúbal;Seixal;Fernão Ferro;ACC;1;15;1510;151006
2024-08;2024;08;Aveiro;Santa Maria da Feira;Caldas de São Jorge e de Pigeiros;ACC;1;01;0109;010932
2025-04;2025;04;Aveiro;Aveiro;Eixo e Eirol;ACC;1;01;0105;010515
2024-08;2024;08;Aveiro;Ílhavo;Ílhavo (São Salvador);ACC;1;01;0110;011008
2025-08;2025;08;Leiria;Batalha;Batalha;ACC;1;10;1004;100401
2024-08;2024;08;Leiria;Pombal;Pombal;ACC;2;10;1015;101509
2023-08;2023;08;Santarém;Ourém;Nossa Senhora da Piedade;ACC;1;14;1421;142115
2025-04;2025;04;Coimbra;Figueira da Foz;Alqueidão;ACC;1;06;0605;060502
2025-08;2025;08;Coimbra;Figueira da Foz;Alqueidão;ACC;1;06;0605;060502
2025-04;2025;04;Braga;Barcelos;Manhente;ACC;1;03;0302;030245
2025-08;2025;08;Braga;Barcelos;Pousa;ACC;1;03;0302;030261
2025-04;2025;04;Braga;Guimarães;Gonça;ACC;1;03;0308;030820
2024-08;2024;08;Braga;Guimarães;Nespereira;ACC;1;03;0308;030832
2025-04;2025;04;Braga;Guimarães;Polvoreira;ACC;2;03;0308;030837
2024-08;2024;08;Braga;Esposende;Apúlia e Fão;ACC;1;03;0306;030616
2025-04;2025;04;Lisboa;Lisboa;São Domingos de Benfica;ACC;2;11;1106;110639
2025-04;2025;04;Lisboa;Torres Vedras;Santa Maria, São Pedro e Matacães;ACC;1;11;1113;111326
2025-04;2025;04;Lisboa;Torres Vedras;São Pedro da Cadeira;ACC;2;11;1113;111314
2025-08;2025;08;Porto;Porto;Campanhã;ACC;2;13;1312;131203
2024-08;2024;08;Porto;Maia;Moreira;ACC;2;13;1306;130609
2024-08;2024;08;Porto;Penafiel;Rio de Moinhos;ACC;2;13;1311;131129
2025-08;2025;08;Viana do Castelo;Viana do Castelo;São Romão de Neiva;ACC;1;16;1609;160923
2024-08;2024;08;Braga;Barcelos;Areias de Vilar e Encourados;ACC;1;03;0302;030292
2025-08;2025;08;Braga;Barcelos;Areias de Vilar e Encourados;ACC;1;03;0302;030292
2025-08;2025;08;Porto;Porto;Ramalde;ACC;2;13;1312;131211
2025-08;2025;08;Coimbra;Miranda do Corvo;Miranda do Corvo;ACC;1;06;0609;060902
2025-08;2025;08;Coimbra;Tábua;Tábua;ACC;2;06;0616;061614
2025-08;2025;08;Setúbal;Seixal;Amora;ACC;2;15;1510;151002
2025-02;2025;02;Portalegre;Portalegre;Fortios;ACC;1;12;1214;121404
2025-08;2025;08;Setúbal;Moita;Moita;ACC;2;15;1506;150603
2025-08;2025;08;Aveiro;Espinho;Paramos;ACC;1;01;0107;010704
2025-08;2025;08;Évora;Évora;N. S. da Tourega e N. S. de Guadalupe;ACC;1;07;0705;070525
2025-08;2025;08;Setúbal;Barreiro;Palhais e Coina;ACC;1;15;1504;150411
2025-08;2025;08;Santarém;Santarém;Romeira e Várzea;ACC;1;14;1416;141632
2024-01;2024;01;Leiria;Batalha;Batalha;ACC;1;10;1004;100401
2023-02;2023;02;Viseu;Tondela;Guardão;ACC;1;18;1821;182108
2025-02;2025;02;Viseu;Tondela;Guardão;ACC;1;18;1821;182108
2025-02;2025;02;Portalegre;Avis;Avis;ACC;1;12;1203;120303
2024-02;2024;02;Lisboa;Lisboa;Lumiar;ACC;1;11;1106;110618
2024-02;2024;02;Braga;Braga;Palmeira;CER;1;03;0303;030331
2025-01;2025;01;Braga;Braga;Palmeira;ACC;1;03;0303;030331
2025-02;2025;02;Viseu;Viseu;Abraveses;ACC;1;18;1823;182301
2025-02;2025;02;Coimbra;Penacova;Lorvão;ACC;1;06;0613;061304
2025-02;2025;02;Leiria;Pombal;Pelariga;ACC;1;10;1015;101508
2025-02;2025;02;Lisboa;Azambuja;Azambuja;ACC;1;11;1103;110304
2025-01;2025;01;Braga;Guimarães;Lordelo;ACC;1;03;0308;030828
2025-02;2025;02;Porto;Maia;Moreira;ACC;2;13;1306;130609
2024-02;2024;02;Braga;Barcelos;Pousa;ACC;1;03;0302;030261
2025-01;2025;01;Porto;Penafiel;Rio de Moinhos;ACC;2;13;1311;131129
2025-02;2025;02;Braga;Guimarães;Sande (São Martinho);ACC;1;03;0308;030858
2024-02;2024;02;Braga;Braga;Nogueira, Fraião e Lamaçães;ACC;1;03;0303;030377
2024-01;2024;01;Braga;Guimarães;Oliveira, São Paio e São Sebastião;ACC;1;03;0308;030884
2025-02;2025;02;Porto;Vila Nova de Gaia;Pedroso e Seixezelo;ACC;1;13;1317;131728
2025-01;2025;01;Porto;Vila Nova de Gaia;Pedroso e Seixezelo;ACC;1;13;1317;131728
2025-01;2025;01;Viana do Castelo;Melgaço;Prado e Remoães;ACC;1;16;1603;160322
2024-01;2024;01;Setúbal;Seixal;Corroios;ACC;1;15;1510;151005
2025-01;2025;01;Porto;Porto;Campanhã;ACC;2;13;1312;131203
2025-01;2025;01;Viana do Castelo;Monção;Trute;ACC;1;16;1604;160431
2025-01;2025;01;Braga;Celorico de Basto;Britelo, Gémeos e Ourilhe;ACC;1;03;0305;030523
2024-07;2024;07;Braga;Guimarães;Gonça;ACC;1;03;0308;030820
2024-01;2024;01;Castelo Branco;Fundão;Fundão, Valverde, Donas, A. Joanes, A. Nova do Cabo;ACC;1;05;0504;050434
2025-02;2025;02;Leiria;Leiria;Leiria, Pousos, Barreira e Cortes;ACC;1;10;1009;100933
2025-07;2025;07;Leiria;Leiria;Leiria, Pousos, Barreira e Cortes;ACC;1;10;1009;100933
2025-02;2025;02;Leiria;Leiria;Monte Redondo e Carreira;ACC;1;10;1009;100936
2024-07;2024;07;Leiria;Leiria;Monte Redondo e Carreira;ACC;1;10;1009;100936
2025-02;2025;02;Évora;Montemor-o-Novo;N. S. da Vila, N. S. do Bispo e Silveiras;ACC;1;07;0706;070612
2025-02;2025;02;Portalegre;Portalegre;Ribeira de Nisa e Carreiras;ACC;1;12;1214;121413
2025-01;2025;01;Santarém;Santarém;Romeira e Várzea;ACC;1;14;1416;141632
2025-02;2025;02;Guarda;Sabugal;Sabugal e Aldeia de Santo António;ACC;1;09;0911;091145
2025-07;2025;07;Braga;Guimarães;Sande Vila Nova e Sande São Clemente;ACC;1;03;0308;030887
2025-02;2025;02;Lisboa;Loures;Santo Antão e São Julião do Tojal;ACC;2;11;1107;110729
2024-07;2024;07;Lisboa;Loures;Santo Antão e São Julião do Tojal;ACC;2;11;1107;110729
2025-01;2025;01;Setúbal;Seixal;Seixal, Arrentela e Aldeia de Paio Pires;ACC;3;15;1510;151007
2025-02;2025;02;Setúbal;Barreiro;Alto do Seixalinho, Santo André e Verderena;ACC;1;15;1504;150409
2025-02;2025;02;Braga;Guimarães;Selho São Lourenço e Gominhães;ACC;1;03;0308;030888
2025-07;2025;07;Braga;Guimarães;Selho São Lourenço e Gominhães;ACC;1;03;0308;030888
2025-01;2025;01;Braga;Guimarães;Serzedo e Calvos;ACC;1;03;0308;030889
2024-07;2024;07;Braga;Guimarães;Serzedo e Calvos;ACC;1;03;0308;030889
2025-01;2025;01;Coimbra;Coimbra;Souselas e Botão;ACC;1;06;0603;060339
2025-01;2025;01;Coimbra;Coimbra;Taveiro, Ameal e Arzila;ACC;1;06;0603;060340
2024-07;2024;07;Leiria;Caldas da Rainha;Tornada e Salir do Porto;ACC;2;10;1006;100619
2025-02;2025;02;Porto;Felgueiras;Vila Verde e Santão;ACC;1;13;1303;130341
2024-07;2024;07;Santarém;Cartaxo;Vila Chã de Ourique;ACC;1;14;1406;140607
2025-01;2025;01;Aveiro;Oliveira de Azeméis;Vila de Cucujães;ACC;1;01;0113;011319
2025-01;2025;01;Vila Real;Vila Real;Vila Real;ACC;1;17;1714;171438
2025-02;2025;02;Faro;Vila Real de Santo António;Vila Real de Santo António;ACC;1;08;0816;081602
2025-01;2025;01;Faro;Vila Real de Santo António;Vila Real de Santo António;ACC;1;08;0816;081602
2025-07;2025;07;Évora;Arraiolos;Arraiolos;ACC;1;07;0702;070201
2024-07;2024;07;Lisboa;Vila Franca de Xira;Alverca do Ribatejo e Sobralinho;ACC;1;11;1114;111413
2024-07;2024;07;Porto;Porto;Lordelo do Ouro e Massarelos;ACC;1;13;1312;131218
2024-07;2024;07;Castelo Branco;Vila de Rei;Vila de Rei;ACC;1;05;0510;051003
2025-07;2025;07;Aveiro;Anadia;Avelãs de Cima;ACC;1;01;0103;010305
2024-06;2024;06;Leiria;Batalha;Batalha;ACC;1;10;1004;100401
2025-07;2025;07;Coimbra;Penacova;Lorvão;ACC;1;06;0613;061304
2025-07;2025;07;Braga;Braga;Palmeira;CER;1;03;0303;030331
2025-07;2025;07;Porto;Porto;Aldoar, Foz do Douro e Nevogilde;ACC;1;13;1312;131216
2025-07;2025;07;Setúbal;Grândola;Grândola e Santa Margarida da Serra;ACC;2;15;1505;150506
2025-07;2025;07;Coimbra;Montemor-o-Velho;Montemor-o-Velho e Gatões;ACC;1;06;0610;061016
2025-07;2025;07;Lisboa;Sintra;Queluz e Belas;ACC;2;11;1111;111126
2025-07;2025;07;Braga;Braga;Real, Dume e Semelhe;ACC;1;03;0303;030379
2024-07;2024;07;Porto;Vila do Conde;Macieira da Maia;ACC;1;13;1316;131614
2025-07;2025;07;Aveiro;Santa Maria da Feira;Milheirós de Poiares;ACC;1;01;0109;010914
2025-07;2025;07;Porto;Maia;Moreira;ACC;3;13;1306;130609
2025-07;2025;07;Coimbra;Penacova;Penacova;ACC;1;06;0613;061307
2024-07;2024;07;Leiria;Peniche;Peniche;ACC;1;10;1014;101407
2024-07;2024;07;Leiria;Pombal;Pombal;ACC;2;10;1015;101509
2025-08;2025;08;Aveiro;Santa Maria da Feira;Paços de Brandão;ACC;2;01;0109;010919
2025-08;2025;08;Setúbal;Palmela;Palmela;ACC;2;15;1508;150802
2025-02;2025;02;Setúbal;Palmela;Palmela;ACC;2;15;1508;150802
2025-07;2025;07;Setúbal;Palmela;Palmela;ACC;2;15;1508;150802
2025-08;2025;08;Aveiro;Santa Maria da Feira;Romariz;ACC;1;01;0109;010922
2025-08;2025;08;Évora;Évora;São Bento do Mato;ACC;1;07;0705;070506
2025-08;2025;08;Portalegre;Castelo de Vide;São João Baptista;ACC;1;12;1205;120504
2025-08;2025;08;Leiria;Bombarral;Bombarral e Vale Covo;ACC;1;10;1005;100506
2024-07;2024;07;Santarém;Ourém;Fátima;ACC;1;14;1421;142106
2025-07;2025;07;Setúbal;Santiago do Cacém;Santo André;ACC;1;15;1509;150907
2025-02;2025;02;Aveiro;Estarreja;Beduído e Veiros;ACC;1;01;0108;010808
2025-01;2025;01;Aveiro;Estarreja;Beduído e Veiros;ACC;1;01;0108;010808
2025-01;2025;01;Braga;Vila Nova de Famalicão;Vila Nova de Famalicão e Calendário;ACC;3;03;0312;031260
2025-01;2025;01;Aveiro;Albergaria-a-Velha;Albergaria-a-Velha e Valmaior;ACC;1;01;0102;010209
2024-06;2024;06;Aveiro;Albergaria-a-Velha;Albergaria-a-Velha e Valmaior;ACC;1;01;0102;010209
2025-02;2025;02;Santarém;Salvaterra de Magos;Muge;ACC;1;14;1415;141503
2025-01;2025;01;Leiria;Caldas da Rainha;Nadadouro;ACC;1;10;1006;100608
2024-07;2024;07;Leiria;Caldas da Rainha;Nadadouro;ACC;1;10;1006;100608
2025-01;2025;01;Coimbra;Coimbra;Assafarge e Antanhol;ACC;1;06;0603;060333
2025-07;2025;07;Coimbra;Coimbra;Assafarge e Antanhol;ACC;1;06;0603;060333
2024-06;2024;06;Lisboa;Cascais;Alcabideche;ACC;1;11;1105;110501
2025-02;2025;02;Lisboa;Lisboa;Alcântara;ACC;1;11;1106;110602
2025-02;2025;02;Lisboa;Amadora;Alfragide;ACC;2;11;1115;111512
2024-07;2024;07;Porto;Marco de Canaveses;Bem Viver;ACC;1;13;1307;130734
2025-02;2025;02;Braga;Guimarães;Brito;ACC;2;03;0308;030807
2025-07;2025;07;Braga;Guimarães;Brito;ACC;2;03;0308;030807
2025-02;2025;02;Lisboa;Loures;Bucelas;ACC;1;11;1107;110702
2025-01;2025;01;Lisboa;Loures;Bucelas;ACC;1;11;1107;110702
2025-01;2025;01;Braga;Vila Nova de Famalicão;Delães;ACC;1;03;0312;031213
2025-07;2025;07;Braga;Fafe;Fafe;ACC;1;03;0307;030709
2025-02;2025;02;Castelo Branco;Idanha-a-Nova;Ladoeiro;ACC;1;05;0505;050505
2025-02;2025;02;Porto;Paços de Ferreira;Paços de Ferreira;ACC;1;13;1309;130918
2025-01;2025;01;Porto;Paços de Ferreira;Paços de Ferreira;ACC;1;13;1309;130918
2024-07;2024;07;Vila Real;Vila Pouca de Aguiar;Sabroso de Aguiar;ACC;1;17;1713;171317
2024-07;2024;07;Porto;Vila Nova de Gaia;São Félix da Marinha;ACC;1;13;1317;131717
2024-02;2024;02;Lisboa;Loures;Santa Iria de Azoia, São João da Talha e Bobadela;ACC;1;11;1107;110728
2025-02;2025;02;Porto;Porto;Cedofeita, Ildefonso, Sé, Miragaia, Nicolau, Vitória;ACC;1;13;1312;131217
2025-01;2025;01;Porto;Porto;Cedofeita, Ildefonso, Sé, Miragaia, Nicolau, Vitória;ACC;1;13;1312;131217
2025-02;2025;02;Viseu;São Pedro do Sul;Bordonhos;ACC;1;18;1816;181602
2025-02;2025;02;Beja;Aljustrel;São João de Negrilhos;ACC;1;02;0201;020104
2025-02;2025;02;Lisboa;Cascais;Cascais e Estoril;ACC;1;11;1105;110508
2025-07;2025;07;Braga;Vila Verde;Esqueiros, Nevogilde e Travassós;ACC;1;03;0313;031363
2024-01;2024;01;Braga;Vila Verde;Turiz;ACC;1;03;0313;031354
2025-01;2025;01;Braga;Barcelos;Alvelos;ACC;1;03;0302;030208
2024-06;2024;06;Lisboa;Lisboa;Avenidas Novas;ACC;1;11;1106;110657
2025-01;2025;01;Porto;Gondomar;Baguim do Monte (Rio Tinto);ACC;3;13;1304;130412
2025-01;2025;01;Lisboa;Oeiras;Porto Salvo;ACC;1;11;1110;111009
2024-07;2024;07;Lisboa;Oeiras;Porto Salvo;ACC;1;11;1110;111009
2025-01;2025;01;Lisboa;Sintra;Rio de Mouro;ACC;3;11;1111;111108
2025-07;2025;07;Lisboa;Sintra;Rio de Mouro;ACC;3;11;1111;111108
2025-01;2025;01;Santarém;Tomar;São Pedro de Tomar;ACC;1;14;1418;141813
2023-07;2023;07;Bragança;Miranda do douro;Miranda do Douro;ACC;1;04;0406;040608
2024-07;2024;07;Porto;Valongo;Alfena;ACC;1;13;1315;131501
2024-07;2024;07;Coimbra;Penacova;Figueira de Lorvão;ACC;1;06;0613;061302
2024-07;2024;07;Faro;Loulé;Loulé (São Sebastião);ACC;1;08;0808;080809
2025-01;2025;01;Aveiro;Águeda;Trofa, Segadães e Lamas do Vouga;ACC;1;01;0101;010126
2024-07;2024;07;Leiria;Figueiró dos Vinhos;Figueiró dos Vinhos e Bairradas;ACC;1;10;1008;100806
2025-07;2025;07;Porto;Vila do Conde;Aveleda;ACC;1;13;1316;131603
2025-07;2025;07;Braga;Barcelos;Carvalhal;ACC;1;03;0302;030220
2025-07;2025;07;Braga;Póvoa de Lanhoso;Póvoa de Lanhoso (Nossa Senhora do Amparo);ACC;1;03;0309;030919
2024-06;2024;06;Lisboa;Sobral de Monte Agraço;Sobral de Monte Agraço;ACC;1;11;1112;111203
2024-07;2024;07;Braga;Vila Verde;Turiz;ACC;1;03;0313;031354
2025-07;2025;07;Viseu;São Pedro do Sul;Bordonhos;ACC;1;18;1816;181602
2025-07;2025;07;Lisboa;Lisboa;Carnide;ACC;2;11;1106;110611
2025-07;2025;07;Braga;Barcelos;Macieira de Rates;ACC;1;03;0302;030244
2024-03;2024;03;Bragança;Mirandela;Mascarenhas;ACC;1;04;0407;040720
2023-03;2023;03;Bragança;Miranda do douro;Miranda do Douro;ACC;1;04;0406;040608
2025-05;2025;05;Braga;Braga;Palmeira;ACC;1;03;0303;030331
2025-05;2025;05;Braga;Braga;Palmeira;CER;1;03;0303;030331
2024-03;2024;03;Leiria;Pombal;Pombal;ACC;1;10;1015;101509
2024-06;2024;06;Lisboa;Torres Vedras;Santa Maria, São Pedro e Matacães;ACC;1;11;1113;111326
2024-05;2024;05;Lisboa;Torres Vedras;Santa Maria, São Pedro e Matacães;ACC;1;11;1113;111326
2025-05;2025;05;Aveiro;Águeda;Recardães e Espinhel;ACC;1;01;0101;010124
2024-06;2024;06;Leiria;Caldas da Rainha;Tornada e Salir do Porto;ACC;2;10;1006;100619
2025-06;2025;06;Porto;Felgueiras;Vila Verde e Santão;ACC;1;13;1303;130341
2024-03;2024;03;Porto;Felgueiras;Vila Verde e Santão;ACC;1;13;1303;130341
2024-06;2024;06;Braga;Vila Verde;Vila de Prado;ACC;1;03;0313;031342
2024-06;2024;06;Castelo Branco;Vila de Rei;Vila de Rei;ACC;1;05;0510;051003
2025-05;2025;05;Castelo Branco;Vila de Rei;Vila de Rei;ACC;1;05;0510;051003
2025-03;2025;03;Lisboa;Lisboa;Beato;ACC;2;11;1106;110607
2025-06;2025;06;Braga;Barcelos;Manhente;ACC;1;03;0302;030245
2025-06;2025;06;Lisboa;Lisboa;Santa Maria Maior;ACC;1;11;1106;110665
2024-03;2024;03;Setúbal;Barreiro;Alto do Seixalinho, Santo André e Verderena;ACC;1;15;1504;150409
2025-06;2025;06;Braga;Guimarães;Selho São Lourenço e Gominhães;ACC;1;03;0308;030888
2025-06;2025;06;Lisboa;Sintra;S. Maria, S. Miguel, S. Martinho e S. Pedro de Penaferrim;ACC;4;11;1111;111128
2025-05;2025;05;Porto;Vila do Conde;Vilar de Pinheiro;ACC;1;13;1316;131630
2025-05;2025;05;Faro;Vila Real de Santo António;Vila Real de Santo António;ACC;1;08;0816;081602
2023-03;2023;03;Santarém;Ourém;Nossa Senhora da Piedade;ACC;1;14;1421;142115
2025-03;2025;03;Lisboa;Cascais;Alcabideche;ACC;1;11;1105;110501
2024-03;2024;03;Braga;Guimarães;Polvoreira;ACC;1;03;0308;030837
2025-06;2025;06;Lisboa;Amadora;Falagueira-Venda Nova;ACC;1;11;1115;111515
2024-05;2024;05;Coimbra;Penacova;Figueira de Lorvão;ACC;1;06;0613;061302
2025-06;2025;06;Braga;Vila Verde;Gême;ACC;1;03;0313;031317
2024-06;2024;06;Braga;Vila Nova de Famalicão;Joane;ACC;1;03;0312;031219
2024-06;2024;06;Braga;Guimarães;Atães e Rendufe;ACC;1;03;0308;030878
2024-03;2024;03;Braga;Guimarães;Atães e Rendufe;ACC;1;03;0308;030878
2025-06;2025;06;Lisboa;Loures;Santa Iria de Azoia, São João da Talha e Bobadela;ACC;2;11;1107;110728
2024-03;2024;03;Setúbal;Moita;Baixa da Banheira e Vale da Amoreira;ACC;1;15;1506;150607
2024-06;2024;06;Setúbal;Almada;Charneca de Caparica e Sobreda;ACC;1;15;1503;150314
2024-03;2024;03;Setúbal;Almada;Charneca de Caparica e Sobreda;ACC;1;15;1503;150314
2024-03;2024;03;Leiria;Figueiró dos Vinhos;Figueiró dos Vinhos e Bairradas;ACC;1;10;1008;100806
2025-06;2025;06;Braga;Braga;Merelim (São Paio), Panoias e Parada de Tibães;ACC;1;03;0303;030374
2025-06;2025;06;Porto;Santo Tirso;Água Longa;ACC;1;13;1314;131402
2025-06;2025;06;Leiria;Alcobaça;Aljubarrota;ACC;1;10;1001;100120
2025-06;2025;06;Porto;Vila do Conde;Aveleda;ACC;1;13;1316;131603
2025-06;2025;06;Castelo Branco;Idanha-a-Nova;Ladoeiro;ACC;1;05;0505;050505
2025-06;2025;06;Porto;Porto;Aldoar, Foz do Douro e Nevogilde;ACC;1;13;1312;131216
2025-06;2025;06;Aveiro;Santa Maria da Feira;Caldas de São Jorge e de Pigeiros;ACC;1;01;0109;010932
2025-06;2025;06;Aveiro;Oliveira de Azeméis;Pinheiro da Bemposta, Travanca e Palmaz;ACC;1;01;0113;011322
2025-06;2025;06;Viana do Castelo;Melgaço;Prado e Remoães;ACC;1;16;1603;160322
2025-05;2025;05;Viana do Castelo;Melgaço;Prado e Remoães;ACC;1;16;1603;160322
2024-05;2024;05;Braga;Braga;Nogueira, Fraião e Lamaçães;ACC;1;03;0303;030377
2024-05;2024;05;Lisboa;Odivelas;Pontinha e Famões;ACC;2;11;1116;111608
2024-03;2024;03;Portalegre;Avis;Avis;ACC;1;12;1203;120303
2025-03;2025;03;Portalegre;Avis;Avis;ACC;1;12;1203;120303
2025-05;2025;05;Braga;Barcelos;Pousa;ACC;1;03;0302;030261
2025-05;2025;05;Lisboa;Lisboa;São Domingos de Benfica;ACC;2;11;1106;110639
2025-05;2025;05;Setúbal;Setúbal;Azeitão (São Lourenço e São Simão);ACC;1;15;1512;151209
2024-03;2024;03;Aveiro;Estarreja;Beduído e Veiros;ACC;1;01;0108;010808
2025-05;2025;05;Évora;Vendas Novas;Vendas Novas;ACC;2;07;0712;071201
2025-05;2025;05;Porto;Paredes;Vilela;ACC;1;13;1310;131024
2025-03;2025;03;Lisboa;Amadora;Alfragide;ACC;2;11;1115;111512
2025-03;2025;03;Faro;Loulé;Almancil;ACC;3;08;0808;080801
2024-05;2024;05;Lisboa;Odivelas;Póvoa de Santo Adrião e Olival Basto;ACC;1;11;1116;111609
2024-03;2024;03;Portalegre;Portalegre;Ribeira de Nisa e Carreiras;ACC;1;12;1214;121413
2024-03;2024;03;Porto;Santo Tirso;St. Tirso, Couto (S. Cristina e S. Miguel) e Burgães;ACC;1;13;1314;131437
2025-05;2025;05;Santarém;Benavente;Benavente;ACC;1;14;1405;140501
2025-05;2025;05;Viseu;São Pedro do Sul;Bordonhos;ACC;1;18;1816;181602
2025-03;2025;03;Viseu;São Pedro do Sul;Bordonhos;ACC;1;18;1816;181602
2025-05;2025;05;Lisboa;Lisboa;Carnide;ACC;2;11;1106;110611
2025-05;2025;05;Braga;Barcelos;Macieira de Rates;ACC;1;03;0302;030244
2025-05;2025;05;Lisboa;Sobral de Monte Agraço;Sobral de Monte Agraço;ACC;1;11;1112;111203
2025-05;2025;05;Braga;Braga;Real, Dume e Semelhe;ACC;1;03;0303;030379
2025-05;2025;05;Guarda;Sabugal;Sabugal e Aldeia de Santo António;ACC;1;09;0911;091145
2025-05;2025;05;Coimbra;Coimbra;Taveiro, Ameal e Arzila;ACC;1;06;0603;060340
2025-03;2025;03;Porto;Vila do Conde;Macieira da Maia;ACC;1;13;1316;131614
2025-03;2025;03;Lisboa;Amadora;Mina de Água;ACC;1;11;1115;111516
2025-03;2025;03;Leiria;Pombal;Pelariga;ACC;1;10;1015;101508
2025-03;2025;03;Lisboa;Lisboa;Santa Maria Maior;ACC;1;11;1106;110665
2025-03;2025;03;Viana do Castelo;Viana do Castelo;Santa Marta de Portuzelo;ACC;1;16;1609;160928
2025-03;2025;03;Portalegre;Castelo de Vide;São João Baptista;ACC;1;12;1205;120504
2025-03;2025;03;Braga;Guimarães;Oliveira, São Paio e São Sebastião;ACC;2;03;0308;030884
2025-03;2025;03;Braga;Guimarães;Sande Vila Nova e Sande São Clemente;ACC;1;03;0308;030887
2025-03;2025;03;Setúbal;Seixal;Seixal, Arrentela e Aldeia de Paio Pires;ACC;3;15;1510;151007
2025-03;2025;03;Braga;Guimarães;Selho São Lourenço e Gominhães;ACC;1;03;0308;030888
2025-03;2025;03;Porto;Felgueiras;Vila Verde e Santão;ACC;1;13;1303;130341
2025-03;2025;03;Braga;Vila Verde;Vila de Prado;ACC;1;03;0313;031342
2025-03;2025;03;Santarém;Ourém;Fátima;ACC;1;14;1421;142106
2025-03;2025;03;Lisboa;Oeiras;Algés, Linda-a-Velha e Cruz Quebrada-Dafundo;ACC;3;11;1110;111012
2025-03;2025;03;Setúbal;Setúbal;Azeitão (São Lourenço e São Simão);ACC;1;15;1512;151209
2025-03;2025;03;Aveiro;Santa Maria da Feira;Caldas de São Jorge e de Pigeiros;ACC;1;01;0109;010932
2025-03;2025;03;Lisboa;Cascais;Carcavelos e Parede;ACC;1;11;1105;110507
2025-03;2025;03;Porto;Porto;Lordelo do Ouro e Massarelos;ACC;2;13;1312;131218
2025-03;2025;03;Évora;Vendas Novas;Vendas Novas;ACC;2;07;0712;071201
2025-03;2025;03;Aveiro;Oliveira de Azeméis;Vila de Cucujães;ACC;1;01;0113;011319
2025-03;2025;03;Porto;Paredes;Vilela;ACC;1;13;1310;131024
2025-07;2025;07;Viana do Castelo;Viana do Castelo;São Romão de Neiva;ACC;1;16;1609;160923
2024-05;2024;05;Viana do Castelo;Viana do Castelo;São Romão de Neiva;ACC;1;16;1609;160923
2025-05;2025;05;Viseu;Sátão;Sátão;ACC;1;18;1817;181710
2025-07;2025;07;Santarém;Golegã;Azinhaga;ACC;1;14;1412;141201
2025-07;2025;07;Braga;Guimarães;Costa;ACC;1;03;0308;030812
2025-05;2025;05;Braga;Guimarães;Costa;ACC;1;03;0308;030812
2025-07;2025;07;Santarém;Coruche;Coruche, Fajarda e Erra;ACC;1;14;1409;140909
2024-06;2024;06;Lisboa;Lisboa;Lumiar;ACC;1;11;1106;110618
2025-03;2025;03;Lisboa;Lisboa;Lumiar;ACC;2;11;1106;110618
2025-06;2025;06;Porto;Marco de Canaveses;Marco;ACC;2;13;1307;130736
2024-06;2024;06;Aveiro;Aveiro;Requeixo, Nossa Senhora de Fátima e Nariz;ACC;1;01;0105;010516
2025-05;2025;05;Aveiro;Aveiro;Requeixo, Nossa Senhora de Fátima e Nariz;ACC;1;01;0105;010516
2024-06;2024;06;Porto;Penafiel;Rio de Moinhos;ACC;1;13;1311;131129
2025-06;2025;06;Porto;Penafiel;Rio de Moinhos;ACC;2;13;1311;131129
2025-05;2025;05;Porto;Penafiel;Rio de Moinhos;ACC;2;13;1311;131129
2024-06;2024;06;Braga;Guimarães;Sande (São Martinho);ACC;1;03;0308;030858
2024-06;2024;06;Castelo Branco;Fundão;Fundão, Valverde, Donas, A. Joanes, A. Nova do Cabo;ACC;1;05;0504;050434
2025-06;2025;06;Braga;Fafe;Arões (São Romão);ACC;1;03;0307;030730
2025-06;2025;06;Lisboa;Lisboa;Belém;ACC;1;11;1106;110658
2025-03;2025;03;Lisboa;Lisboa;Belém;ACC;1;11;1106;110658
2025-05;2025;05;Coimbra;Figueira da Foz;Buarcos e São Julião;ACC;1;06;0605;060520
2025-06;2025;06;Aveiro;Ílhavo;Ílhavo (São Salvador);ACC;1;01;0110;011008
2025-03;2025;03;Évora;Borba;Rio de Moinhos;ACC;1;07;0703;070303
2025-06;2025;06;Braga;Guimarães;Selho (São Jorge);ACC;2;03;0308;030854
2025-05;2025;05;Braga;Guimarães;Selho (São Jorge);ACC;2;03;0308;030854
2024-05;2024;05;Braga;Braga;Sequeira;ACC;1;03;0303;030354
2024-05;2024;05;Santarém;Rio Maior;Alcobertas;ACC;1;14;1414;141401
2024-03;2024;03;Coimbra;Coimbra;Santo António dos Olivais;ACC;1;06;0603;060318
2024-05;2024;05;Santarém;Alcanena;Alcanena e Vila Moreira;ACC;1;14;1402;140211
2025-06;2025;06;Porto;Paços de Ferreira;Carvalhosa;ACC;3;13;1309;130902
2024-05;2024;05;Porto;Paços de Ferreira;Carvalhosa;ACC;2;13;1309;130902
2024-05;2024;05;Porto;Maia;Castêlo da Maia;ACC;1;13;1306;130618
2025-05;2025;05;Porto;Maia;Castêlo da Maia;ACC;3;13;1306;130618
2024-03;2024;03;Setúbal;Seixal;Corroios;ACC;5;15;1510;151005
2025-05;2025;05;Braga;Barcelos;Areias de Vilar e Encourados;ACC;1;03;0302;030292
2025-06;2025;06;Braga;Braga;Este (São Pedro e São Mamede);ACC;1;03;0303;030370
2024-05;2024;05;Setúbal;Almada;Laranjeiro e Feijó;ACC;2;15;1503;150315
2025-05;2025;05;Setúbal;Almada;Laranjeiro e Feijó;ACC;3;15;1503;150315
2025-06;2025;06;Évora;Évora;Malagueira e Horta das Figueiras;ACC;5;07;0705;070524
2024-05;2024;05;Évora;Évora;Malagueira e Horta das Figueiras;ACC;2;07;0705;070524
2024-03;2024;03;Évora;Évora;Malagueira e Horta das Figueiras;ACC;1;07;0705;070524
2024-06;2024;06;Porto;Felgueiras;Margaride, Várzea, Lagares, Varziela e Moure;ACC;1;13;1303;130335
2025-06;2025;06;Porto;Felgueiras;Margaride, Várzea, Lagares, Varziela e Moure;ACC;1;13;1303;130335
2024-03;2024;03;Porto;Felgueiras;Margaride, Várzea, Lagares, Varziela e Moure;ACC;1;13;1303;130335
2025-05;2025;05;Leiria;Leiria;Marrazes e Barosa;ACC;4;10;1009;100934
2024-05;2024;05;Évora;Montemor-o-Novo;N. S. da Vila, N. S. do Bispo e Silveiras;ACC;1;07;0706;070612
2025-06;2025;06;Porto;Vila Nova de Gaia;Pedroso e Seixezelo;ACC;2;13;1317;131728
2025-03;2025;03;Porto;Lousada;Figueiras e Covas;ACC;1;13;1305;130529
2025-03;2025;03;Porto;Gondomar;Gondomar (São Cosme), Valbom e Jovim;ACC;1;13;1304;130415
2025-06;2025;06;Leiria;Pombal;Guia, Ilha e Mata Mourisca;ACC;2;10;1015;101518
2025-06;2025;06;Leiria;Leiria;Monte Real e Carvide;ACC;1;10;1009;100935
2025-06;2025;06;Lisboa;Oeiras;Oeiras e S. Julião da Barra, Paço de Arcos e Caxias;ACC;2;11;1110;111014
2025-06;2025;06;Portalegre;Ponte de Sor;Ponte de Sor, Tramaga e Vale de Açor;ACC;2;12;1213;121308
2025-05;2025;05;Leiria;Leiria;Leiria, Pousos, Barreira e Cortes;ACC;1;10;1009;100933
2025-05;2025;05;Bragança;Bragança;Izeda, Calvelhe e Paradinha Nova;ACC;1;04;0402;040252
2025-05;2025;05;Porto;Póvoa de Varzim;AVer-o-Mar, Amorim e Terroso;ACC;1;13;1313;131313
2025-03;2025;03;Porto;Póvoa de Varzim;AVer-o-Mar, Amorim e Terroso;ACC;1;13;1313;131313
2025-05;2025;05;Porto;Vila Nova de Gaia;Santa Marinha e São Pedro da Afurada;ACC;2;13;1317;131730
2025-03;2025;03;Braga;Guimarães;Lordelo;ACC;1;03;0308;030828
2025-03;2025;03;Aveiro;Santa Maria da Feira;Mozelos;ACC;1;01;0109;010916
2025-03;2025;03;Porto;Vila Nova de Gaia;Sandim, Olival, Lever e Crestuma;ACC;1;13;1317;131729
2025-03;2025;03;Leiria;Pombal;Santiago e S. Simão de Litém e Albergaria dos Doze;ACC;1;10;1015;101519
2025-03;2025;03;Porto;Matosinhos;Matosinhos e Leça da Palmeira;ACC;1;13;1308;130812
2023-09;2023;09;Santarém;Ourém;Nossa Senhora da Piedade;ACC;1;14;1421;142115
2025-04;2025;04;Santarém;Ourém;Fátima;ACC;1;14;1421;142106
2024-04;2024;04;Porto;Porto;Paranhos;ACC;1;13;1312;131210
2024-09;2024;09;Leiria;Peniche;Peniche;ACC;1;10;1014;101407
2024-04;2024;04;Santarém;Santarém;Pernes;ACC;1;14;1416;141614
2024-04;2024;04;Viana do Castelo;Viana do Castelo;São Romão de Neiva;ACC;1;16;1609;160923
2024-09;2024;09;Braga;Guimarães;Atães e Rendufe;ACC;1;03;0308;030878
2025-04;2025;04;Leiria;Figueiró dos Vinhos;Figueiró dos Vinhos e Bairradas;ACC;1;10;1008;100806
2024-09;2024;09;Lisboa;Sintra;Queluz e Belas;ACC;2;11;1111;111126
2025-04;2025;04;Lisboa;Sintra;Queluz e Belas;ACC;2;11;1111;111126
2024-09;2024;09;Aveiro;Águeda;Recardães e Espinhel;ACC;1;01;0101;010124
2024-09;2024;09;Braga;Cabeceiras de Basto;Refojos de Basto, Outeiro e Painzela;ACC;1;03;0304;030421
2022-09;2022;09;Viseu;Tondela;Guardão;ACC;1;18;1821;182108
2023-09;2023;09;Braga;Braga;Palmeira;CER;1;03;0303;030331
2024-08;2024;08;Porto;Vila do Conde;Guilhabreu;ACC;1;13;1316;131611
2024-09;2024;09;Porto;Paços de Ferreira;Paços de Ferreira;ACC;1;13;1309;130918
2025-04;2025;04;Porto;Paços de Ferreira;Paços de Ferreira;ACC;1;13;1309;130918
2024-09;2024;09;Leiria;Pombal;Pelariga;ACC;1;10;1015;101508
2024-09;2024;09;Braga;Póvoa de Lanhoso;Póvoa de Lanhoso (Nossa Senhora do Amparo);ACC;1;03;0309;030919
2025-04;2025;04;Braga;Póvoa de Lanhoso;Póvoa de Lanhoso (Nossa Senhora do Amparo);ACC;1;03;0309;030919
2024-09;2024;09;Porto;Vila Nova de Gaia;São Félix da Marinha;ACC;1;13;1317;131717
2024-09;2024;09;Braga;Vila Verde;Turiz;ACC;1;03;0313;031354
2024-09;2024;09;Aveiro;Águeda;Águeda e Borralha;ACC;1;01;0101;010121
2024-09;2024;09;Aveiro;Santa Maria da Feira;Caldas de São Jorge e de Pigeiros;ACC;1;01;0109;010932
2024-09;2024;09;Lisboa;Loures;Camarate, Unhos e Apelação;ACC;1;11;1107;110731
2024-09;2024;09;Évora;Évora;Malagueira e Horta das Figueiras;ACC;3;07;0705;070524
2024-04;2024;04;Braga;Guimarães;Oliveira, São Paio e São Sebastião;ACC;1;03;0308;030884
2023-09;2023;09;Santarém;Tomar;São João Baptista e Santa Maria dos Olivais;ACC;1;14;1418;141821
2023-08;2023;08;Santarém;Tomar;São João Baptista e Santa Maria dos Olivais;ACC;1;14;1418;141821
2023-09;2023;09;Porto;Felgueiras;Vila Verde e Santão;ACC;1;13;1303;130341
2024-09;2024;09;Lisboa;Lisboa;Alcântara;ACC;1;11;1106;110602
2025-04;2025;04;Porto;Valongo;Alfena;ACC;1;13;1315;131501
2024-08;2024;08;Porto;Valongo;Alfena;ACC;1;13;1315;131501
2024-09;2024;09;Lisboa;Oeiras;Barcarena;ACC;1;11;1110;111002
2025-04;2025;04;Braga;Vila Nova de Famalicão;Joane;ACC;1;03;0312;031219
2024-09;2024;09;Guarda;Sabugal;Sabugal e Aldeia de Santo António;ACC;1;09;0911;091145
2024-04;2024;04;Lisboa;Loures;Santo Antão e São Julião do Tojal;ACC;1;11;1107;110729
2025-04;2025;04;Porto;Santo Tirso;St. Tirso, Couto (S. Cristina e S. Miguel) e Burgães;ACC;2;13;1314;131437
2024-09;2024;09;Setúbal;Seixal;Seixal, Arrentela e Aldeia de Paio Pires;ACC;3;15;1510;151007
2024-08;2024;08;Braga;Vila Nova de Famalicão;Requião;ACC;1;03;0312;031233
2024-04;2024;04;Braga;Esposende;Apúlia e Fão;ACC;1;03;0306;030616
2024-04;2024;04;Leiria;Pombal;Pombal;ACC;1;10;1015;101509
2024-08;2024;08;Aveiro;Albergaria-a-Velha;Albergaria-a-Velha e Valmaior;ACC;1;01;0102;010209
2025-04;2025;04;Aveiro;Santa Maria da Feira;Mozelos;ACC;1;01;0109;010916
2025-04;2025;04;Aveiro;Aveiro;Esgueira;ACC;2;01;0105;010505
2025-04;2025;04;Aveiro;Oliveira de Azeméis;O. Azeméis, Riba-Ul, Ul, Macinhata da Seixa, Madail;ACC;2;01;0113;011321
2025-04;2025;04;Leiria;Caldas da Rainha;Nadadouro;ACC;1;10;1006;100608
2025-04;2025;04;Santarém;Ourém;Caxarias;ACC;1;14;1421;142104
2024-08;2024;08;Santarém;Salvaterra de Magos;Muge;ACC;1;14;1415;141503
2024-08;2024;08;Santarém;Alcanena;Alcanena e Vila Moreira;ACC;1;14;1402;140211
2025-04;2025;04;Coimbra;Montemor-o-Velho;Montemor-o-Velho e Gatões;ACC;1;06;0610;061016
2025-04;2025;04;Braga;Guimarães;Ponte;ACC;1;03;0308;030838
2024-04;2024;04;Braga;Vila Verde;Esqueiros, Nevogilde e Travassós;ACC;1;03;0313;031363
2024-08;2024;08;Braga;Braga;Sequeira;ACC;1;03;0303;030354
2025-04;2025;04;Lisboa;Amadora;Venteira;ACC;1;11;1115;111517
2025-04;2025;04;Lisboa;Lisboa;Santa Maria Maior;ACC;1;11;1106;110665
2025-04;2025;04;Porto;Vila Nova de Gaia;Sandim, Olival, Lever e Crestuma;ACC;1;13;1317;131729
2025-04;2025;04;Porto;Póvoa de Varzim;Laundos;ACC;1;13;1313;131308
2025-04;2025;04;Porto;Póvoa de Varzim;Aguçadoura e Navais;ACC;1;13;1313;131314
2025-08;2025;08;Porto;Paredes;Paredes;ACC;1;13;1310;131025
2025-08;2025;08;Porto;Amarante;Telões;ACC;1;13;1301;130135
2025-04;2025;04;Viseu;Tondela;Guardão;ACC;1;18;1821;182108
2023-08;2023;08;Viseu;Tondela;Guardão;ACC;1;18;1821;182108
2024-12;2024;12;Viseu;Tondela;Guardão;ACC;1;18;1821;182108
2025-04;2025;04;Viseu;Tarouca;Tarouca e Dálvares;ACC;1;18;1820;182013
2025-04;2025;04;Vila Real;Vila Pouca de Aguiar;Sabroso de Aguiar;ACC;1;17;1713;171317
2025-08;2025;08;Bragança;Mirandela;Mascarenhas;ACC;1;04;0407;040720
2024-08;2024;08;Bragança;Bragança;Izeda, Calvelhe e Paradinha Nova;ACC;1;04;0402;040252
2025-08;2025;08;Bragança;Bragança;Izeda, Calvelhe e Paradinha Nova;ACC;1;04;0402;040252
2025-04;2025;04;Bragança;Bragança;Sé, Santa Maria e Meixedo;ACC;1;04;0402;040257
2025-08;2025;08;Bragança;Bragança;Sé, Santa Maria e Meixedo;ACC;1;04;0402;040257
2024-08;2024;08;Braga;Celorico de Basto;Britelo, Gémeos e Ourilhe;ACC;1;03;0305;030523
2024-08;2024;08;Portalegre;Nisa;Espírito Santo, Nossa Senhora da Graça e São Simão;ACC;1;12;1212;121212
2024-08;2024;08;Porto;Porto;Lordelo do Ouro e Massarelos;ACC;2;13;1312;131218
2025-08;2025;08;Lisboa;Oeiras;Barcarena;ACC;2;11;1110;111002
2025-08;2025;08;Braga;Barcelos;Carvalhal;ACC;1;03;0302;030220
2025-08;2025;08;Lisboa;Lisboa;Lumiar;ACC;2;11;1106;110618
2025-08;2025;08;Porto;Penafiel;Rio de Moinhos;ACC;2;13;1311;131129
2025-08;2025;08;Lisboa;Torres Vedras;Santa Maria, São Pedro e Matacães;ACC;2;11;1113;111326
2025-08;2025;08;Porto;Vila Nova de Gaia;São Félix da Marinha;ACC;1;13;1317;131717
2025-08;2025;08;Lisboa;Cascais;Carcavelos e Parede;ACC;1;11;1105;110507
2025-08;2025;08;Braga;Barcelos;Vila Cova e Feitos;ACC;1;03;0302;0302FH
2025-04;2025;04;Coimbra;Coimbra;Taveiro, Ameal e Arzila;ACC;1;06;0603;060340
2024-08;2024;08;Leiria;Leiria;Leiria, Pousos, Barreira e Cortes;ACC;1;10;1009;100933
2024-08;2024;08;Aveiro;Oliveira de Azeméis;Pinheiro da Bemposta, Travanca e Palmaz;ACC;1;01;0113;011322
2025-08;2025;08;Lisboa;Cadaval;Vilar;ACC;1;11;1104;110410
2025-08;2025;08;Portalegre;Avis;Avis;ACC;1;12;1203;120303
2024-12;2024;12;Leiria;Pombal;Carriço;ACC;1;10;1015;101505
2025-08;2025;08;Santarém;Ourém;Caxarias;ACC;1;14;1421;142104
2025-08;2025;08;Santarém;Mação;Envendos;ACC;1;14;1413;141305
2025-08;2025;08;Faro;Loulé;Loulé (São Sebastião);ACC;1;08;0808;080809
2024-12;2024;12;Faro;Loulé;Loulé (São Sebastião);ACC;1;08;0808;080809
2022-12;2022;12;Santarém;Ourém;Nossa Senhora da Piedade;ACC;1;14;1421;142115
2025-08;2025;08;Leiria;Peniche;Peniche;ACC;1;10;1014;101407
2025-08;2025;08;Aveiro;Águeda;Águeda e Borralha;ACC;1;01;0101;010121
2025-08;2025;08;Setúbal;Setúbal;Azeitão (São Lourenço e São Simão);ACC;2;15;1512;151209
2024-12;2024;12;Setúbal;Seixal;Corroios;ACC;5;15;1510;151005
2024-12;2024;12;Setúbal;Seixal;Fernão Ferro;ACC;1;15;1510;151006
2024-12;2024;12;Leiria;Marinha Grande;Marinha Grande;ACC;3;10;1010;101001
2024-12;2024;12;Bragança;Miranda do douro;Miranda do Douro;ACC;1;04;0406;040608
2025-04;2025;04;Porto;Valongo;Ermesinde;ACC;3;13;1315;131503
2024-12;2024;12;Coimbra;Cantanhede;Febres;ACC;1;06;0602;060207
2024-12;2024;12;Aveiro;Santa Maria da Feira;Paços de Brandão;ACC;1;01;0109;010919
2024-09;2024;09;Porto;Porto;Campanhã;ACC;2;13;1312;131203
2024-12;2024;12;Coimbra;Penacova;Figueira de Lorvão;ACC;1;06;0613;061302
2025-04;2025;04;Coimbra;Penacova;Lorvão;ACC;1;06;0613;061304
2024-12;2024;12;Coimbra;Penacova;Lorvão;ACC;1;06;0613;061304
2024-09;2024;09;Santarém;Torres Novas;Meia Via;ACC;1;14;1419;141917
2024-08;2024;08;Santarém;Torres Novas;Meia Via;ACC;1;14;1419;141917
2024-04;2024;04;Setúbal;Palmela;Palmela;ACC;2;15;1508;150802
2025-04;2025;04;Setúbal;Palmela;Palmela;ACC;2;15;1508;150802
2024-09;2024;09;Lisboa;Loures;Santa Iria de Azoia, São João da Talha e Bobadela;ACC;2;11;1107;110728
2025-04;2025;04;Braga;Barcelos;Barcelos, V. Boa, V. Frescainha;ACC;2;03;0302;030293
2024-12;2024;12;Leiria;Alcobaça;Aljubarrota;ACC;1;10;1001;100120
2024-09;2024;09;Santarém;Almeirim;Almeirim;ACC;1;14;1403;140301
2024-04;2024;04;Santarém;Almeirim;Almeirim;ACC;1;14;1403;140301
2024-08;2024;08;Faro;Aljezur;Bordeira;ACC;1;08;0803;080302
2024-12;2024;12;Faro;Aljezur;Bordeira;ACC;1;08;0803;080302
2024-09;2024;09;Coimbra;Coimbra;São Martinho do Bispo e Ribeira de Frades;ACC;1;06;0603;060338
2025-04;2025;04;Coimbra;Coimbra;São Martinho do Bispo e Ribeira de Frades;ACC;1;06;0603;060338
2025-04;2025;04;Leiria;Caldas da Rainha;Tornada e Salir do Porto;ACC;2;10;1006;100619
2025-08;2025;08;Leiria;Caldas da Rainha;Tornada e Salir do Porto;ACC;2;10;1006;100619
2024-09;2024;09;Faro;Vila Real de Santo António;Vila Real de Santo António;ACC;1;08;0816;081602
2025-08;2025;08;Faro;Vila Real de Santo António;Vila Real de Santo António;ACC;1;08;0816;081602
2024-08;2024;08;Setúbal;Moita;Moita;ACC;1;15;1506;150603
2024-12;2024;12;Setúbal;Moita;Moita;ACC;1;15;1506;150603
2025-04;2025;04;Setúbal;Palmela;Poceirão e Marateca;ACC;1;15;1508;150806
2025-04;2025;04;Setúbal;Grândola;Grândola e Santa Margarida da Serra;ACC;2;15;1505;150506
2025-04;2025;04;Aveiro;Albergaria-a-Velha;Branca;ACC;1;01;0102;010204
2025-04;2025;04;Aveiro;Espinho;Paramos;ACC;1;01;0107;010704
2024-12;2024;12;Faro;Loulé;Loulé (São Clemente);ACC;1;08;0808;080808
2025-08;2025;08;Faro;Silves;São Bartolomeu de Messines;ACC;1;08;0813;081305
2025-04;2025;04;Braga;Barcelos;Arcozelo;ACC;1;03;0302;030209
2025-04;2025;04;Lisboa;Cascais;Alcabideche;ACC;1;11;1105;110501
2025-08;2025;08;Lisboa;Sintra;S. Maria, S. Miguel, S. Martinho e S. Pedro de Penaferrim;ACC;3;11;1111;111128
2025-04;2025;04;Lisboa;Vila Franca de Xira;Castanheira do Ribatejo e Cachoeiras;ACC;1;11;1114;111414
2024-08;2024;08;Porto;Vila do Conde;Árvore;ACC;2;13;1316;131602
2025-08;2025;08;Porto;Vila do Conde;Árvore;ACC;2;13;1316;131602
2025-04;2025;04;Beja;Aljustrel;São João de Negrilhos;ACC;1;02;0201;020104
2025-08;2025;08;Coimbra;Góis;Alvares;ACC;1;06;0606;060601
2025-08;2025;08;Lisboa;Lisboa;São Domingos de Benfica;ACC;2;11;1106;110639
2025-08;2025;08;Porto;Vila do Conde;Vila do Conde;ACC;2;13;1316;131628
2025-08;2025;08;Coimbra;Condeixa-a-Nova;Condeixa-a-Velha e Condeixa-a-Nova;ACC;1;06;0604;060411
2024-08;2024;08;Aveiro;Estarreja;Beduído e Veiros;ACC;1;01;0108;010808
2025-08;2025;08;Aveiro;Estarreja;Beduído e Veiros;ACC;1;01;0108;010808
2024-08;2024;08;Braga;Braga;Celeirós, Aveleda e Vimieiro;ACC;1;03;0303;030367
2025-08;2025;08;Aveiro;Murtosa;Bunheiro;ACC;1;01;0112;011201
2025-08;2025;08;Lisboa;Cadaval;Cadaval e Pêro Moniz;ACC;1;11;1104;110411
2024-12;2024;12;Aveiro;Santa Maria da Feira;Milheirós de Poiares;ACC;1;01;0109;010914
2024-12;2024;12;Braga;Braga;Palmeira;ACC;1;03;0303;030331
2024-12;2024;12;Braga;Braga;Palmeira;CER;1;03;0303;030331
2025-02;2025;02;Braga;Braga;Palmeira;CER;1;03;0303;030331
2024-01;2024;01;Braga;Braga;Palmeira;CER;1;03;0303;030331
2024-12;2024;12;Aveiro;Espinho;Paramos;ACC;1;01;0107;010704
2024-12;2024;12;Setúbal;Setúbal;Sado;ACC;1;15;1512;151208
2024-12;2024;12;Faro;Lagoa;Estômbar e Parchal;ACC;1;08;0806;080607
2024-12;2024;12;Évora;Estremoz;Estremoz (Santa Maria e Santo André);ACC;1;07;0704;070414
2025-01;2025;01;Évora;Estremoz;Estremoz (Santa Maria e Santo André);ACC;1;07;0704;070414
2024-12;2024;12;Setúbal;Grândola;Grândola e Santa Margarida da Serra;ACC;2;15;1505;150506
2025-01;2025;01;Setúbal;Grândola;Grândola e Santa Margarida da Serra;ACC;2;15;1505;150506
2024-12;2024;12;Aveiro;Oliveira de Azeméis;Pinheiro da Bemposta, Travanca e Palmaz;ACC;1;01;0113;011322
2024-12;2024;12;Guarda;Sabugal;Sabugal e Aldeia de Santo António;ACC;1;09;0911;091145
2024-12;2024;12;Lisboa;Loures;Santo António dos Cavaleiros e Frielas;ACC;1;11;1107;110730
2024-12;2024;12;Porto;Santo Tirso;St. Tirso, Couto (S. Cristina e S. Miguel) e Burgães;ACC;2;13;1314;131437
2024-12;2024;12;Braga;Guimarães;Selho São Lourenço e Gominhães;ACC;1;03;0308;030888
2024-12;2024;12;Coimbra;Coimbra;São Martinho do Bispo e Ribeira de Frades;ACC;1;06;0603;060338
2024-02;2024;02;Santarém;Tomar;São João Baptista e Santa Maria dos Olivais;ACC;1;14;1418;141821
2024-12;2024;12;Aveiro;Águeda;Trofa, Segadães e Lamas do Vouga;ACC;1;01;0101;010126
2024-12;2024;12;Porto;Felgueiras;Vila Verde e Santão;ACC;1;13;1303;130341
2024-02;2024;02;Porto;Felgueiras;Vila Verde e Santão;ACC;1;13;1303;130341
2024-12;2024;12;Braga;Vila Nova de Famalicão;Vila Nova de Famalicão e Calendário;ACC;3;03;0312;031260
2024-12;2024;12;Viana do Castelo;Arcos de Valdevez;Vale;ACC;1;16;1601;160149
2024-12;2024;12;Santarém;Cartaxo;Vila Chã de Ourique;ACC;1;14;1406;140607
2024-12;2024;12;Castelo Branco;Vila de Rei;Vila de Rei;ACC;1;05;0510;051003
2024-12;2024;12;Porto;Vila do Conde;Vilar de Pinheiro;ACC;1;13;1316;131630
2024-12;2024;12;Faro;Vila Real de Santo António;Vila Real de Santo António;ACC;1;08;0816;081602
2024-02;2024;02;Viseu;Tondela;Guardão;ACC;1;18;1821;182108
2022-07;2022;07;Bragança;Miranda do douro;Miranda do Douro;ACC;1;04;0406;040608
2023-02;2023;02;Castelo Branco;Fundão;Fundão, Valverde, Donas, A. Joanes, A. Nova do Cabo;ACC;1;05;0504;050434
2024-01;2024;01;Santarém;Alcanena;Alcanena e Vila Moreira;ACC;1;14;1402;140211
2025-01;2025;01;Santarém;Alcanena;Alcanena e Vila Moreira;ACC;1;14;1402;140211
2025-02;2025;02;Coimbra;Cantanhede;Febres;ACC;1;06;0602;060207
2025-02;2025;02;Santarém;Torres Novas;Meia Via;ACC;1;14;1419;141917
2025-01;2025;01;Aveiro;Santa Maria da Feira;Milheirós de Poiares;ACC;1;01;0109;010914
2025-02;2025;02;Leiria;Peniche;Peniche;ACC;1;10;1014;101407
2025-02;2025;02;Aveiro;Santa Maria da Feira;Santa Maria de Lamas;ACC;1;01;0109;010925
2025-01;2025;01;Aveiro;Santa Maria da Feira;Santa Maria de Lamas;ACC;1;01;0109;010925
2025-02;2025;02;Coimbra;Condeixa-a-Nova;Condeixa-a-Velha e Condeixa-a-Nova;ACC;1;06;0604;060411
2024-12;2024;12;Lisboa;Cascais;Alcabideche;ACC;1;11;1105;110501
2024-12;2024;12;Lisboa;Amadora;Alfragide;ACC;1;11;1115;111512
2024-12;2024;12;Coimbra;Góis;Alvares;ACC;1;06;0606;060601
2024-07;2024;07;Braga;Barcelos;Alvelos;ACC;1;03;0302;030208
2024-12;2024;12;Porto;Vila do Conde;Árvore;ACC;2;13;1316;131602
2025-02;2025;02;Porto;Vila do Conde;Árvore;ACC;2;13;1316;131602
2024-12;2024;12;Porto;Vila do Conde;Aveleda;ACC;1;13;1316;131603
2025-02;2025;02;Porto;Vila do Conde;Aveleda;ACC;1;13;1316;131603
2024-07;2024;07;Porto;Vila do Conde;Aveleda;ACC;1;13;1316;131603
2024-12;2024;12;Lisboa;Lisboa;Avenidas Novas;ACC;1;11;1106;110657
2025-02;2025;02;Lisboa;Lisboa;Avenidas Novas;ACC;1;11;1106;110657
2025-02;2025;02;Porto;Marco de Canaveses;Bem Viver;ACC;1;13;1307;130734
2024-12;2024;12;Lisboa;Loures;Bucelas;ACC;1;11;1107;110702
2024-12;2024;12;Porto;Porto;Campanhã;ACC;2;13;1312;131203
2024-12;2024;12;Braga;Barcelos;Carvalhal;ACC;1;03;0302;030220
2025-01;2025;01;Braga;Barcelos;Carvalhal;ACC;1;03;0302;030220
2025-01;2025;01;Porto;Maia;Castêlo da Maia;ACC;2;13;1306;130618
2025-01;2025;01;Braga;Fafe;Fafe;ACC;1;03;0307;030709
2024-07;2024;07;Braga;Fafe;Fafe;ACC;1;03;0307;030709
2024-12;2024;12;Porto;Paços de Ferreira;Ferreira;ACC;1;13;1309;130905
2024-12;2024;12;Castelo Branco;Idanha-a-Nova;Ladoeiro;ACC;1;05;0505;050505
2024-12;2024;12;Braga;Barcelos;Manhente;ACC;1;03;0302;030245
2024-12;2024;12;Braga;Guimarães;Polvoreira;ACC;2;03;0308;030837
2025-01;2025;01;Lisboa;Torres Vedras;Ponte do Rol;ACC;1;11;1113;111310
2024-12;2024;12;Viseu;Viseu;Rio de Loba;ACC;2;18;1823;182323
2025-02;2025;02;Lisboa;Sintra;Rio de Mouro;ACC;3;11;1111;111108
2024-12;2024;12;Lisboa;Torres Vedras;Santa Maria, São Pedro e Matacães;ACC;1;11;1113;111326
2024-12;2024;12;Viana do Castelo;Viana do Castelo;Santa Marta de Portuzelo;ACC;1;16;1609;160928
2024-12;2024;12;Lisboa;Lisboa;São Domingos de Benfica;ACC;1;11;1106;110639
2024-12;2024;12;Porto;Vila Nova de Gaia;São Félix da Marinha;ACC;1;13;1317;131717
2024-12;2024;12;Braga;Braga;Sequeira;ACC;1;03;0303;030354
2025-01;2025;01;Braga;Braga;Sequeira;ACC;1;03;0303;030354
2025-02;2025;02;Lisboa;Sobral de Monte Agraço;Sobral de Monte Agraço;ACC;1;11;1112;111203
2024-12;2024;12;Porto;Amarante;Telões;ACC;1;13;1301;130135
2024-12;2024;12;Braga;Vila Verde;Turiz;ACC;1;03;0313;031354
2024-02;2024;02;Braga;Vila Verde;Turiz;ACC;1;03;0313;031354
2025-02;2025;02;Porto;Porto;Aldoar, Foz do Douro e Nevogilde;ACC;1;13;1312;131216
2025-02;2025;02;Lisboa;Alenquer;Alenquer (Santo Estêvão e Triana);ACC;1;11;1101;110119
2024-12;2024;12;Lisboa;Oeiras;Algés, Linda-a-Velha e Cruz Quebrada-Dafundo;ACC;1;11;1110;111012
2024-12;2024;12;Braga;Barcelos;Barcelos, V. Boa, V. Frescainha;ACC;1;03;0302;030293
2024-12;2024;12;Braga;Guimarães;Candoso São Tiago e Mascotelos;ACC;1;03;0308;030881
2025-02;2025;02;Lisboa;Vila Franca de Xira;Castanheira do Ribatejo e Cachoeiras;ACC;1;11;1114;111414
2024-12;2024;12;Portalegre;Nisa;Espírito Santo, Nossa Senhora da Graça e São Simão;ACC;1;12;1212;121212
2024-12;2024;12;Braga;Esposende;Esposende, Marinhas e Gandra;ACC;3;03;0306;030618
2024-12;2024;12;Porto;Gondomar;Fânzeres e São Pedro da Cova;ACC;2;13;1304;130413
2024-12;2024;12;Bragança;Bragança;Izeda, Calvelhe e Paradinha Nova;ACC;1;04;0402;040252
2024-12;2024;12;Porto;Vila Nova de Gaia;Mafamude e Vilar do Paraíso;ACC;2;13;1317;131727
2025-01;2025;01;Porto;Vila Nova de Gaia;Mafamude e Vilar do Paraíso;ACC;2;13;1317;131727
2024-12;2024;12;Vila Real;Peso da Régua;Poiares e Canelas;ACC;1;17;1708;170816
2024-12;2024;12;Porto;Póvoa de Varzim;Póvoa de Varzim, Beiriz e Argivai;ACC;1;13;1313;131315
2025-01;2025;01;Portalegre;Avis;Avis;ACC;1;12;1203;120303
2024-01;2024;01;Porto;Valongo;Ermesinde;ACC;1;13;1315;131503
2025-01;2025;01;Faro;Aljezur;Bordeira;ACC;1;08;0803;080302
2025-01;2025;01;Santarém;Mação;Envendos;ACC;1;14;1413;141305
2025-01;2025;01;Porto;Paredes;Paredes;ACC;1;13;1310;131025
2025-01;2025;01;Lisboa;Lisboa;Parque das Nações;ACC;1;11;1106;110662
2025-01;2025;01;Porto;Porto;Ramalde;ACC;1;13;1312;131211
2025-01;2025;01;Porto;Trofa;Bougado (São Martinho e Santiago);ACC;1;13;1318;131810
2025-01;2025;01;Porto;Porto;Lordelo do Ouro e Massarelos;ACC;2;13;1312;131218
2023-07;2023;07;Lisboa;Lisboa;Lumiar;ACC;1;11;1106;110618
2024-07;2024;07;Coimbra;Penacova;Lorvão;ACC;1;06;0613;061304
2025-02;2025;02;Coimbra;Montemor-o-Velho;Montemor-o-Velho e Gatões;ACC;1;06;0610;061016
2024-07;2024;07;Lisboa;Loures;Sacavém e Prior Velho;ACC;2;11;1107;110727
2025-02;2025;02;Porto;Vila Nova de Gaia;Sandim, Olival, Lever e Crestuma;ACC;1;13;1317;131729
2024-01;2024;01;Porto;Santo Tirso;St. Tirso, Couto (S. Cristina e S. Miguel) e Burgães;ACC;1;13;1314;131437
2025-02;2025;02;Bragança;Bragança;Sé, Santa Maria e Meixedo;ACC;1;04;0402;040257
2025-07;2025;07;Viseu;Tarouca;Tarouca e Dálvares;ACC;1;18;1820;182013
2024-01;2024;01;Santarém;Tomar;São João Baptista e Santa Maria dos Olivais;ACC;1;14;1418;141821
2025-07;2025;07;Aveiro;Águeda;Trofa, Segadães e Lamas do Vouga;ACC;1;01;0101;010126
2025-01;2025;01;Braga;Barcelos;Vila Cova e Feitos;ACC;1;03;0302;0302FH
2025-07;2025;07;Viana do Castelo;Arcos de Valdevez;Vale;ACC;1;16;1601;160149
2025-01;2025;01;Braga;Vila Nova de Famalicão;Vale (São Martinho);ACC;1;03;0312;031241
2025-02;2025;02;Lisboa;Amadora;Venteira;ACC;1;11;1115;111517
2025-07;2025;07;Porto;Santo Tirso;Água Longa;ACC;1;13;1314;131402
2024-07;2024;07;Santarém;Almeirim;Almeirim;ACC;1;14;1403;140301
2024-06;2024;06;Santarém;Almeirim;Almeirim;ACC;1;14;1403;140301
2024-07;2024;07;Braga;Braga;Palmeira;ACC;1;03;0303;030331
2024-07;2024;07;Porto;Trofa;Bougado (São Martinho e Santiago);ACC;1;13;1318;131810
2024-07;2024;07;Bragança;Bragança;Izeda, Calvelhe e Paradinha Nova;ACC;1;04;0402;040252
2025-07;2025;07;Bragança;Bragança;Izeda, Calvelhe e Paradinha Nova;ACC;1;04;0402;040252
2024-07;2024;07;Leiria;Leiria;Leiria, Pousos, Barreira e Cortes;ACC;1;10;1009;100933
2025-07;2025;07;Porto;Gondomar;Baguim do Monte (Rio Tinto);ACC;3;13;1304;130412
2025-07;2025;07;Porto;Porto;Campanhã;ACC;2;13;1312;131203
2025-07;2025;07;Porto;Vila Nova de Gaia;Canidelo;ACC;1;13;1317;131704
2025-07;2025;07;Porto;Maia;Castêlo da Maia;ACC;3;13;1306;130618
2025-06;2025;06;Lisboa;Lisboa;Lumiar;CER;1;11;1106;110618
2025-07;2025;07;Braga;Braga;Merelim (São Paio), Panoias e Parada de Tibães;ACC;1;03;0303;030374
2025-07;2025;07;Vila Real;Peso da Régua;Poiares e Canelas;ACC;1;17;1708;170816
2025-07;2025;07;Lisboa;Odivelas;Pontinha e Famões;ACC;2;11;1116;111608
2025-07;2025;07;Coimbra;Coimbra;Santa Clara e Castelo Viegas;ACC;1;06;0603;060336
2025-07;2025;07;Lisboa;Loures;Santo António dos Cavaleiros e Frielas;ACC;1;11;1107;110730
2024-07;2024;07;Leiria;Marinha Grande;Marinha Grande;ACC;4;10;1010;101001
2024-07;2024;07;Santarém;Torres Novas;Meia Via;ACC;1;14;1419;141917
2024-06;2024;06;Porto;Maia;Moreira;ACC;1;13;1306;130609
2025-07;2025;07;Lisboa;Torres Vedras;Santa Maria, São Pedro e Matacães;ACC;1;11;1113;111326
2024-07;2024;07;Faro;Silves;São Bartolomeu de Messines;ACC;1;08;0813;081305
2024-07;2024;07;Lisboa;Lisboa;São Domingos de Benfica;ACC;1;11;1106;110639
2025-07;2025;07;Lisboa;Oeiras;Barcarena;ACC;2;11;1110;111002
2025-07;2025;07;Porto;Póvoa de Varzim;AVer-o-Mar, Amorim e Terroso;ACC;1;13;1313;131313
2025-07;2025;07;Viseu;Tondela;Tondela e Nandufe;ACC;1;18;1821;182132
2024-12;2024;12;Leiria;Pombal;Pelariga;ACC;1;10;1015;101508
2024-12;2024;12;Santarém;Santarém;Pernes;ACC;1;14;1416;141614
2024-12;2024;12;Coimbra;Coimbra;Santo António dos Olivais;ACC;2;06;0603;060318
2024-12;2024;12;Leiria;Figueiró dos Vinhos;Figueiró dos Vinhos e Bairradas;ACC;1;10;1008;100806
2024-12;2024;12;Setúbal;Almada;Laranjeiro e Feijó;ACC;3;15;1503;150315
2025-07;2025;07;Setúbal;Almada;Laranjeiro e Feijó;ACC;3;15;1503;150315
2024-12;2024;12;Évora;Évora;Malagueira e Horta das Figueiras;ACC;4;07;0705;070524
2024-12;2024;12;Leiria;Leiria;Monte Redondo e Carreira;ACC;1;10;1009;100936
2024-12;2024;12;Aveiro;Oliveira de Azeméis;O. Azeméis, Riba-Ul, Ul, Macinhata da Seixa, Madail;ACC;2;01;0113;011321
2025-02;2025;02;Aveiro;Oliveira de Azeméis;O. Azeméis, Riba-Ul, Ul, Macinhata da Seixa, Madail;ACC;2;01;0113;011321
2024-12;2024;12;Braga;Cabeceiras de Basto;Refojos de Basto, Outeiro e Painzela;ACC;1;03;0304;030421
2024-12;2024;12;Lisboa;Loures;Santo Antão e São Julião do Tojal;ACC;2;11;1107;110729
2024-01;2024;01;Lisboa;Loures;Santo Antão e São Julião do Tojal;ACC;1;11;1107;110729
2024-12;2024;12;Setúbal;Seixal;Seixal, Arrentela e Aldeia de Paio Pires;ACC;3;15;1510;151007
2024-12;2024;12;Setúbal;Setúbal;S. Julião, N. S. da Anunciada e S. Maria da Graça;ACC;2;15;1512;151210
2024-12;2024;12;Faro;Tavira;Tavira (Santa Maria e Santiago);ACC;1;08;0814;081412
2025-07;2025;07;Faro;Tavira;Tavira (Santa Maria e Santiago);ACC;1;08;0814;081412
2024-12;2024;12;Braga;Barcelos;Várzea;ACC;1;03;0302;030283
2024-01;2024;01;Braga;Barcelos;Várzea;ACC;1;03;0302;030283
2024-12;2024;12;Évora;Vendas Novas;Vendas Novas;ACC;1;07;0712;071201
2025-01;2025;01;Faro;Portimão;Alvor;ACC;1;08;0811;081101
2025-07;2025;07;Faro;Portimão;Alvor;ACC;1;08;0811;081101
2025-02;2025;02;Portalegre;Elvas;Assunção, Ajuda, Salvador e Santo Ildefonso;ACC;1;12;1207;120712
2025-01;2025;01;Portalegre;Elvas;Assunção, Ajuda, Salvador e Santo Ildefonso;ACC;1;12;1207;120712
2025-01;2025;01;Santarém;Cartaxo;Pontével;ACC;1;14;1406;140604
2025-02;2025;02;Coimbra;Tábua;Tábua;ACC;2;06;0616;061614
2025-02;2025;02;Leiria;Bombarral;Bombarral e Vale Covo;ACC;1;10;1005;100506
2025-02;2025;02;Porto;Valongo;Alfena;ACC;1;13;1315;131501
2024-12;2024;12;Lisboa;Sintra;Algueirão-Mem Martins;ACC;1;11;1111;111102
2024-12;2024;12;Coimbra;Figueira da Foz;Alqueidão;ACC;1;06;0605;060502
2024-07;2024;07;Coimbra;Figueira da Foz;Alqueidão;ACC;1;06;0605;060502
2025-02;2025;02;Lisboa;Arruda dos Vinhos;Arruda dos Vinhos;ACC;2;11;1102;110202
2024-12;2024;12;Lisboa;Azambuja;Azambuja;ACC;1;11;1103;110304
2024-12;2024;12;Coimbra;Montemor-o-Velho;Carapinheira;ACC;1;06;0610;061003
2024-12;2024;12;Vila Real;Vila Real;Folhadela;ACC;1;17;1714;171409
2025-01;2025;01;Vila Real;Vila Real;Folhadela;ACC;1;17;1714;171409
2025-07;2025;07;Vila Real;Vila Real;Folhadela;ACC;1;17;1714;171409
2024-12;2024;12;Braga;Vila Verde;Gême;ACC;1;03;0313;031317
2025-02;2025;02;Braga;Vila Verde;Gême;ACC;1;03;0313;031317
2025-02;2025;02;Braga;Vila Nova de Famalicão;Joane;ACC;1;03;0312;031219
2024-12;2024;12;Lisboa;Amadora;Mina de Água;ACC;1;11;1115;111516
2024-12;2024;12;Porto;Porto;Paranhos;ACC;1;13;1312;131210
2024-12;2024;12;Braga;Barcelos;Pousa;ACC;1;03;0302;030261
2025-02;2025;02;Braga;Póvoa de Lanhoso;Póvoa de Lanhoso (Nossa Senhora do Amparo);ACC;1;03;0309;030919
2024-02;2024;02;Braga;Vila Nova de Famalicão;Requião;ACC;1;03;0312;031233
2024-12;2024;12;Braga;Guimarães;Sande (São Martinho);ACC;1;03;0308;030858
2024-12;2024;12;Lisboa;Torres Vedras;São Pedro da Cadeira;ACC;2;11;1113;111314
2024-07;2024;07;Lisboa;Torres Vedras;São Pedro da Cadeira;ACC;2;11;1113;111314
2025-07;2025;07;Lisboa;Torres Vedras;São Pedro da Cadeira;ACC;2;11;1113;111314
2024-12;2024;12;Braga;Esposende;Apúlia e Fão;ACC;1;03;0306;030616
2024-12;2024;12;Lisboa;Loures;Camarate, Unhos e Apelação;ACC;1;11;1107;110731
2025-02;2025;02;Lisboa;Oeiras;Carnaxide e Queijas;ACC;2;11;1110;111013
2024-12;2024;12;Braga;Braga;Este (São Pedro e São Mamede);ACC;1;03;0303;030370
2024-01;2024;01;Braga;Braga;Este (São Pedro e São Mamede);ACC;1;03;0303;030370
2025-01;2025;01;Braga;Braga;Este (São Pedro e São Mamede);ACC;1;03;0303;030370
2024-12;2024;12;Porto;Lousada;Figueiras e Covas;ACC;1;13;1305;130529
2025-02;2025;02;Porto;Lousada;Figueiras e Covas;ACC;1;13;1305;130529
2025-07;2025;07;Porto;Lousada;Figueiras e Covas;ACC;1;13;1305;130529
2024-12;2024;12;Porto;Felgueiras;Margaride, Várzea, Lagares, Varziela e Moure;ACC;1;13;1303;130335
2025-07;2025;07;Porto;Felgueiras;Margaride, Várzea, Lagares, Varziela e Moure;ACC;1;13;1303;130335
2024-12;2024;12;Braga;Braga;Merelim (São Pedro) e Frossos;ACC;1;03;0303;030375
2024-07;2024;07;Braga;Braga;Merelim (São Pedro) e Frossos;ACC;1;03;0303;030375
2025-02;2025;02;Braga;Guimarães;Oliveira, São Paio e São Sebastião;ACC;2;03;0308;030884
2025-02;2025;02;Viana do Castelo;Monção;Trute;ACC;1;16;1604;160431
2025-01;2025;01;Santarém;Ourém;Atouguia;ACC;1;14;1421;142102
2024-07;2024;07;Aveiro;Anadia;Avelãs de Cima;ACC;1;01;0103;010305
2025-07;2025;07;Lisboa;Lisboa;Beato;ACC;2;11;1106;110607
2025-01;2025;01;Porto;Maia;Cidade da Maia;ACC;1;13;1306;130619
2025-07;2025;07;Aveiro;Ílhavo;Ílhavo (São Salvador);ACC;1;01;0110;011008
2025-07;2025;07;Coimbra;Figueira da Foz;Buarcos e São Julião;ACC;1;06;0605;060520
2024-07;2024;07;Portalegre;Portalegre;Fortios;ACC;1;12;1214;121404
2025-02;2025;02;Leiria;Pombal;Guia, Ilha e Mata Mourisca;ACC;2;10;1015;101518
2025-01;2025;01;Lisboa;Oeiras;Oeiras e S. Julião da Barra, Paço de Arcos e Caxias;ACC;1;11;1110;111014
2025-01;2025;01;Lisboa;Odivelas;Póvoa de Santo Adrião e Olival Basto;ACC;1;11;1116;111609
2024-07;2024;07;Aveiro;Águeda;Recardães e Espinhel;ACC;1;01;0101;010124
2025-07;2025;07;Braga;Braga;Adaúfe;ACC;2;03;0303;030301
2024-07;2024;07;Aveiro;Albergaria-a-Velha;Albergaria-a-Velha e Valmaior;ACC;1;01;0102;010209
2025-07;2025;07;Portalegre;Ponte de Sor;Ponte de Sor, Tramaga e Vale de Açor;ACC;2;12;1213;121308
2024-06;2024;06;Aveiro;Santa Maria da Feira;Argoncilhe;ACC;1;01;0109;010901
2025-07;2025;07;Lisboa;Lisboa;Alcântara;ACC;1;11;1106;110602
2024-06;2024;06;Braga;Vila Nova de Famalicão;Requião;ACC;1;03;0312;031233
2024-06;2024;06;Coimbra;Coimbra;Santo António dos Olivais;ACC;2;06;0603;060318
2024-03;2024;03;Faro;Silves;São Bartolomeu de Messines;ACC;1;08;0813;081305
2025-06;2025;06;Viseu;Sátão;Sátão;ACC;1;18;1817;181710
2024-05;2024;05;Viseu;Sátão;Sátão;ACC;1;18;1817;181710
2025-06;2025;06;Lisboa;Lisboa;Alcântara;ACC;1;11;1106;110602
2024-05;2024;05;Portalegre;Elvas;Assunção, Ajuda, Salvador e Santo Ildefonso;ACC;1;12;1207;120712
2025-05;2025;05;Portalegre;Elvas;Assunção, Ajuda, Salvador e Santo Ildefonso;ACC;1;12;1207;120712
2025-06;2025;06;Portalegre;Avis;Avis;ACC;1;12;1203;120303
2025-06;2025;06;Santarém;Mação;Envendos;ACC;1;14;1413;141305
2025-06;2025;06;Lisboa;Amadora;Mina de Água;ACC;1;11;1115;111516
2025-06;2025;06;Santarém;Ourém;Nossa Senhora da Piedade;ACC;1;14;1421;142115
2024-03;2024;03;Santarém;Ourém;Nossa Senhora da Piedade;ACC;1;14;1421;142115
2025-06;2025;06;Lisboa;Torres Vedras;Ponte do Rol;ACC;1;11;1113;111310
2025-06;2025;06;Setúbal;Setúbal;Sado;ACC;1;15;1512;151208
2025-06;2025;06;Guarda;Sabugal;Souto;ACC;1;09;0911;091134
2025-06;2025;06;Porto;Póvoa de Varzim;AVer-o-Mar, Amorim e Terroso;ACC;1;13;1313;131313
2025-06;2025;06;Setúbal;Setúbal;S. Julião, N. S. da Anunciada e S. Maria da Graça;ACC;2;15;1512;151210
2025-05;2025;05;Viana do Castelo;Arcos de Valdevez;Vale;ACC;1;16;1601;160149
2025-05;2025;05;Braga;Vila Nova de Famalicão;Vale (São Martinho);ACC;1;03;0312;031241
2025-06;2025;06;Braga;Barcelos;Várzea;ACC;1;03;0302;030283
2025-06;2025;06;Aveiro;Oliveira de Azeméis;Vila de Cucujães;ACC;1;01;0113;011319
2025-06;2025;06;Lisboa;Cadaval;Vilar;ACC;1;11;1104;110410
2024-05;2024;05;Bragança;Miranda do douro;Miranda do Douro;ACC;1;04;0406;040608
2025-05;2025;05;Bragança;Miranda do douro;Miranda do Douro;ACC;1;04;0406;040608
2023-05;2023;05;Castelo Branco;Fundão;Fundão, Valverde, Donas, A. Joanes, A. Nova do Cabo;ACC;1;05;0504;050434
2024-03;2024;03;Santarém;Almeirim;Almeirim;ACC;1;14;1403;140301
2024-05;2024;05;Coimbra;Figueira da Foz;Buarcos e São Julião;ACC;1;06;0605;060520
2024-05;2024;05;Porto;Porto;Campanhã;ACC;1;13;1312;131203
2024-05;2024;05;Porto;Porto;Paranhos;ACC;1;13;1312;131210
2024-05;2024;05;Santarém;Cartaxo;Pontével;ACC;1;14;1406;140604
2024-05;2024;05;Lisboa;Lisboa;São Domingos de Benfica;ACC;1;11;1106;110639
2024-06;2024;06;Leiria;Pombal;Carriço;ACC;1;10;1015;101505
2025-06;2025;06;Coimbra;Cantanhede;Febres;ACC;1;06;0602;060207
2025-05;2025;05;Braga;Vila Verde;Gême;ACC;1;03;0313;031317
2025-05;2025;05;Coimbra;Penacova;Lorvão;ACC;1;06;0613;061304
2024-06;2024;06;Braga;Esposende;Apúlia e Fão;ACC;1;03;0306;030616
2025-01;2025;01;Porto;Marco de Canaveses;Marco;ACC;2;13;1307;130736
2025-02;2025;02;Lisboa;Lisboa;Parque das Nações;ACC;2;11;1106;110662
2025-02;2025;02;Viseu;Sátão;Sátão;ACC;1;18;1817;181710
2025-02;2025;02;Porto;Matosinhos;Matosinhos e Leça da Palmeira;ACC;1;13;1308;130812
2024-02;2024;02;Porto;Vila Nova de Gaia;Pedroso e Seixezelo;ACC;1;13;1317;131728
2025-01;2025;01;Lisboa;Lisboa;Belém;ACC;1;11;1106;110658
2025-02;2025;02;Portalegre;Ponte de Sor;Ponte de Sor, Tramaga e Vale de Açor;ACC;2;12;1213;121308
2025-01;2025;01;Lisboa;Amadora;Mina de Água;ACC;1;11;1115;111516
2025-01;2025;01;Braga;Braga;Palmeira;CER;1;03;0303;030331
2023-07;2023;07;Braga;Braga;Palmeira;CER;1;03;0303;030331
2025-01;2025;01;Setúbal;Sesimbra;Quinta do Conde;ACC;1;15;1511;151103
2025-01;2025;01;Viana do Castelo;Viana do Castelo;Santa Marta de Portuzelo;ACC;1;16;1609;160928
2025-01;2025;01;Braga;Barcelos;Barcelos, V. Boa, V. Frescainha;ACC;2;03;0302;030293
2025-01;2025;01;Porto;Vila Nova de Gaia;Grijó e Sermonde;ACC;1;13;1317;131725
2024-07;2024;07;Coimbra;Montemor-o-Velho;Carapinheira;ACC;1;06;0610;061003
2024-07;2024;07;Porto;Vila do Conde;Guilhabreu;ACC;1;13;1316;131611
2024-07;2024;07;Castelo Branco;Idanha-a-Nova;Ladoeiro;ACC;1;05;0505;050505
2025-02;2025;02;Setúbal;Grândola;Grândola e Santa Margarida da Serra;ACC;2;15;1505;150506
2025-02;2025;02;Évora;Évora;Malagueira e Horta das Figueiras;ACC;5;07;0705;070524
2025-02;2025;02;Lisboa;Oeiras;Oeiras e S. Julião da Barra, Paço de Arcos e Caxias;ACC;1;11;1110;111014
2025-01;2025;01;Coimbra;Coimbra;Santa Clara e Castelo Viegas;ACC;1;06;0603;060336
2025-02;2025;02;Coimbra;Coimbra;São Martinho do Bispo e Ribeira de Frades;ACC;1;06;0603;060338
2024-07;2024;07;Coimbra;Coimbra;São Martinho do Bispo e Ribeira de Frades;ACC;1;06;0603;060338
2025-02;2025;02;Faro;Tavira;Tavira (Santa Maria e Santiago);ACC;1;08;0814;081412
2024-07;2024;07;Faro;Tavira;Tavira (Santa Maria e Santiago);ACC;1;08;0814;081412
2025-02;2025;02;Santarém;Tomar;São João Baptista e Santa Maria dos Olivais;ACC;2;14;1418;141821
2024-01;2024;01;Porto;Felgueiras;Vila Verde e Santão;ACC;1;13;1303;130341
2025-01;2025;01;Porto;Felgueiras;Vila Verde e Santão;ACC;1;13;1303;130341
2025-01;2025;01;Viana do Castelo;Arcos de Valdevez;Vale;ACC;1;16;1601;160149
2024-07;2024;07;Viana do Castelo;Arcos de Valdevez;Vale;ACC;1;16;1601;160149
2025-02;2025;02;Braga;Vila Verde;Vila de Prado;ACC;1;03;0313;031342
2025-01;2025;01;Braga;Vila Verde;Vila de Prado;ACC;1;03;0313;031342
2025-07;2025;07;Braga;Vila Verde;Vila de Prado;ACC;1;03;0313;031342
2025-02;2025;02;Castelo Branco;Vila de Rei;Vila de Rei;ACC;1;05;0510;051003
2025-07;2025;07;Porto;Vila do Conde;Vila do Conde;ACC;1;13;1316;131628
2025-02;2025;02;Lisboa;Cadaval;Vilar;ACC;1;11;1104;110410
2024-07;2024;07;Viseu;Viseu;Abraveses;ACC;1;18;1823;182301
2025-07;2025;07;Santarém;Rio Maior;Alcobertas;ACC;1;14;1414;141401
2025-01;2025;01;Leiria;Alcobaça;Aljubarrota;ACC;1;10;1001;100120
2025-07;2025;07;Faro;Loulé;Almancil;ACC;3;08;0808;080801
2024-07;2024;07;Santarém;Benavente;Barrosa;ACC;1;14;1405;140504
2025-07;2025;07;Lisboa;Alenquer;Alenquer (Santo Estêvão e Triana);ACC;1;11;1101;110119
2024-07;2024;07;Braga;Barcelos;Areias de Vilar e Encourados;ACC;1;03;0302;030292
2025-07;2025;07;Braga;Barcelos;Areias de Vilar e Encourados;ACC;1;03;0302;030292
2024-07;2024;07;Braga;Guimarães;Candoso São Tiago e Mascotelos;ACC;1;03;0308;030881
2025-07;2025;07;Évora;Évora;Malagueira e Horta das Figueiras;ACC;5;07;0705;070524
2024-07;2024;07;Évora;Montemor-o-Novo;N. S. da Vila, N. S. do Bispo e Silveiras;ACC;1;07;0706;070612
2025-07;2025;07;Porto;Santo Tirso;St. Tirso, Couto (S. Cristina e S. Miguel) e Burgães;ACC;3;13;1314;131437
2025-07;2025;07;Porto;Valongo;Alfena;ACC;1;13;1315;131501
2025-07;2025;07;Aveiro;Santa Maria da Feira;Argoncilhe;ACC;4;01;0109;010901
2025-07;2025;07;Coimbra;Coimbra;Taveiro, Ameal e Arzila;ACC;1;06;0603;060340
2025-07;2025;07;Braga;Barcelos;Vila Cova e Feitos;ACC;1;03;0302;0302FH
2025-07;2025;07;Faro;Vila Real de Santo António;Vila Real de Santo António;ACC;1;08;0816;081602
2023-06;2023;06;Santarém;Ourém;Nossa Senhora da Piedade;ACC;1;14;1421;142115
2024-06;2024;06;Lisboa;Sintra;Algueirão-Mem Martins;ACC;1;11;1111;111102
2024-06;2024;06;Coimbra;Figueira da Foz;Buarcos e São Julião;ACC;1;06;0605;060520
2024-07;2024;07;Bragança;Mirandela;Mascarenhas;ACC;1;04;0407;040720
2024-07;2024;07;Leiria;Pombal;Pelariga;ACC;1;10;1015;101508
2024-07;2024;07;Santarém;Santarém;Pernes;ACC;1;14;1416;141614
2024-07;2024;07;Setúbal;Sesimbra;Quinta do Conde;ACC;1;15;1511;151103
2025-07;2025;07;Porto;Porto;Ramalde;ACC;2;13;1312;131211
2025-07;2025;07;Viseu;Viseu;Rio de Loba;ACC;2;18;1823;182323
2025-07;2025;07;Aveiro;Santa Maria da Feira;Santa Maria de Lamas;ACC;2;01;0109;010925
2024-07;2024;07;Viseu;Sátão;Sátão;ACC;1;18;1817;181710
2025-07;2025;07;Braga;Guimarães;Aldão;ACC;1;03;0308;030801
2025-07;2025;07;Évora;Évora;Canaviais;ACC;1;07;0705;070515
2025-07;2025;07;Coimbra;Miranda do Corvo;Miranda do Corvo;ACC;1;06;0609;060902
2025-07;2025;07;Lisboa;Lisboa;Misericórdia;ACC;2;11;1106;110661
2025-08;2025;08;Porto;Vila do Conde;Gião;ACC;1;13;1316;131610
2025-08;2025;08;Guarda;Guarda;Guarda;ACC;1;09;0907;090758
2025-01;2025;01;Santarém;Salvaterra de Magos;Muge;ACC;1;14;1415;141503
2025-07;2025;07;Santarém;Salvaterra de Magos;Muge;ACC;1;14;1415;141503
2025-08;2025;08;Leiria;Pombal;Pombal;ACC;2;10;1015;101509
2025-08;2025;08;Setúbal;Santiago do Cacém;Santo André;ACC;1;15;1509;150907
2025-01;2025;01;Setúbal;Santiago do Cacém;Santo André;ACC;1;15;1509;150907
2024-07;2024;07;Setúbal;Santiago do Cacém;Santo André;ACC;1;15;1509;150907
2025-07;2025;07;Portalegre;Portalegre;Fortios;ACC;1;12;1214;121404
2025-01;2025;01;Aveiro;Aveiro;Requeixo, Nossa Senhora de Fátima e Nariz;ACC;1;01;0105;010516
2025-07;2025;07;Aveiro;Aveiro;Requeixo, Nossa Senhora de Fátima e Nariz;ACC;1;01;0105;010516
2025-02;2025;02;Aveiro;Águeda;Águeda e Borralha;ACC;1;01;0101;010121
2025-01;2025;01;Setúbal;Moita;Baixa da Banheira e Vale da Amoreira;ACC;3;15;1506;150607
2025-02;2025;02;Santarém;Santarém;Romeira e Várzea;ACC;1;14;1416;141632
2025-01;2025;01;Porto;Vila Nova de Gaia;Sandim, Olival, Lever e Crestuma;ACC;1;13;1317;131729
2024-02;2024;02;Leiria;Pombal;Carriço;ACC;1;10;1015;101505
2025-01;2025;01;Leiria;Pombal;Carriço;ACC;1;10;1015;101505
2025-01;2025;01;Coimbra;Coimbra;Santo António dos Olivais;ACC;2;06;0603;060318
2024-07;2024;07;Coimbra;Coimbra;Santo António dos Olivais;ACC;2;06;0603;060318
2025-07;2025;07;Leiria;Marinha Grande;Marinha Grande;ACC;3;10;1010;101001
2025-01;2025;01;Lisboa;Amadora;Falagueira-Venda Nova;ACC;1;11;1115;111515
2025-01;2025;01;Braga;Vila Nova de Famalicão;Joane;ACC;1;03;0312;031219
2025-07;2025;07;Braga;Vila Nova de Famalicão;Joane;ACC;1;03;0312;031219
2025-07;2025;07;Braga;Guimarães;Nespereira;ACC;1;03;0308;030832
2024-07;2024;07;Porto;Paços de Ferreira;Paços de Ferreira;ACC;1;13;1309;130918
2025-07;2025;07;Porto;Paços de Ferreira;Paços de Ferreira;ACC;1;13;1309;130918
2025-02;2025;02;Porto;Paredes;Paredes;ACC;1;13;1310;131025
2025-07;2025;07;Braga;Guimarães;Polvoreira;ACC;2;03;0308;030837
2025-02;2025;02;Braga;Barcelos;Pousa;ACC;1;03;0302;030261
2025-02;2025;02;Braga;Vila Nova de Famalicão;Requião;ACC;2;03;0312;031233
2025-01;2025;01;Braga;Vila Nova de Famalicão;Requião;ACC;2;03;0312;031233
2024-02;2024;02;Lisboa;Lisboa;São Domingos de Benfica;ACC;1;11;1106;110639
2025-01;2025;01;Lisboa;Lisboa;São Domingos de Benfica;ACC;1;11;1106;110639
2025-02;2025;02;Viana do Castelo;Viana do Castelo;São Romão de Neiva;ACC;1;16;1609;160923
2025-07;2025;07;Braga;Vila Verde;Turiz;ACC;1;03;0313;031354
2025-07;2025;07;Porto;Póvoa de Varzim;Aguçadoura e Navais;ACC;1;13;1313;131314
2025-02;2025;02;Braga;Esposende;Apúlia e Fão;ACC;1;03;0306;030616
2025-01;2025;01;Braga;Guimarães;Atães e Rendufe;ACC;1;03;0308;030878
2025-02;2025;02;Lisboa;Loures;Santa Iria de Azoia, São João da Talha e Bobadela;ACC;2;11;1107;110728
2025-07;2025;07;Braga;Celorico de Basto;Britelo, Gémeos e Ourilhe;ACC;1;03;0305;030523
2025-01;2025;01;Lisboa;Amadora;Águas Livres;ACC;1;11;1115;111513
2025-01;2025;01;Portalegre;Nisa;Espírito Santo, Nossa Senhora da Graça e São Simão;ACC;1;12;1212;121212
2025-01;2025;01;Porto;Gondomar;Fânzeres e São Pedro da Cova;ACC;2;13;1304;130413
2025-07;2025;07;Lisboa;Arruda dos Vinhos;Arruda dos Vinhos;ACC;2;11;1102;110202
2025-07;2025;07;Porto;Marco de Canaveses;Bem Viver;ACC;1;13;1307;130734
2025-01;2025;01;Leiria;Peniche;Peniche;ACC;1;10;1014;101407
2025-01;2025;01;Setúbal;Setúbal;Sado;ACC;1;15;1512;151208
2025-01;2025;01;Porto;Vila Nova de Gaia;São Félix da Marinha;ACC;1;13;1317;131717
2025-01;2025;01;Lisboa;Torres Vedras;São Pedro da Cadeira;ACC;2;11;1113;111314
2025-01;2025;01;Vila Real;Peso da Régua;Poiares e Canelas;ACC;1;17;1708;170816
2025-01;2025;01;Aveiro;Santa Maria da Feira;Santa Maria da Feira, Travanca, Sanfins e Espargo;ACC;1;01;0109;010935
2025-01;2025;01;Santarém;Alcanena;Malhou, Louriceira e Espinheiro;ACC;1;14;1402;140212
2025-02;2025;02;Porto;Vila Nova de Gaia;Santa Marinha e São Pedro da Afurada;ACC;2;13;1317;131730
2025-01;2025;01;Porto;Vila Nova de Gaia;Santa Marinha e São Pedro da Afurada;ACC;1;13;1317;131730
2025-07;2025;07;Leiria;Pombal;Santiago e S. Simão de Litém e Albergaria dos Doze;ACC;1;10;1015;101519
2024-07;2024;07;Lisboa;Odivelas;Pontinha e Famões;ACC;2;11;1116;111608
2024-07;2024;07;Lisboa;Sintra;S. Maria, S. Miguel, S. Martinho e S. Pedro de Penaferrim;ACC;1;11;1111;111128
2025-07;2025;07;Braga;Vila Nova de Famalicão;Delães;ACC;1;03;0312;031213
2025-07;2025;07;Aveiro;Estarreja;Beduído e Veiros;ACC;1;01;0108;010808
2025-07;2025;07;Porto;Porto;Paranhos;ACC;1;13;1312;131210
2025-07;2025;07;Braga;Guimarães;Sande (São Martinho);ACC;1;03;0308;030858
2025-07;2025;07;Braga;Fafe;Arões (São Romão);ACC;1;03;0307;030730
2025-07;2025;07;Lisboa;Lisboa;Santa Maria Maior;ACC;1;11;1106;110665
2025-05;2025;05;Viseu;Tondela;Guardão;ACC;1;18;1821;182108
2025-05;2025;05;Porto;Marco de Canaveses;Marco;ACC;2;13;1307;130736
2025-06;2025;06;Bragança;Mirandela;Mascarenhas;ACC;1;04;0407;040720
2024-05;2024;05;Bragança;Mirandela;Mascarenhas;ACC;1;04;0407;040720
2025-06;2025;06;Bragança;Miranda do douro;Miranda do Douro;ACC;1;04;0406;040608
2025-06;2025;06;Setúbal;Moita;Moita;ACC;2;15;1506;150603
2024-06;2024;06;Porto;Porto;Paranhos;ACC;1;13;1312;131210
2025-06;2025;06;Porto;Porto;Paranhos;ACC;1;13;1312;131210
2024-06;2024;06;Braga;Guimarães;Polvoreira;ACC;1;03;0308;030837
2024-05;2024;05;Setúbal;Santiago do Cacém;Santo André;ACC;1;15;1509;150907
2024-06;2024;06;Lisboa;Lisboa;São Domingos de Benfica;ACC;1;11;1106;110639
2024-03;2024;03;Lisboa;Lisboa;São Domingos de Benfica;ACC;1;11;1106;110639
2024-05;2024;05;Braga;Vila Verde;Turiz;ACC;1;03;0313;031354
2024-05;2024;05;Setúbal;Seixal;Seixal, Arrentela e Aldeia de Paio Pires;ACC;1;15;1510;151007
2024-06;2024;06;Coimbra;Coimbra;São Martinho do Bispo e Ribeira de Frades;ACC;1;06;0603;060338
2024-06;2024;06;Braga;Barcelos;Várzea;ACC;1;03;0302;030283
2025-06;2025;06;Aveiro;Albergaria-a-Velha;Albergaria-a-Velha e Valmaior;ACC;1;01;0102;010209
2025-03;2025;03;Santarém;Almeirim;Almeirim;ACC;1;14;1403;140301
2025-06;2025;06;Santarém;Ourém;Caxarias;ACC;1;14;1421;142104
2024-05;2024;05;Braga;Barcelos;Pousa;ACC;1;03;0302;030261
2025-06;2025;06;Porto;Porto;Ramalde;ACC;2;13;1312;131211
2025-06;2025;06;Viseu;Viseu;Rio de Loba;ACC;2;18;1823;182323
2024-05;2024;05;Porto;Póvoa de Varzim;Aguçadoura e Navais;ACC;1;13;1313;131314
2025-06;2025;06;Lisboa;Odivelas;Póvoa de Santo Adrião e Olival Basto;ACC;1;11;1116;111609
2025-06;2025;06;Santarém;Santarém;Romeira e Várzea;ACC;1;14;1416;141632
2025-06;2025;06;Lisboa;Loures;Sacavém e Prior Velho;ACC;2;11;1107;110727
2025-06;2025;06;Porto;Santo Tirso;St. Tirso, Couto (S. Cristina e S. Miguel) e Burgães;ACC;3;13;1314;131437
2025-06;2025;06;Braga;Guimarães;Serzedo e Calvos;ACC;1;03;0308;030889
2025-06;2025;06;Coimbra;Coimbra;Souselas e Botão;ACC;1;06;0603;060339
2023-05;2023;05;Lisboa;Lisboa;Lumiar;ACC;1;11;1106;110618
2024-05;2024;05;Lisboa;Sintra;Algueirão-Mem Martins;ACC;1;11;1111;111102
2024-05;2024;05;Santarém;Alpiarça;Alpiarça;ACC;1;14;1404;140401
2024-05;2024;05;Braga;Barcelos;Alvelos;ACC;1;03;0302;030208
2024-03;2024;03;Braga;Barcelos;Alvelos;ACC;1;03;0302;030208
2025-05;2025;05;Aveiro;Santa Maria da Feira;Arrifana;ACC;1;01;0109;010902
2024-05;2024;05;Lisboa;Arruda dos Vinhos;Arruda dos Vinhos;ACC;2;11;1102;110202
2025-03;2025;03;Lisboa;Arruda dos Vinhos;Arruda dos Vinhos;ACC;2;11;1102;110202
2024-05;2024;05;Braga;Vila Nova de Famalicão;Delães;ACC;1;03;0312;031213
2025-05;2025;05;Portalegre;Portalegre;Fortios;ACC;1;12;1214;121404
2024-05;2024;05;Lisboa;Alenquer;Alenquer (Santo Estêvão e Triana);ACC;1;11;1101;110119
2025-06;2025;06;Braga;Celorico de Basto;Britelo, Gémeos e Ourilhe;ACC;1;03;0305;030523
2025-05;2025;05;Braga;Celorico de Basto;Britelo, Gémeos e Ourilhe;ACC;1;03;0305;030523
2024-05;2024;05;Braga;Vila Verde;Esqueiros, Nevogilde e Travassós;ACC;1;03;0313;031363
2025-06;2025;06;Porto;Gondomar;Fânzeres e São Pedro da Cova;ACC;2;13;1304;130413
2025-05;2025;05;Porto;Gondomar;Fânzeres e São Pedro da Cova;ACC;2;13;1304;130413
2024-06;2024;06;Porto;Vila Nova de Gaia;Grijó e Sermonde;ACC;1;13;1317;131725
2025-06;2025;06;Porto;Valongo;Alfena;ACC;1;13;1315;131501
2025-06;2025;06;Porto;Gondomar;Baguim do Monte (Rio Tinto);ACC;3;13;1304;130412
2025-05;2025;05;Porto;Trofa;Bougado (São Martinho e Santiago);ACC;1;13;1318;131810
2025-06;2025;06;Lisboa;Cascais;Carcavelos e Parede;ACC;1;11;1105;110507
2025-06;2025;06;Évora;Estremoz;Estremoz (Santa Maria e Santo André);ACC;1;07;0704;070414
2025-05;2025;05;Setúbal;Seixal;Amora;ACC;2;15;1510;151002
2025-05;2025;05;Braga;Fafe;Estorãos;ACC;1;03;0307;030708
2025-05;2025;05;Setúbal;Almada;Charneca de Caparica e Sobreda;ACC;3;15;1503;150314
2025-05;2025;05;Porto;Gondomar;Gondomar (São Cosme), Valbom e Jovim;ACC;1;13;1304;130415
2025-05;2025;05;Porto;Felgueiras;Margaride, Várzea, Lagares, Varziela e Moure;ACC;1;13;1303;130335
2025-05;2025;05;Portalegre;Ponte de Sor;Ponte de Sor, Tramaga e Vale de Açor;ACC;2;12;1213;121308
2025-05;2025;05;Lisboa;Cadaval;Vilar;ACC;1;11;1104;110410
2024-03;2024;03;Coimbra;Figueira da Foz;Buarcos e São Julião;ACC;1;06;0605;060520
2024-03;2024;03;Porto;Paços de Ferreira;Carvalhosa;ACC;1;13;1309;130902
2024-03;2024;03;Porto;Vila Nova de Gaia;Pedroso e Seixezelo;ACC;1;13;1317;131728
2024-03;2024;03;Lisboa;Odivelas;Pontinha e Famões;ACC;2;11;1116;111608
2025-03;2025;03;Viseu;Viseu;Abraveses;ACC;1;18;1823;182301
2024-05;2024;05;Aveiro;Águeda;Recardães e Espinhel;ACC;1;01;0101;010124
2024-05;2024;05;Leiria;Caldas da Rainha;Tornada e Salir do Porto;ACC;2;10;1006;100619
2025-05;2025;05;Lisboa;Amadora;Águas Livres;ACC;1;11;1115;111513
2025-03;2025;03;Coimbra;Miranda do Corvo;Miranda do Corvo;ACC;1;06;0609;060902
2025-05;2025;05;Lisboa;Lisboa;Misericórdia;ACC;2;11;1106;110661
2025-05;2025;05;Setúbal;Sesimbra;Quinta do Conde;ACC;1;15;1511;151103
2025-03;2025;03;Setúbal;Sesimbra;Quinta do Conde;ACC;1;15;1511;151103
2025-05;2025;05;Santarém;Tomar;São Pedro de Tomar;ACC;1;14;1418;141813
2025-05;2025;05;Braga;Guimarães;Serzedo e Calvos;ACC;1;03;0308;030889
2025-03;2025;03;Braga;Guimarães;Serzedo e Calvos;ACC;1;03;0308;030889
2025-05;2025;05;Coimbra;Coimbra;Souselas e Botão;ACC;1;06;0603;060339
2025-05;2025;05;Faro;Tavira;Tavira (Santa Maria e Santiago);ACC;1;08;0814;081412
2025-03;2025;03;Lisboa;Loures;Bucelas;ACC;1;11;1107;110702
2025-03;2025;03;Braga;Guimarães;Nespereira;ACC;1;03;0308;030832
2025-03;2025;03;Viseu;Viseu;Rio de Loba;ACC;2;18;1823;182323
2025-03;2025;03;Lisboa;Lisboa;São Domingos de Benfica;ACC;2;11;1106;110639
2025-03;2025;03;Viana do Castelo;Viana do Castelo;São Romão de Neiva;ACC;1;16;1609;160923
2025-03;2025;03;Porto;Póvoa de Varzim;Aguçadoura e Navais;ACC;1;13;1313;131314
2025-03;2025;03;Braga;Barcelos;Barcelos, V. Boa, V. Frescainha;ACC;2;03;0302;030293
2025-03;2025;03;Leiria;Leiria;Marrazes e Barosa;ACC;4;10;1009;100934
2025-03;2025;03;Setúbal;Setúbal;S. Julião, N. S. da Anunciada e S. Maria da Graça;ACC;2;15;1512;151210
2025-03;2025;03;Santarém;Tomar;São João Baptista e Santa Maria dos Olivais;ACC;2;14;1418;141821
2025-03;2025;03;Leiria;Caldas da Rainha;Tornada e Salir do Porto;ACC;2;10;1006;100619
2025-03;2025;03;Porto;Paços de Ferreira;Frazão Arreigada;ACC;1;13;1309;130917
2025-03;2025;03;Braga;Guimarães;Gonça;ACC;1;03;0308;030820
2025-03;2025;03;Viseu;Tondela;Guardão;ACC;1;18;1821;182108
2025-03;2025;03;Leiria;Peniche;Peniche;ACC;1;10;1014;101407
2025-03;2025;03;Braga;Guimarães;Sande (São Martinho);ACC;1;03;0308;030858
2025-03;2025;03;Braga;Guimarães;Candoso São Tiago e Mascotelos;ACC;1;03;0308;030881
2025-07;2025;07;Porto;Santo Tirso;Monte Córdova;ACC;1;13;1314;131413
2025-07;2025;07;Aveiro;Santa Maria da Feira;Mozelos;ACC;1;01;0109;010916
2025-07;2025;07;Aveiro;Oliveira do Bairro;Oiã;ACC;1;01;0114;011403
2025-07;2025;07;Évora;Évora;São Bento do Mato;ACC;1;07;0705;070506
2025-07;2025;07;Castelo Branco;Proença-a-Nova;Proença-a-Nova e Peral;ACC;1;05;0508;050807
2025-03;2025;03;Castelo Branco;Proença-a-Nova;Proença-a-Nova e Peral;ACC;1;05;0508;050807
2025-07;2025;07;Viseu;Viseu;Viseu;ACC;1;18;1823;182341
2024-06;2024;06;Braga;Braga;Sequeira;ACC;1;03;0303;030354
2025-03;2025;03;Braga;Braga;Sequeira;ACC;1;03;0303;030354
2024-06;2024;06;Portalegre;Portalegre;Ribeira de Nisa e Carreiras;ACC;1;12;1214;121413
2025-06;2025;06;Portalegre;Portalegre;Ribeira de Nisa e Carreiras;ACC;1;12;1214;121413
2025-05;2025;05;Portalegre;Portalegre;Ribeira de Nisa e Carreiras;ACC;1;12;1214;121413
2024-06;2024;06;Lisboa;Loures;Santo Antão e São Julião do Tojal;ACC;1;11;1107;110729
2025-06;2025;06;Santarém;Benavente;Benavente;ACC;1;14;1405;140501
2025-06;2025;06;Porto;Porto;Campanhã;ACC;2;13;1312;131203
2025-05;2025;05;Coimbra;Penacova;Penacova;ACC;1;06;0613;061307
2025-06;2025;06;Lisboa;Torres Vedras;Santa Maria, São Pedro e Matacães;ACC;1;11;1113;111326
2025-03;2025;03;Lisboa;Torres Vedras;Santa Maria, São Pedro e Matacães;ACC;1;11;1113;111326
2025-06;2025;06;Coimbra;Tábua;Tábua;ACC;2;06;0616;061614
2025-03;2025;03;Porto;Amarante;Telões;ACC;1;13;1301;130135
2025-03;2025;03;Braga;Braga;Real, Dume e Semelhe;ACC;1;03;0303;030379
2024-06;2024;06;Setúbal;Seixal;Corroios;ACC;5;15;1510;151005
2025-06;2025;06;Porto;Valongo;Ermesinde;ACC;3;13;1315;131503
2025-05;2025;05;Braga;Braga;Este (São Pedro e São Mamede);ACC;1;03;0303;030370
2025-03;2025;03;Braga;Braga;Este (São Pedro e São Mamede);ACC;1;03;0303;030370
2025-06;2025;06;Bragança;Bragança;Izeda, Calvelhe e Paradinha Nova;ACC;1;04;0402;040252
2024-06;2024;06;Leiria;Leiria;Leiria, Pousos, Barreira e Cortes;ACC;1;10;1009;100933
2025-06;2025;06;Porto;Porto;Lordelo do Ouro e Massarelos;ACC;2;13;1312;131218
2024-06;2024;06;Braga;Braga;Merelim (São Paio), Panoias e Parada de Tibães;ACC;1;03;0303;030374
2024-05;2024;05;Braga;Braga;Merelim (São Paio), Panoias e Parada de Tibães;ACC;1;03;0303;030374
2025-06;2025;06;Braga;Braga;Nogueira, Fraião e Lamaçães;ACC;1;03;0303;030377
2025-05;2025;05;Braga;Braga;Nogueira, Fraião e Lamaçães;ACC;1;03;0303;030377
2024-03;2024;03;Braga;Braga;Nogueira, Fraião e Lamaçães;ACC;1;03;0303;030377
2025-03;2025;03;Aveiro;Albergaria-a-Velha;Branca;ACC;1;01;0102;010204
2025-05;2025;05;Coimbra;Montemor-o-Velho;Carapinheira;ACC;1;06;0610;061003
2025-03;2025;03;Aveiro;Aveiro;Esgueira;ACC;2;01;0105;010505
2025-06;2025;06;Porto;Vila do Conde;Guilhabreu;ACC;1;13;1316;131611
2025-06;2025;06;Faro;Loulé;Loulé (São Sebastião);ACC;1;08;0808;080809
2025-06;2025;06;Coimbra;Coimbra;Assafarge e Antanhol;ACC;1;06;0603;060333
2025-03;2025;03;Coimbra;Coimbra;Assafarge e Antanhol;ACC;1;06;0603;060333
2025-06;2025;06;Leiria;Leiria;Monte Redondo e Carreira;ACC;1;10;1009;100936
2025-05;2025;05;Porto;Maia;Moreira;ACC;3;13;1306;130609
2025-05;2025;05;Lisboa;Loures;Camarate, Unhos e Apelação;ACC;1;11;1107;110731
2025-05;2025;05;Aveiro;Oliveira de Azeméis;Vila de Cucujães;ACC;1;01;0113;011319
2024-03;2024;03;Porto;Maia;Castêlo da Maia;ACC;1;13;1306;130618
2025-03;2025;03;Faro;Portimão;Alvor;ACC;1;08;0811;081101
2025-03;2025;03;Faro;Aljezur;Bordeira;ACC;1;08;0803;080302
2025-05;2025;05;Porto;Maia;Cidade da Maia;ACC;1;13;1306;130619
2025-03;2025;03;Porto;Maia;Cidade da Maia;ACC;1;13;1306;130619
2025-05;2025;05;Porto;Vila do Conde;Macieira da Maia;ACC;1;13;1316;131614
2025-05;2025;05;Guarda;Sabugal;Souto;ACC;1;09;0911;091134
2025-03;2025;03;Porto;Póvoa de Varzim;Laundos;ACC;1;13;1313;131308
2025-03;2025;03;Lisboa;Vila Franca de Xira;Alverca do Ribatejo e Sobralinho;ACC;2;11;1114;111413
2024-09;2024;09;Lisboa;Cadaval;Vilar;ACC;1;11;1104;110410
2024-09;2024;09;Aveiro;Albergaria-a-Velha;Branca;ACC;1;01;0102;010204
2024-09;2024;09;Coimbra;Montemor-o-Velho;Carapinheira;ACC;1;06;0610;061003
2024-09;2024;09;Faro;Silves;São Bartolomeu de Messines;ACC;1;08;0813;081305
2024-09;2024;09;Lisboa;Vila Franca de Xira;Alverca do Ribatejo e Sobralinho;ACC;1;11;1114;111413
2024-09;2024;09;Braga;Celorico de Basto;Britelo, Gémeos e Ourilhe;ACC;1;03;0305;030523
2024-09;2024;09;Braga;Vila Verde;Esqueiros, Nevogilde e Travassós;ACC;1;03;0313;031363
2024-09;2024;09;Porto;Matosinhos;Matosinhos e Leça da Palmeira;ACC;1;13;1308;130812
2024-09;2024;09;Setúbal;Sesimbra;Quinta do Conde;ACC;1;15;1511;151103
2024-09;2024;09;Lisboa;Sintra;Rio de Mouro;ACC;3;11;1111;111108
2024-09;2024;09;Braga;Guimarães;Selho (São Jorge);ACC;2;03;0308;030854
2024-09;2024;09;Lisboa;Sintra;S. Maria, S. Miguel, S. Martinho e S. Pedro de Penaferrim;ACC;1;11;1111;111128
2024-09;2024;09;Viseu;Viseu;Abraveses;ACC;1;18;1823;182301
2024-09;2024;09;Leiria;Caldas da Rainha;Alvorninha;ACC;1;10;1006;100602
2024-09;2024;09;Aveiro;Santa Maria da Feira;Argoncilhe;ACC;3;01;0109;010901
2024-09;2024;09;Guarda;Guarda;Arrifana;ACC;1;09;0907;090706
2024-09;2024;09;Porto;Vila do Conde;Árvore;ACC;2;13;1316;131602
2024-09;2024;09;Coimbra;Coimbra;Souselas e Botão;ACC;1;06;0603;060339
2025-03;2025;03;Santarém;Alcanena;Malhou, Louriceira e Espinheiro;ACC;1;14;1402;140212
2025-03;2025;03;Lisboa;Amadora;Venteira;ACC;1;11;1115;111517
2025-03;2025;03;Castelo Branco;Vila de Rei;Vila de Rei;ACC;1;05;0510;051003
2024-09;2024;09;Castelo Branco;Vila de Rei;Vila de Rei;ACC;1;05;0510;051003
2025-03;2025;03;Porto;Vila do Conde;Vila do Conde;ACC;1;13;1316;131628
2024-09;2024;09;Porto;Vila do Conde;Vila do Conde;ACC;1;13;1316;131628
2024-09;2024;09;Leiria;Pombal;Carriço;ACC;1;10;1015;101505
2024-09;2024;09;Braga;Vila Nova de Famalicão;Requião;ACC;2;03;0312;031233
2024-09;2024;09;Lisboa;Cadaval;Painho e Figueiros;ACC;1;11;1104;110413
2024-09;2024;09;Leiria;Leiria;Caranguejeira;ACC;1;10;1009;100907
2024-09;2024;09;Porto;Paredes;Paredes;ACC;1;13;1310;131025
2024-09;2024;09;Braga;Vila Verde;Vila de Prado;ACC;1;03;0313;031342
2024-09;2024;09;Aveiro;Santa Maria da Feira;Arrifana;ACC;1;01;0109;010902
2024-09;2024;09;Lisboa;Arruda dos Vinhos;Arruda dos Vinhos;ACC;3;11;1102;110202
2024-09;2024;09;Lisboa;Amadora;Mina de Água;ACC;1;11;1115;111516
2024-04;2024;04;Lisboa;Lisboa;São Domingos de Benfica;ACC;1;11;1106;110639
2024-08;2024;08;Lisboa;Torres Vedras;São Pedro da Cadeira;ACC;2;11;1113;111314
2024-09;2024;09;Coimbra;Tábua;Tábua;ACC;1;06;0616;061614
2024-04;2024;04;Santarém;Alcanena;Alcanena e Vila Moreira;ACC;1;14;1402;140211
2024-09;2024;09;Setúbal;Moita;Baixa da Banheira e Vale da Amoreira;ACC;3;15;1506;150607
2024-04;2024;04;Aveiro;Estarreja;Beduído e Veiros;ACC;1;01;0108;010808
2025-04;2025;04;Portalegre;Nisa;Espírito Santo, Nossa Senhora da Graça e São Simão;ACC;1;12;1212;121212
2025-04;2025;04;Braga;Braga;Ferreiros e Gondizalves;ACC;1;03;0303;030371
2024-09;2024;09;Porto;Vila Nova de Gaia;Grijó e Sermonde;ACC;1;13;1317;131725
2024-11;2024;11;Lisboa;Sintra;S. Maria, S. Miguel, S. Martinho e S. Pedro de Penaferrim;ACC;1;11;1111;111128
2024-10;2024;10;Coimbra;Coimbra;São Martinho do Bispo e Ribeira de Frades;ACC;1;06;0603;060338
2024-10;2024;10;Viseu;Tarouca;Tarouca e Dálvares;ACC;1;18;1820;182013
2024-10;2024;10;Santarém;Tomar;São João Baptista e Santa Maria dos Olivais;ACC;2;14;1418;141821
2025-04;2025;04;Santarém;Tomar;São João Baptista e Santa Maria dos Olivais;ACC;2;14;1418;141821
2024-10;2024;10;Leiria;Caldas da Rainha;Tornada e Salir do Porto;ACC;2;10;1006;100619
2024-10;2024;10;Aveiro;Albergaria-a-Velha;Albergaria-a-Velha e Valmaior;ACC;1;01;0102;010209
2024-09;2024;09;Santarém;Rio Maior;Alcobertas;ACC;1;14;1414;141401
2025-04;2025;04;Santarém;Rio Maior;Alcobertas;ACC;1;14;1414;141401
2024-10;2024;10;Lisboa;Sintra;Algueirão-Mem Martins;ACC;1;11;1111;111102
2024-10;2024;10;Coimbra;Góis;Alvares;ACC;1;06;0606;060601
2024-08;2024;08;Coimbra;Góis;Alvares;ACC;1;06;0606;060601
2024-10;2024;10;Braga;Barcelos;Alvelos;ACC;1;03;0302;030208
2024-10;2024;10;Setúbal;Seixal;Amora;ACC;2;15;1510;151002
2024-08;2024;08;Setúbal;Seixal;Amora;ACC;2;15;1510;151002
2024-10;2024;10;Guarda;Guarda;Arrifana;ACC;1;09;0907;090706
2024-10;2024;10;Lisboa;Arruda dos Vinhos;Arruda dos Vinhos;ACC;2;11;1102;110202
2024-10;2024;10;Porto;Vila do Conde;Aveleda;ACC;1;13;1316;131603
2025-04;2025;04;Porto;Vila do Conde;Aveleda;ACC;1;13;1316;131603
2024-10;2024;10;Lisboa;Oeiras;Barcarena;ACC;1;11;1110;111002
2024-09;2024;09;Lisboa;Lisboa;Beato;ACC;1;11;1106;110607
2025-04;2025;04;Lisboa;Lisboa;Beato;ACC;2;11;1106;110607
2024-08;2024;08;Lisboa;Lisboa;Beato;ACC;1;11;1106;110607
2024-10;2024;10;Porto;Marco de Canaveses;Bem Viver;ACC;1;13;1307;130734
2024-08;2024;08;Porto;Marco de Canaveses;Bem Viver;ACC;1;13;1307;130734
2024-09;2024;09;Braga;Vila Nova de Famalicão;Joane;ACC;1;03;0312;031219
2024-09;2024;09;Braga;Guimarães;Lordelo;ACC;1;03;0308;030828
2024-09;2024;09;Braga;Barcelos;Manhente;ACC;1;03;0302;030245
2024-09;2024;09;Leiria;Marinha Grande;Marinha Grande;ACC;4;10;1010;101001
2024-10;2024;10;Setúbal;Moita;Moita;ACC;1;15;1506;150603
2024-10;2024;10;Santarém;Salvaterra de Magos;Muge;ACC;1;14;1415;141503
2025-04;2025;04;Santarém;Salvaterra de Magos;Muge;ACC;1;14;1415;141503
2024-04;2024;04;Porto;Paços de Ferreira;Paços de Ferreira;ACC;1;13;1309;130918
2024-04;2024;04;Lisboa;Alenquer;Alenquer (Santo Estêvão e Triana);ACC;1;11;1101;110119
2024-04;2024;04;Faro;Silves;São Bartolomeu de Messines;ACC;1;08;0813;081305
2025-04;2025;04;Setúbal;Setúbal;Azeitão (São Lourenço e São Simão);ACC;1;15;1512;151209
2025-04;2025;04;Setúbal;Palmela;Quinta do Anjo;ACC;1;15;1508;150804
2024-08;2024;08;Setúbal;Palmela;Quinta do Anjo;ACC;1;15;1508;150804
2024-08;2024;08;Aveiro;Santa Maria da Feira;Arrifana;ACC;1;01;0109;010902
2025-04;2025;04;Évora;Évora;N. S. da Tourega e N. S. de Guadalupe;ACC;1;07;0705;070525
2025-04;2025;04;Castelo Branco;Proença-a-Nova;Proença-a-Nova e Peral;ACC;1;05;0508;050807
2025-04;2025;04;Braga;Vila Verde;Vila de Prado;ACC;1;03;0313;031342
2025-04;2025;04;Lisboa;Amadora;Mina de Água;ACC;1;11;1115;111516
2024-08;2024;08;Lisboa;Amadora;Mina de Água;ACC;1;11;1115;111516
2024-08;2024;08;Lisboa;Lisboa;Avenidas Novas;ACC;1;11;1106;110657
2025-04;2025;04;Porto;Penafiel;Rio de Moinhos;ACC;2;13;1311;131129
2024-08;2024;08;Viseu;Viseu;Rio de Loba;ACC;2;18;1823;182323
2022-08;2022;08;Viseu;Tondela;Guardão;ACC;1;18;1821;182108
2024-08;2024;08;Viseu;Tondela;Guardão;ACC;1;18;1821;182108
2025-04;2025;04;Viseu;Sátão;Sátão;ACC;1;18;1817;181710
2024-08;2024;08;Viseu;Sátão;Sátão;ACC;1;18;1817;181710
2024-08;2024;08;Vila Real;Vila Real;Folhadela;ACC;1;17;1714;171409
2025-08;2025;08;Vila Real;Vila Pouca de Aguiar;Sabroso de Aguiar;ACC;1;17;1713;171317
2024-08;2024;08;Bragança;Miranda do douro;Miranda do Douro;ACC;1;04;0406;040608
2024-08;2024;08;Viana do Castelo;Viana do Castelo;Santa Marta de Portuzelo;ACC;1;16;1609;160928
2025-08;2025;08;Braga;Barcelos;Barcelos, V. Boa, V. Frescainha;ACC;2;03;0302;030293
2025-08;2025;08;Porto;Trofa;Bougado (São Martinho e Santiago);ACC;1;13;1318;131810
2024-08;2024;08;Braga;Braga;Ferreiros e Gondizalves;ACC;1;03;0303;030371
2024-08;2024;08;Braga;Braga;Real, Dume e Semelhe;ACC;1;03;0303;030379
2024-08;2024;08;Braga;Cabeceiras de Basto;Refojos de Basto, Outeiro e Painzela;ACC;1;03;0304;030421
2025-08;2025;08;Lisboa;Loures;Santo Antão e São Julião do Tojal;ACC;2;11;1107;110729
2024-08;2024;08;Lisboa;Amadora;Venteira;ACC;1;11;1115;111517
2025-08;2025;08;Lisboa;Lisboa;Alcântara;ACC;1;11;1106;110602
2025-08;2025;08;Braga;Guimarães;Brito;ACC;2;03;0308;030807
2025-08;2025;08;Porto;Paços de Ferreira;Carvalhosa;ACC;4;13;1309;130902
2025-08;2025;08;Braga;Guimarães;Costa;ACC;1;03;0308;030812
2025-08;2025;08;Braga;Fafe;Fafe;ACC;1;03;0307;030709
2025-08;2025;08;Castelo Branco;Idanha-a-Nova;Ladoeiro;ACC;1;05;0505;050505
2025-08;2025;08;Lisboa;Amadora;Mina de Água;ACC;1;11;1115;111516
2025-08;2025;08;Lisboa;Oeiras;Porto Salvo;ACC;4;11;1110;111009
2025-08;2025;08;Braga;Póvoa de Lanhoso;Póvoa de Lanhoso (Nossa Senhora do Amparo);ACC;1;03;0309;030919
2025-08;2025;08;Lisboa;Sintra;Rio de Mouro;ACC;3;11;1111;111108
2025-08;2025;08;Braga;Braga;Merelim (São Paio), Panoias e Parada de Tibães;ACC;1;03;0303;030374
2025-08;2025;08;Vila Real;Vila Real;Vila Real;ACC;1;17;1714;171438
2025-04;2025;04;Coimbra;Condeixa-a-Nova;Condeixa-a-Velha e Condeixa-a-Nova;ACC;1;06;0604;060411
2025-08;2025;08;Setúbal;Grândola;Grândola e Santa Margarida da Serra;ACC;2;15;1505;150506
2025-08;2025;08;Leiria;Leiria;Monte Real e Carvide;ACC;1;10;1009;100935
2025-08;2025;08;Setúbal;Seixal;Seixal, Arrentela e Aldeia de Paio Pires;ACC;3;15;1510;151007
2024-08;2024;08;Leiria;Caldas da Rainha;Tornada e Salir do Porto;ACC;2;10;1006;100619
2024-11;2024;11;Viana do Castelo;Arcos de Valdevez;Vale;ACC;1;16;1601;160149
2024-10;2024;10;Viana do Castelo;Arcos de Valdevez;Vale;ACC;1;16;1601;160149
2024-11;2024;11;Braga;Barcelos;Vila Cova e Feitos;ACC;1;03;0302;0302FH
2024-11;2024;11;Évora;Vendas Novas;Vendas Novas;ACC;1;07;0712;071201
2024-10;2024;10;Évora;Vendas Novas;Vendas Novas;ACC;1;07;0712;071201
2024-11;2024;11;Porto;Vila do Conde;Vila do Conde;ACC;1;13;1316;131628
2024-10;2024;10;Porto;Vila do Conde;Vila do Conde;ACC;1;13;1316;131628
2024-11;2024;11;Porto;Vila do Conde;Vilar de Pinheiro;ACC;1;13;1316;131630
2024-11;2024;11;Porto;Paredes;Vilela;ACC;1;13;1310;131024
2024-10;2024;10;Porto;Paredes;Vilela;ACC;1;13;1310;131024
2024-10;2024;10;Porto;Porto;Campanhã;ACC;2;13;1312;131203
2024-10;2024;10;Aveiro;Espinho;Paramos;ACC;1;01;0107;010704
2024-10;2024;10;Leiria;Pombal;Pelariga;ACC;1;10;1015;101508
2024-08;2024;08;Leiria;Pombal;Pelariga;ACC;1;10;1015;101508
2024-10;2024;10;Coimbra;Penacova;Penacova;ACC;1;06;0613;061307
2024-10;2024;10;Setúbal;Sesimbra;Quinta do Conde;ACC;1;15;1511;151103
2025-04;2025;04;Setúbal;Sesimbra;Quinta do Conde;ACC;1;15;1511;151103
2024-10;2024;10;Braga;Braga;Sequeira;ACC;1;03;0303;030354
2025-08;2025;08;Braga;Braga;Sequeira;ACC;1;03;0303;030354
2024-10;2024;10;Aveiro;Santa Maria da Feira;Caldas de São Jorge e de Pigeiros;ACC;1;01;0109;010932
2024-10;2024;10;Lisboa;Oeiras;Carnaxide e Queijas;ACC;2;11;1110;111013
2024-08;2024;08;Lisboa;Oeiras;Carnaxide e Queijas;ACC;2;11;1110;111013
2024-10;2024;10;Braga;Braga;Este (São Pedro e São Mamede);ACC;1;03;0303;030370
2024-08;2024;08;Braga;Braga;Este (São Pedro e São Mamede);ACC;1;03;0303;030370
2024-10;2024;10;Porto;Lousada;Figueiras e Covas;ACC;1;13;1305;130529
2024-10;2024;10;Portalegre;Ponte de Sor;Ponte de Sor, Tramaga e Vale de Açor;ACC;1;12;1213;121308
2024-10;2024;10;Guarda;Sabugal;Sabugal e Aldeia de Santo António;ACC;1;09;0911;091145
2025-04;2025;04;Guarda;Sabugal;Sabugal e Aldeia de Santo António;ACC;1;09;0911;091145
2024-10;2024;10;Castelo Branco;Vila de Rei;Vila de Rei;ACC;1;05;0510;051003
2025-08;2025;08;Castelo Branco;Vila de Rei;Vila de Rei;ACC;1;05;0510;051003
2024-09;2024;09;Santarém;Ourém;Nossa Senhora da Piedade;ACC;1;14;1421;142115
2024-04;2024;04;Santarém;Ourém;Nossa Senhora da Piedade;ACC;1;14;1421;142115
2024-08;2024;08;Santarém;Ourém;Nossa Senhora da Piedade;ACC;1;14;1421;142115
2024-09;2024;09;Santarém;Santarém;Pernes;ACC;1;14;1416;141614
2024-09;2024;09;Santarém;Cartaxo;Pontével;ACC;1;14;1406;140604
2025-08;2025;08;Faro;Lagoa;Estômbar e Parchal;ACC;1;08;0806;080607
2024-09;2024;09;Leiria;Leiria;Marrazes e Barosa;ACC;3;10;1009;100934
2024-04;2024;04;Leiria;Leiria;Marrazes e Barosa;ACC;1;10;1009;100934
2025-08;2025;08;Leiria;Leiria;Marrazes e Barosa;ACC;4;10;1009;100934
2024-11;2024;11;Coimbra;Coimbra;Souselas e Botão;ACC;1;06;0603;060339
2025-04;2025;04;Coimbra;Coimbra;Souselas e Botão;ACC;1;06;0603;060339
2024-11;2024;11;Porto;Felgueiras;Vila Verde e Santão;ACC;1;13;1303;130341
2024-10;2024;10;Porto;Felgueiras;Vila Verde e Santão;ACC;1;13;1303;130341
2024-10;2024;10;Coimbra;Figueira da Foz;Alqueidão;ACC;1;06;0605;060502
2024-10;2024;10;Évora;Arraiolos;Arraiolos;ACC;1;07;0702;070201
2025-04;2025;04;Évora;Arraiolos;Arraiolos;ACC;1;07;0702;070201
2024-10;2024;10;Portalegre;Elvas;Assunção, Ajuda, Salvador e Santo Ildefonso;ACC;1;12;1207;120712
2024-10;2024;10;Aveiro;Anadia;Avelãs de Cima;ACC;1;01;0103;010305
2024-10;2024;10;Portalegre;Avis;Avis;ACC;1;12;1203;120303
2024-10;2024;10;Leiria;Batalha;Batalha;ACC;1;10;1004;100401
2024-09;2024;09;Leiria;Batalha;Batalha;ACC;1;10;1004;100401
2024-09;2024;09;Santarém;Mação;Envendos;ACC;1;14;1413;141305
2024-10;2024;10;Lisboa;Lisboa;Estrela;ACC;1;11;1106;110660
2024-10;2024;10;Aveiro;Ílhavo;Ílhavo (São Salvador);ACC;1;01;0110;011008
2024-09;2024;09;Porto;Vila do Conde;Macieira da Maia;ACC;1;13;1316;131614
2024-10;2024;10;Porto;Marco de Canaveses;Marco;ACC;2;13;1307;130736
2024-10;2024;10;Bragança;Mirandela;Mascarenhas;ACC;1;04;0407;040720
2024-10;2024;10;Braga;Braga;Celeirós, Aveleda e Vimieiro;ACC;1;03;0303;030367
2024-10;2024;10;Leiria;Leiria;Leiria, Pousos, Barreira e Cortes;ACC;1;10;1009;100933
2025-08;2025;08;Aveiro;Oliveira de Azeméis;Vila de Cucujães;ACC;1;01;0113;011319
2024-04;2024;04;Lisboa;Torres Vedras;Santa Maria, São Pedro e Matacães;ACC;1;11;1113;111326
2025-08;2025;08;Aveiro;Santa Maria da Feira;Argoncilhe;ACC;4;01;0109;010901
2024-08;2024;08;Aveiro;Santa Maria da Feira;Paços de Brandão;ACC;1;01;0109;010919
2024-08;2024;08;Aveiro;Aveiro;Esgueira;ACC;1;01;0105;010505
2025-04;2025;04;Faro;Portimão;Alvor;ACC;1;08;0811;081101
2025-04;2025;04;Coimbra;Montemor-o-Velho;Carapinheira;ACC;1;06;0610;061003
2025-08;2025;08;Coimbra;Montemor-o-Velho;Carapinheira;ACC;1;06;0610;061003
2025-04;2025;04;Braga;Barcelos;Várzea;ACC;1;03;0302;030283
2025-08;2025;08;Braga;Barcelos;Várzea;ACC;1;03;0302;030283
2025-04;2025;04;Lisboa;Loures;Sacavém e Prior Velho;ACC;2;11;1107;110727
2025-08;2025;08;Lisboa;Loures;Sacavém e Prior Velho;ACC;2;11;1107;110727
2025-04;2025;04;Lisboa;Lisboa;Belém;ACC;1;11;1106;110658
2025-04;2025;04;Lisboa;Vila Franca de Xira;Alverca do Ribatejo e Sobralinho;ACC;2;11;1114;111413
2025-08;2025;08;Lisboa;Vila Franca de Xira;Alverca do Ribatejo e Sobralinho;ACC;2;11;1114;111413
2024-04;2024;04;Porto;Felgueiras;Margaride, Várzea, Lagares, Varziela e Moure;ACC;1;13;1303;130335
2025-04;2025;04;Porto;Felgueiras;Margaride, Várzea, Lagares, Varziela e Moure;ACC;1;13;1303;130335
2024-08;2024;08;Porto;Paços de Ferreira;Frazão Arreigada;ACC;2;13;1309;130917
2024-08;2024;08;Faro;Vila Real de Santo António;Vila Real de Santo António;ACC;1;08;0816;081602
2025-04;2025;04;Coimbra;Miranda do Corvo;Miranda do Corvo;ACC;1;06;0609;060902
2025-08;2025;08;Faro;Tavira;Tavira (Santa Maria e Santiago);ACC;1;08;0814;081412
2024-08;2024;08;Lisboa;Cadaval;Vilar;ACC;1;11;1104;110410
2025-08;2025;08;Santarém;Almeirim;Almeirim;ACC;1;14;1403;140301
2025-08;2025;08;Porto;Paços de Ferreira;Eiriz;ACC;1;13;1309;130904
2025-08;2025;08;Aveiro;Aveiro;Eixo e Eirol;ACC;1;01;0105;010515
2025-08;2025;08;Braga;Braga;Esporões;ACC;1;03;0303;030313
2025-02;2025;02;Aveiro;Ílhavo;Ílhavo (São Salvador);ACC;1;01;0110;011008
2025-01;2025;01;Santarém;Santarém;Pernes;ACC;1;14;1416;141614
2025-08;2025;08;Santarém;Torres Novas;Riachos;ACC;1;14;1419;141910
2025-02;2025;02;Braga;Braga;Ferreiros e Gondizalves;ACC;1;03;0303;030371
2023-07;2023;07;Castelo Branco;Fundão;Fundão, Valverde, Donas, A. Joanes, A. Nova do Cabo;ACC;1;05;0504;050434
2025-02;2025;02;Leiria;Leiria;Monte Real e Carvide;ACC;1;10;1009;100935
2025-02;2025;02;Lisboa;Loures;Sacavém e Prior Velho;ACC;2;11;1107;110727
2024-02;2024;02;Porto;Santo Tirso;St. Tirso, Couto (S. Cristina e S. Miguel) e Burgães;ACC;1;13;1314;131437
2024-02;2024;02;Braga;Barcelos;Várzea;ACC;1;03;0302;030283
2023-02;2023;02;Bragança;Miranda do douro;Miranda do Douro;ACC;1;04;0406;040608
2024-01;2024;01;Bragança;Miranda do douro;Miranda do Douro;ACC;1;04;0406;040608
2025-02;2025;02;Leiria;Batalha;Batalha;ACC;1;10;1004;100401
2025-02;2025;02;Aveiro;Albergaria-a-Velha;Branca;ACC;1;01;0102;010204
2025-02;2025;02;Évora;Évora;Canaviais;ACC;1;07;0705;070515
2025-01;2025;01;Faro;Loulé;Loulé (São Sebastião);ACC;1;08;0808;080809
2025-02;2025;02;Aveiro;Espinho;Paramos;ACC;1;01;0107;010704
2024-07;2024;07;Braga;Guimarães;Brito;ACC;2;03;0308;030807
2025-02;2025;02;Porto;Paços de Ferreira;Carvalhosa;ACC;3;13;1309;130902
2025-02;2025;02;Porto;Maia;Cidade da Maia;ACC;1;13;1306;130619
2025-02;2025;02;Porto;Marco de Canaveses;Marco;ACC;2;13;1307;130736
