parish_code,parish_name,municipality_name,date,year,month,org_energy,energy_kwh,kwh_bt,kwh_mat_at_mt,acc_cer_start_date,has_acc_cer,months_since_acc_cer,control,new_acc,new_cer,new_total,n_acc,n_cer,n_acc_cer,month_sin,month_cos,season,quarter,nuts_3,t2m,tp,n_holidays,is_holiday_month
10402,Alvarenga,Arouca,2024-09-01,2024,9,211543.103,12.262188780552886,211543.103,0.0,,0,0.0,True,0,0,0,0,0,0,-1.0,-1.8369701987210292e-16,Autumn,3,Área Metropolitana do Porto,16.718147,0.0018056621,0,0
10402,Alvarenga,Arouca,2024-10-01,2024,10,206709.581,12.239074934490311,206709.581,0.0,,0,1.0,True,0,0,0,0,0,0,-0.8660254037844386,0.5000000000000001,Autumn,4,Área Metropolitana do Porto,14.272464,0.0042187423,1,1
10402,Alvarenga,Arouca,2024-11-01,2024,11,211183.291,12.260486448313085,211183.291,0.0,,0,2.0,True,0,0,0,0,0,0,-0.5000000000000004,0.8660254037844384,Autumn,4,Área Metropolitana do Porto,12.107737,0.0015360405,1,1
10402,Alvarenga,Arouca,2024-12-01,2024,12,260460.298,12.470209561000024,260460.298,0.0,,0,3.0,True,0,0,0,0,0,0,-2.4492935982947064e-16,1.0,Winter,4,Área Metropolitana do Porto,6.5368443,0.00036628067,3,1
10402,Alvarenga,Arouca,2025-01-01,2025,1,253155.671,12.441763829016086,253155.671,0.0,,0,4.0,True,0,0,0,0,0,0,0.4999999999999999,0.8660254037844387,Winter,1,Área Metropolitana do Porto,7.31935,0.0051040915,1,1
10402,Alvarenga,Arouca,2025-02-01,2025,2,219755.081,12.3002734875195,219755.081,0.0,,0,5.0,True,0,0,0,0,0,0,0.8660254037844386,0.5000000000000001,Winter,1,Área Metropolitana do Porto,8.039335,0.0013835265,0,0
10402,Alvarenga,Arouca,2025-03-01,2025,3,234698.147,12.366059747405584,234698.147,0.0,,0,6.0,True,0,0,0,0,0,0,1.0,6.123233995736766e-17,Spring,1,Área Metropolitana do Porto,8.295931,0.0034338252,0,0
10402,Alvarenga,Arouca,2025-04-01,2025,4,214248.531,12.274896647426123,214248.531,0.0,,0,7.0,True,0,0,0,0,0,0,0.8660254037844387,-0.4999999999999998,Spring,2,Área Metropolitana do Porto,11.651214,0.0030627374,3,1
10402,Alvarenga,Arouca,2025-05-01,2025,5,215283.222,12.279714396877006,209143.029,6140.193,,0,8.0,True,0,0,0,0,0,0,0.4999999999999999,-0.8660254037844387,Spring,2,Área Metropolitana do Porto,14.337684,0.0017696577,1,1
10402,Alvarenga,Arouca,2025-06-01,2025,6,219566.564,12.299415272790034,213283.223,6283.341,,0,9.0,True,0,0,0,0,0,0,1.2246467991473532e-16,-1.0,Summer,2,Área Metropolitana do Porto,20.047628,0.00039997033,2,1
10402,Alvarenga,Arouca,2025-07-01,2025,7,266582.454,12.493442621785002,248418.619,18163.835,,0,10.0,True,0,0,0,0,0,0,-0.4999999999999997,-0.8660254037844388,Summer,3,Área Metropolitana do Porto,21.71162,0.00027280164,0,0
10402,Alvarenga,Arouca,2025-08-01,2025,8,297057.72400000005,12.601685122145764,269874.558,27183.166,,0,11.0,True,0,0,0,0,0,0,-0.8660254037844385,-0.5000000000000004,Summer,3,Área Metropolitana do Porto,22.654505,0.00020065212,1,1
10402,Alvarenga,Arouca,2025-09-01,2025,9,236058.225,12.371838005914045,212264.158,23794.067,,0,12.0,True,0,0,0,0,0,0,-1.0,-1.8369701987210292e-16,Autumn,3,Área Metropolitana do Porto,16.782452,0.0007227214,0,0
10407,Chave,Arouca,2024-10-01,2024,10,487809.708,13.09768271614254,254359.967,233449.741,,0,0.0,True,0,0,0,0,0,0,-0.8660254037844386,0.5000000000000001,Autumn,4,Área Metropolitana do Porto,15.744009,0.00423872,1,1
10407,Chave,Arouca,2024-11-01,2024,11,514038.428,13.150055249666588,250486.0,263552.428,,0,1.0,True,0,0,0,0,0,0,-0.5000000000000004,0.8660254037844384,Autumn,4,Área Metropolitana do Porto,13.982864,0.0015205485,1,1
10407,Chave,Arouca,2024-12-01,2024,12,505567.138,13.133438101632851,280642.339,224924.799,,0,2.0,True,0,0,0,0,0,0,-2.4492935982947064e-16,1.0,Winter,4,Área Metropolitana do Porto,8.58018,0.00037672336,3,1
10407,Chave,Arouca,2025-01-01,2025,1,614712.6340000001,13.328911802574297,303776.799,310935.835,,0,3.0,True,0,0,0,0,0,0,0.4999999999999999,0.8660254037844387,Winter,1,Área Metropolitana do Porto,9.274772,0.0053360593,1,1
10407,Chave,Arouca,2025-02-01,2025,2,568948.923,13.25154770044812,263601.086,305347.837,,0,4.0,True,0,0,0,0,0,0,0.8660254037844386,0.5000000000000001,Winter,1,Área Metropolitana do Porto,9.698678,0.0016567151,0,0
10407,Chave,Arouca,2025-03-01,2025,3,577311.7239999999,13.266139381339654,265977.88,311333.844,,0,5.0,True,0,0,0,0,0,0,1.0,6.123233995736766e-17,Spring,1,Área Metropolitana do Porto,9.976795,0.003374357,0,0
10407,Chave,Arouca,2025-04-01,2025,4,493427.844,13.109133941036308,235857.459,257570.385,,0,6.0,True,0,0,0,0,0,0,0.8660254037844387,-0.4999999999999998,Spring,2,Área Metropolitana do Porto,13.109539,0.0035500634,3,1
10407,Chave,Arouca,2025-05-01,2025,5,493454.6,13.109188164203305,239232.017,254222.583,,0,7.0,True,0,0,0,0,0,0,0.4999999999999999,-0.8660254037844387,Spring,2,Área Metropolitana do Porto,15.376108,0.0018171753,1,1
10407,Chave,Arouca,2025-06-01,2025,6,460866.918,13.040866768995816,232386.401,228480.517,,0,8.0,True,0,0,0,0,0,0,1.2246467991473532e-16,-1.0,Summer,2,Área Metropolitana do Porto,20.219036,0.00037337025,2,1
10407,Chave,Arouca,2025-07-01,2025,7,500444.454,13.123253888781347,246299.747,254144.707,,0,9.0,True,0,0,0,0,0,0,-0.4999999999999997,-0.8660254037844388,Summer,3,Área Metropolitana do Porto,22.166523,0.00034431345,0,0
10407,Chave,Arouca,2025-08-01,2025,8,381396.92,12.851598518541556,225148.984,156247.936,,0,10.0,True,0,0,0,0,0,0,-0.8660254037844385,-0.5000000000000004,Summer,3,Área Metropolitana do Porto,22.69302,0.00023151968,1,1
10407,Chave,Arouca,2025-09-01,2025,9,483793.274,13.089415041618825,221247.984,262545.29,,0,11.0,True,0,0,0,0,0,0,-1.0,-1.8369701987210292e-16,Autumn,3,Área Metropolitana do Porto,17.74069,0.0008528424,0,0
10407,Chave,Arouca,2025-10-01,2025,10,538080.845,13.19576595582638,241805.586,296275.259,,0,12.0,True,0,0,0,0,0,0,-0.8660254037844386,0.5000000000000001,Autumn,4,Área Metropolitana do Porto,17.241293,0.0030553113,1,1
10409,Escariz,Arouca,2024-10-01,2024,10,829975.2320000001,13.62915234321818,401351.829,428623.403,,0,0.0,True,0,0,0,0,0,0,-0.8660254037844386,0.5000000000000001,Autumn,4,Área Metropolitana do Porto,15.744009,0.00423872,1,1
10409,Escariz,Arouca,2024-11-01,2024,11,830531.728,13.62982261484482,408519.897,422011.831,,0,1.0,True,0,0,0,0,0,0,-0.5000000000000004,0.8660254037844384,Autumn,4,Área Metropolitana do Porto,13.982864,0.0015205485,1,1
10409,Escariz,Arouca,2024-12-01,2024,12,791131.429,13.581220652458544,461630.196,329501.233,,0,2.0,True,0,0,0,0,0,0,-2.4492935982947064e-16,1.0,Winter,4,Área Metropolitana do Porto,8.58018,0.00037672336,3,1
10409,Escariz,Arouca,2025-01-01,2025,1,913110.114,13.72461285425306,498885.696,414224.418,,0,3.0,True,0,0,0,0,0,0,0.4999999999999999,0.8660254037844387,Winter,1,Área Metropolitana do Porto,9.274772,0.0053360593,1,1
10409,Escariz,Arouca,2025-02-01,2025,2,868608.4650000001,13.674648895868987,443789.098,424819.367,,0,4.0,True,0,0,0,0,0,0,0.8660254037844386,0.5000000000000001,Winter,1,Área Metropolitana do Porto,9.698678,0.0016567151,0,0
10409,Escariz,Arouca,2025-03-01,2025,3,911970.806,13.723364354104922,467035.947,444934.859,,0,5.0,True,0,0,0,0,0,0,1.0,6.123233995736766e-17,Spring,1,Área Metropolitana do Porto,9.976795,0.003374357,0,0
10409,Escariz,Arouca,2025-04-01,2025,4,795451.827,13.586666825190235,399860.137,395591.69,,0,6.0,True,0,0,0,0,0,0,0.8660254037844387,-0.4999999999999998,Spring,2,Área Metropolitana do Porto,13.109539,0.0035500634,3,1
10409,Escariz,Arouca,2025-05-01,2025,5,794153.387,13.585033163393357,380787.561,413365.826,,0,7.0,True,0,0,0,0,0,0,0.4999999999999999,-0.8660254037844387,Spring,2,Área Metropolitana do Porto,15.376108,0.0018171753,1,1
10409,Escariz,Arouca,2025-06-01,2025,6,813769.969,13.609434240529293,375412.663,438357.306,,0,8.0,True,0,0,0,0,0,0,1.2246467991473532e-16,-1.0,Summer,2,Área Metropolitana do Porto,20.219036,0.00037337025,2,1
10409,Escariz,Arouca,2025-07-01,2025,7,805778.1969999999,13.599565034826334,409790.599,395987.598,,0,9.0,True,0,0,0,0,0,0,-0.4999999999999997,-0.8660254037844388,Summer,3,Área Metropolitana do Porto,22.166523,0.00034431345,0,0
10409,Escariz,Arouca,2025-08-01,2025,8,718664.878,13.485151824939717,395827.048,322837.83,,0,10.0,True,0,0,0,0,0,0,-0.8660254037844385,-0.5000000000000004,Summer,3,Área Metropolitana do Porto,22.69302,0.00023151968,1,1
10409,Escariz,Arouca,2025-09-01,2025,9,795845.149,13.58716116599475,360551.658,435293.491,,0,11.0,True,0,0,0,0,0,0,-1.0,-1.8369701987210292e-16,Autumn,3,Área Metropolitana do Porto,17.74069,0.0008528424,0,0
10409,Escariz,Arouca,2025-10-01,2025,10,842211.806,13.643788000008756,407559.159,434652.647,,0,12.0,True,0,0,0,0,0,0,-0.8660254037844386,0.5000000000000001,Autumn,4,Área Metropolitana do Porto,17.241293,0.0030553113,1,1
10411,Fermedo,Arouca,2024-10-01,2024,10,177999.734,12.089542952861226,177999.734,0.0,,0,0.0,True,0,0,0,0,0,0,-0.8660254037844386,0.5000000000000001,Autumn,4,Área Metropolitana do Porto,16.295555,0.0039380263,1,1
10411,Fermedo,Arouca,2024-11-01,2024,11,177405.583,12.086199456399113,177405.583,0.0,,0,1.0,True,0,0,0,0,0,0,-0.5000000000000004,0.8660254037844384,Autumn,4,Área Metropolitana do Porto,14.481359,0.0014859602,1,1
10411,Fermedo,Arouca,2024-12-01,2024,12,210202.131,12.255829632651826,210202.131,0.0,,0,2.0,True,0,0,0,0,0,0,-2.4492935982947064e-16,1.0,Winter,4,Área Metropolitana do Porto,8.950568,0.0004126893,3,1
10411,Fermedo,Arouca,2025-01-01,2025,1,209082.152,12.250487308282382,209082.152,0.0,,0,3.0,True,0,0,0,0,0,0,0.4999999999999999,0.8660254037844387,Winter,1,Área Metropolitana do Porto,9.760672,0.0052243806,1,1
10411,Fermedo,Arouca,2025-02-01,2025,2,177857.842,12.088745492193652,177857.842,0.0,,0,4.0,True,0,0,0,0,0,0,0.8660254037844386,0.5000000000000001,Winter,1,Área Metropolitana do Porto,10.15468,0.0016518307,0,0
10411,Fermedo,Arouca,2025-03-01,2025,3,186893.272,12.138298345568984,186893.272,0.0,,0,5.0,True,0,0,0,0,0,0,1.0,6.123233995736766e-17,Spring,1,Área Metropolitana do Porto,10.5589075,0.0032213836,0,0
10411,Fermedo,Arouca,2025-04-01,2025,4,166650.998,12.023663072862936,166650.998,0.0,,0,6.0,True,0,0,0,0,0,0,0.8660254037844387,-0.4999999999999998,Spring,2,Área Metropolitana do Porto,13.673189,0.003465854,3,1
10411,Fermedo,Arouca,2025-05-01,2025,5,163414.575,12.004051775103,163414.575,0.0,,0,7.0,True,0,0,0,0,0,0,0.4999999999999999,-0.8660254037844387,Spring,2,Área Metropolitana do Porto,16.007702,0.00177231,1,1
10411,Fermedo,Arouca,2025-06-01,2025,6,167847.49,12.030817006240222,167847.49,0.0,,0,8.0,True,0,0,0,0,0,0,1.2246467991473532e-16,-1.0,Summer,2,Área Metropolitana do Porto,20.615025,0.00042398,2,1
10411,Fermedo,Arouca,2025-07-01,2025,7,192925.642,12.17006530236902,192925.642,0.0,,0,9.0,True,0,0,0,0,0,0,-0.4999999999999997,-0.8660254037844388,Summer,3,Área Metropolitana do Porto,22.609709,0.00034423693,0,0
10411,Fermedo,Arouca,2025-08-01,2025,8,190900.313,12.159511887636755,190900.313,0.0,,0,10.0,True,0,0,0,0,0,0,-0.8660254037844385,-0.5000000000000004,Summer,3,Área Metropolitana do Porto,23.131292,0.0002484769,1,1
10411,Fermedo,Arouca,2025-09-01,2025,9,162556.394,11.99878641223982,162556.394,0.0,,0,11.0,True,0,0,0,0,0,0,-1.0,-1.8369701987210292e-16,Autumn,3,Área Metropolitana do Porto,18.205593,0.000803159,0,0
10411,Fermedo,Arouca,2025-10-01,2025,10,172483.011,12.058059821302509,172483.011,0.0,,0,12.0,True,0,0,0,0,0,0,-0.8660254037844386,0.5000000000000001,Autumn,4,Área Metropolitana do Porto,17.709452,0.0029542325,1,1
10413,Mansores,Arouca,2024-10-01,2024,10,334193.79000000004,12.719479305554527,243430.141,90763.649,,0,0.0,True,0,0,0,0,0,0,-0.8660254037844386,0.5000000000000001,Autumn,4,Área Metropolitana do Porto,15.744009,0.00423872,1,1
10413,Mansores,Arouca,2024-11-01,2024,11,349867.798,12.765313500329809,250424.681,99443.117,,0,1.0,True,0,0,0,0,0,0,-0.5000000000000004,0.8660254037844384,Autumn,4,Área Metropolitana do Porto,13.982864,0.0015205485,1,1
10413,Mansores,Arouca,2024-12-01,2024,12,364019.494,12.80496544723177,274726.027,89293.467,,0,2.0,True,0,0,0,0,0,0,-2.4492935982947064e-16,1.0,Winter,4,Área Metropolitana do Porto,8.58018,0.00037672336,3,1
10413,Mansores,Arouca,2025-01-01,2025,1,411521.338,12.927618581951558,297414.661,114106.677,,0,3.0,True,0,0,0,0,0,0,0.4999999999999999,0.8660254037844387,Winter,1,Área Metropolitana do Porto,9.274772,0.0053360593,1,1
10413,Mansores,Arouca,2025-02-01,2025,2,360931.374,12.79644589012674,253650.122,107281.252,,0,4.0,True,0,0,0,0,0,0,0.8660254037844386,0.5000000000000001,Winter,1,Área Metropolitana do Porto,9.698678,0.0016567151,0,0
10413,Mansores,Arouca,2025-03-01,2025,3,364317.256,12.805783094285667,261346.57,102970.686,,0,5.0,True,0,0,0,0,0,0,1.0,6.123233995736766e-17,Spring,1,Área Metropolitana do Porto,9.976795,0.003374357,0,0
10413,Mansores,Arouca,2025-04-01,2025,4,301437.61600000004,12.61632167906448,215425.565,86012.051,,0,6.0,True,0,0,0,0,0,0,0.8660254037844387,-0.4999999999999998,Spring,2,Área Metropolitana do Porto,13.109539,0.0035500634,3,1
10413,Mansores,Arouca,2025-05-01,2025,5,284627.714,12.55894085202926,209397.072,75230.642,,0,7.0,True,0,0,0,0,0,0,0.4999999999999999,-0.8660254037844387,Spring,2,Área Metropolitana do Porto,15.376108,0.0018171753,1,1
10413,Mansores,Arouca,2025-06-01,2025,6,261211.537,12.473089672935467,199071.045,62140.492,,0,8.0,True,0,0,0,0,0,0,1.2246467991473532e-16,-1.0,Summer,2,Área Metropolitana do Porto,20.219036,0.00037337025,2,1
10413,Mansores,Arouca,2025-07-01,2025,7,279556.11100000003,12.54096188344123,213915.943,65640.168,,0,9.0,True,0,0,0,0,0,0,-0.4999999999999997,-0.8660254037844388,Summer,3,Área Metropolitana do Porto,22.166523,0.00034431345,0,0
10413,Mansores,Arouca,2025-08-01,2025,8,255499.915,12.450981269832791,206453.011,49046.904,,0,10.0,True,0,0,0,0,0,0,-0.8660254037844385,-0.5000000000000004,Summer,3,Área Metropolitana do Porto,22.69302,0.00023151968,1,1
10413,Mansores,Arouca,2025-09-01,2025,9,253888.10600000003,12.44465286011609,201479.977,52408.129,,0,11.0,True,0,0,0,0,0,0,-1.0,-1.8369701987210292e-16,Autumn,3,Área Metropolitana do Porto,17.74069,0.0008528424,0,0
10413,Mansores,Arouca,2025-10-01,2025,10,308144.48600000003,12.638327307573052,227074.682,81069.804,,0,12.0,True,0,0,0,0,0,0,-0.8660254037844386,0.5000000000000001,Autumn,4,Área Metropolitana do Porto,17.241293,0.0030553113,1,1
10414,Moldes,Arouca,2024-10-01,2024,10,113213.473,11.637039289935569,113213.473,0.0,,0,0.0,True,0,0,0,0,0,0,-0.8660254037844386,0.5000000000000001,Autumn,4,Área Metropolitana do Porto,14.602497,0.004656598,1,1
10414,Moldes,Arouca,2024-11-01,2024,11,116456.216,11.665279239901874,116456.216,0.0,,0,1.0,True,0,0,0,0,0,0,-0.5000000000000004,0.8660254037844384,Autumn,4,Área Metropolitana do Porto,12.644987,0.0016027896,1,1
10414,Moldes,Arouca,2024-12-01,2024,12,138660.234,11.8397890719232,138660.234,0.0,,0,2.0,True,0,0,0,0,0,0,-2.4492935982947064e-16,1.0,Winter,4,Área Metropolitana do Porto,7.0831757,0.00040098603,3,1
10414,Moldes,Arouca,2025-01-01,2025,1,137146.065,11.82880909620968,137146.065,0.0,,0,3.0,True,0,0,0,0,0,0,0.4999999999999999,0.8660254037844387,Winter,1,Área Metropolitana do Porto,7.823269,0.0056763007,1,1
10414,Moldes,Arouca,2025-02-01,2025,2,118434.822,11.682126506348492,118434.822,0.0,,0,4.0,True,0,0,0,0,0,0,0.8660254037844386,0.5000000000000001,Winter,1,Área Metropolitana do Porto,8.406954,0.0015470927,0,0
10414,Moldes,Arouca,2025-03-01,2025,3,124965.075,11.735797579448793,124965.075,0.0,,0,5.0,True,0,0,0,0,0,0,1.0,6.123233995736766e-17,Spring,1,Área Metropolitana do Porto,8.716333,0.0036635431,0,0
10414,Moldes,Arouca,2025-04-01,2025,4,109193.43,11.600885333666016,109193.43,0.0,,0,6.0,True,0,0,0,0,0,0,0.8660254037844387,-0.4999999999999998,Spring,2,Área Metropolitana do Porto,11.989726,0.0034356948,3,1
10414,Moldes,Arouca,2025-05-01,2025,5,106070.638,11.571869975012504,106070.638,0.0,,0,7.0,True,0,0,0,0,0,0,0.4999999999999999,-0.8660254037844387,Spring,2,Área Metropolitana do Porto,14.567929,0.001963963,1,1
10414,Moldes,Arouca,2025-06-01,2025,6,105358.402,11.565132660622773,105358.402,0.0,,0,8.0,True,0,0,0,0,0,0,1.2246467991473532e-16,-1.0,Summer,2,Área Metropolitana do Porto,20.083141,0.00038905675,2,1
10414,Moldes,Arouca,2025-07-01,2025,7,117566.189,11.674765270415458,117566.189,0.0,,0,9.0,True,0,0,0,0,0,0,-0.4999999999999997,-0.8660254037844388,Summer,3,Área Metropolitana do Porto,21.913105,0.00033178777,0,0
10414,Moldes,Arouca,2025-08-01,2025,8,121739.903,11.709650319467425,121739.903,0.0,,0,10.0,True,0,0,0,0,0,0,-0.8660254037844385,-0.5000000000000004,Summer,3,Área Metropolitana do Porto,22.81766,0.0002156213,1,1
10414,Moldes,Arouca,2025-09-01,2025,9,105203.522,11.5636615631528,105203.522,0.0,,0,11.0,True,0,0,0,0,0,0,-1.0,-1.8369701987210292e-16,Autumn,3,Área Metropolitana do Porto,17.046534,0.000858309,0,0
10414,Moldes,Arouca,2025-10-01,2025,10,110959.906,11.616933220059922,110959.906,0.0,,0,12.0,True,0,0,0,0,0,0,-0.8660254037844386,0.5000000000000001,Autumn,4,Área Metropolitana do Porto,16.414783,0.0032319275,1,1
10415,Rossas,Arouca,2024-10-01,2024,10,184590.903,12.125902737683704,184590.903,0.0,,0,0.0,True,0,0,0,0,0,0,-0.8660254037844386,0.5000000000000001,Autumn,4,Área Metropolitana do Porto,14.912726,0.0046680737,1,1
10415,Rossas,Arouca,2024-11-01,2024,11,183513.808,12.120050640768572,183513.808,0.0,,0,1.0,True,0,0,0,0,0,0,-0.5000000000000004,0.8660254037844384,Autumn,4,Área Metropolitana do Porto,13.08134,0.0015948766,1,1
10415,Rossas,Arouca,2024-12-01,2024,12,225440.709,12.325816907834788,225440.709,0.0,,0,2.0,True,0,0,0,0,0,0,-2.4492935982947064e-16,1.0,Winter,4,Área Metropolitana do Porto,7.595286,0.0004110176,3,1
10415,Rossas,Arouca,2025-01-01,2025,1,226310.782,12.329668893898711,226310.782,0.0,,0,3.0,True,0,0,0,0,0,0,0.4999999999999999,0.8660254037844387,Winter,1,Área Metropolitana do Porto,8.323687,0.0056857904,1,1
10415,Rossas,Arouca,2025-02-01,2025,2,191472.615,12.162505297431355,191472.615,0.0,,0,4.0,True,0,0,0,0,0,0,0.8660254037844386,0.5000000000000001,Winter,1,Área Metropolitana do Porto,8.808396,0.0016311111,0,0
10415,Rossas,Arouca,2025-03-01,2025,3,198534.679,12.198724106030578,198534.679,0.0,,0,5.0,True,0,0,0,0,0,0,1.0,6.123233995736766e-17,Spring,1,Área Metropolitana do Porto,9.048118,0.0035833663,0,0
10415,Rossas,Arouca,2025-04-01,2025,4,177782.132,12.088319726920268,177782.132,0.0,,0,6.0,True,0,0,0,0,0,0,0.8660254037844387,-0.4999999999999998,Spring,2,Área Metropolitana do Porto,12.288259,0.0035608427,3,1
10415,Rossas,Arouca,2025-05-01,2025,5,171423.676,12.051899242111404,171423.676,0.0,,0,7.0,True,0,0,0,0,0,0,0.4999999999999999,-0.8660254037844387,Spring,2,Área Metropolitana do Porto,14.719595,0.0019883069,1,1
10415,Rossas,Arouca,2025-06-01,2025,6,172286.654,12.056920765857043,172286.654,0.0,,0,8.0,True,0,0,0,0,0,0,1.2246467991473532e-16,-1.0,Summer,2,Área Metropolitana do Porto,19.98709,0.00039903127,2,1
10415,Rossas,Arouca,2025-07-01,2025,7,193389.493,12.1724667036059,193389.493,0.0,,0,9.0,True,0,0,0,0,0,0,-0.4999999999999997,-0.8660254037844388,Summer,3,Área Metropolitana do Porto,21.884632,0.0003629185,0,0
10415,Rossas,Arouca,2025-08-01,2025,8,202691.462,12.219445143786096,202691.462,0.0,,0,10.0,True,0,0,0,0,0,0,-0.8660254037844385,-0.5000000000000004,Summer,3,Área Metropolitana do Porto,22.581627,0.00024087119,1,1
10415,Rossas,Arouca,2025-09-01,2025,9,178545.205,12.092602698246168,178545.205,0.0,,0,11.0,True,0,0,0,0,0,0,-1.0,-1.8369701987210292e-16,Autumn,3,Área Metropolitana do Porto,17.148111,0.0008887363,0,0
10415,Rossas,Arouca,2025-10-01,2025,10,187476.903,12.141416266781,187476.903,0.0,,0,12.0,True,0,0,0,0,0,0,-0.8660254037844386,0.5000000000000001,Autumn,4,Área Metropolitana do Porto,16.600636,0.0032668225,1,1
10416,Santa Eulalia,Arouca,2024-10-01,2024,10,329855.672,12.706413511822529,295261.546,34594.126,,0,0.0,True,0,0,0,0,0,0,-0.8660254037844386,0.5000000000000001,Autumn,4,Área Metropolitana do Porto,14.912726,0.0046680737,1,1
10416,Santa Eulalia,Arouca,2024-11-01,2024,11,338189.286,12.731363992384791,303594.643,34594.643,,0,1.0,True,0,0,0,0,0,0,-0.5000000000000004,0.8660254037844384,Autumn,4,Área Metropolitana do Porto,13.08134,0.0015948766,1,1
10416,Santa Eulalia,Arouca,2024-12-01,2024,12,403163.33,12.907099524563932,368714.198,34449.132,,0,2.0,True,0,0,0,0,0,0,-2.4492935982947064e-16,1.0,Winter,4,Área Metropolitana do Porto,7.595286,0.0004110176,3,1
10416,Santa Eulalia,Arouca,2025-01-01,2025,1,416404.543,12.939414927353852,380565.543,35839.0,,0,3.0,True,0,0,0,0,0,0,0.4999999999999999,0.8660254037844387,Winter,1,Área Metropolitana do Porto,8.323687,0.0056857904,1,1
10416,Santa Eulalia,Arouca,2025-02-01,2025,2,363328.303,12.803064872815142,329939.447,33388.856,,0,4.0,True,0,0,0,0,0,0,0.8660254037844386,0.5000000000000001,Winter,1,Área Metropolitana do Porto,8.808396,0.0016311111,0,0
10416,Santa Eulalia,Arouca,2025-03-01,2025,3,374936.942,12.834515803257895,341345.959,33590.983,,0,5.0,True,0,0,0,0,0,0,1.0,6.123233995736766e-17,Spring,1,Área Metropolitana do Porto,9.048118,0.0035833663,0,0
10416,Santa Eulalia,Arouca,2025-04-01,2025,4,330479.116,12.708301773075185,300935.555,29543.561,,0,6.0,True,0,0,0,0,0,0,0.8660254037844387,-0.4999999999999998,Spring,2,Área Metropolitana do Porto,12.288259,0.0035608427,3,1
10416,Santa Eulalia,Arouca,2025-05-01,2025,5,330304.939,12.707774591840908,297828.146,32476.793,,0,7.0,True,0,0,0,0,0,0,0.4999999999999999,-0.8660254037844387,Spring,2,Área Metropolitana do Porto,14.719595,0.0019883069,1,1
10416,Santa Eulalia,Arouca,2025-06-01,2025,6,334131.76200000005,12.719293683998176,298413.188,35718.574,,0,8.0,True,0,0,0,0,0,0,1.2246467991473532e-16,-1.0,Summer,2,Área Metropolitana do Porto,19.98709,0.00039903127,2,1
10416,Santa Eulalia,Arouca,2025-07-01,2025,7,362686.589,12.801297106323249,330166.13,32520.459,,0,9.0,True,0,0,0,0,0,0,-0.4999999999999997,-0.8660254037844388,Summer,3,Área Metropolitana do Porto,21.884632,0.0003629185,0,0
10416,Santa Eulalia,Arouca,2025-08-01,2025,8,349638.191,12.76465701888326,323324.675,26313.516,,0,10.0,True,0,0,0,0,0,0,-0.8660254037844385,-0.5000000000000004,Summer,3,Área Metropolitana do Porto,22.581627,0.00024087119,1,1
10416,Santa Eulalia,Arouca,2025-09-01,2025,9,311737.216,12.649919063309015,283717.058,28020.158,,0,11.0,True,0,0,0,0,0,0,-1.0,-1.8369701987210292e-16,Autumn,3,Área Metropolitana do Porto,17.148111,0.0008887363,0,0
10416,Santa Eulalia,Arouca,2025-10-01,2025,10,339734.322,12.73592212872547,302523.257,37211.065,,0,12.0,True,0,0,0,0,0,0,-0.8660254037844386,0.5000000000000001,Autumn,4,Área Metropolitana do Porto,16.600636,0.0032668225,1,1
10417,Sao Miguel do Mato,Arouca,2024-10-01,2024,10,75708.566,11.234659798680974,75708.566,0.0,,0,0.0,True,0,0,0,0,0,0,-0.8660254037844386,0.5000000000000001,Autumn,4,Área Metropolitana do Porto,16.295555,0.0039380263,1,1
10417,Sao Miguel do Mato,Arouca,2024-11-01,2024,11,75120.924,11.226867725907722,75120.924,0.0,,0,1.0,True,0,0,0,0,0,0,-0.5000000000000004,0.8660254037844384,Autumn,4,Área Metropolitana do Porto,14.481359,0.0014859602,1,1
10417,Sao Miguel do Mato,Arouca,2024-12-01,2024,12,90606.505,11.414292325244896,90606.505,0.0,,0,2.0,True,0,0,0,0,0,0,-2.4492935982947064e-16,1.0,Winter,4,Área Metropolitana do Porto,8.950568,0.0004126893,3,1
10417,Sao Miguel do Mato,Arouca,2025-01-01,2025,1,88745.263,11.393536599408884,88745.263,0.0,,0,3.0,True,0,0,0,0,0,0,0.4999999999999999,0.8660254037844387,Winter,1,Área Metropolitana do Porto,9.760672,0.0052243806,1,1
10417,Sao Miguel do Mato,Arouca,2025-02-01,2025,2,75579.07,11.232947903073995,75579.07,0.0,,0,4.0,True,0,0,0,0,0,0,0.8660254037844386,0.5000000000000001,Winter,1,Área Metropolitana do Porto,10.15468,0.0016518307,0,0
10417,Sao Miguel do Mato,Arouca,2025-03-01,2025,3,80735.167,11.29894191990872,80735.167,0.0,,0,5.0,True,0,0,0,0,0,0,1.0,6.123233995736766e-17,Spring,1,Área Metropolitana do Porto,10.5589075,0.0032213836,0,0
10417,Sao Miguel do Mato,Arouca,2025-04-01,2025,4,71764.758,11.181162733201496,71764.758,0.0,,0,6.0,True,0,0,0,0,0,0,0.8660254037844387,-0.4999999999999998,Spring,2,Área Metropolitana do Porto,13.673189,0.003465854,3,1
10417,Sao Miguel do Mato,Arouca,2025-05-01,2025,5,69272.814,11.145822249411404,69272.814,0.0,,0,7.0,True,0,0,0,0,0,0,0.4999999999999999,-0.8660254037844387,Spring,2,Área Metropolitana do Porto,16.007702,0.00177231,1,1
10417,Sao Miguel do Mato,Arouca,2025-06-01,2025,6,75986.382,11.238322579168784,75986.382,0.0,,0,8.0,True,0,0,0,0,0,0,1.2246467991473532e-16,-1.0,Summer,2,Área Metropolitana do Porto,20.615025,0.00042398,2,1
10417,Sao Miguel do Mato,Arouca,2025-07-01,2025,7,88435.018,11.390034609082113,88435.018,0.0,,0,9.0,True,0,0,0,0,0,0,-0.4999999999999997,-0.8660254037844388,Summer,3,Área Metropolitana do Porto,22.609709,0.00034423693,0,0
10417,Sao Miguel do Mato,Arouca,2025-08-01,2025,8,95719.237,11.469185017990828,95719.237,0.0,,0,10.0,True,0,0,0,0,0,0,-0.8660254037844385,-0.5000000000000004,Summer,3,Área Metropolitana do Porto,23.131292,0.0002484769,1,1
10417,Sao Miguel do Mato,Arouca,2025-09-01,2025,9,79746.769,11.286624045334156,79746.769,0.0,,0,11.0,True,0,0,0,0,0,0,-1.0,-1.8369701987210292e-16,Autumn,3,Área Metropolitana do Porto,18.205593,0.000803159,0,0
10417,Sao Miguel do Mato,Arouca,2025-10-01,2025,10,79169.543,11.27935957680054,79169.543,0.0,,0,12.0,True,0,0,0,0,0,0,-0.8660254037844386,0.5000000000000001,Autumn,4,Área Metropolitana do Porto,17.709452,0.0029542325,1,1
10418,Tropeco,Arouca,2024-10-01,2024,10,213682.703,12.272252177285502,139082.739,74599.964,,0,0.0,True,0,0,0,0,0,0,-0.8660254037844386,0.5000000000000001,Autumn,4,Área Metropolitana do Porto,15.714489,0.004225942,1,1
10418,Tropeco,Arouca,2024-11-01,2024,11,219062.525,12.297117035230055,141289.688,77772.837,,0,1.0,True,0,0,0,0,0,0,-0.5000000000000004,0.8660254037844384,Autumn,4,Área Metropolitana do Porto,13.791653,0.0015558625,1,1
10418,Tropeco,Arouca,2024-12-01,2024,12,225996.111,12.328277494986876,165614.98,60381.131,,0,2.0,True,0,0,0,0,0,0,-2.4492935982947064e-16,1.0,Winter,4,Área Metropolitana do Porto,8.138572,0.00043034164,3,1
10418,Tropeco,Arouca,2025-01-01,2025,1,245507.614,12.411087313177532,164989.163,80518.451,,0,3.0,True,0,0,0,0,0,0,0.4999999999999999,0.8660254037844387,Winter,1,Área Metropolitana do Porto,9.022868,0.0054363604,1,1
10418,Tropeco,Arouca,2025-02-01,2025,2,218743.941,12.295661677095287,142486.214,76257.727,,0,4.0,True,0,0,0,0,0,0,0.8660254037844386,0.5000000000000001,Winter,1,Área Metropolitana do Porto,9.496968,0.0015993404,0,0
10418,Tropeco,Arouca,2025-03-01,2025,3,220015.197,12.301456445351752,144790.503,75224.694,,0,5.0,True,0,0,0,0,0,0,1.0,6.123233995736766e-17,Spring,1,Área Metropolitana do Porto,9.917396,0.0033590249,0,0
10418,Tropeco,Arouca,2025-04-01,2025,4,194429.954,12.177832386728042,133046.892,61383.062,,0,6.0,True,0,0,0,0,0,0,0.8660254037844387,-0.4999999999999998,Spring,2,Área Metropolitana do Porto,13.12428,0.0034740644,3,1
10418,Tropeco,Arouca,2025-05-01,2025,5,185380.197,12.130169508416206,127893.485,57486.712,,0,7.0,True,0,0,0,0,0,0,0.4999999999999999,-0.8660254037844387,Spring,2,Área Metropolitana do Porto,15.635149,0.0018613692,1,1
10418,Tropeco,Arouca,2025-06-01,2025,6,180499.878,12.10349092100917,129588.925,50910.953,,0,8.0,True,0,0,0,0,0,0,1.2246467991473532e-16,-1.0,Summer,2,Área Metropolitana do Porto,20.594593,0.0004480837,2,1
10418,Tropeco,Arouca,2025-07-01,2025,7,199081.734,12.201475766050786,147095.721,51986.013,,0,9.0,True,0,0,0,0,0,0,-0.4999999999999997,-0.8660254037844388,Summer,3,Área Metropolitana do Porto,22.532831,0.00035152916,0,0
10418,Tropeco,Arouca,2025-08-01,2025,8,184306.238,12.124359415811334,146508.109,37798.129,,0,10.0,True,0,0,0,0,0,0,-0.8660254037844385,-0.5000000000000004,Summer,3,Área Metropolitana do Porto,23.22201,0.0002600297,1,1
10418,Tropeco,Arouca,2025-09-01,2025,9,178660.019,12.093245540810594,127450.861,51209.158,,0,11.0,True,0,0,0,0,0,0,-1.0,-1.8369701987210292e-16,Autumn,3,Área Metropolitana do Porto,17.806673,0.00082406454,0,0
10418,Tropeco,Arouca,2025-10-01,2025,10,208112.177,12.245837330896048,137402.107,70710.07,,0,12.0,True,0,0,0,0,0,0,-0.8660254037844386,0.5000000000000001,Autumn,4,Área Metropolitana do Porto,17.289543,0.003090178,1,1
10419,Urro,Arouca,2024-10-01,2024,10,110121.968,11.60935291130888,110121.968,0.0,,0,0.0,True,0,0,0,0,0,0,-0.8660254037844386,0.5000000000000001,Autumn,4,Área Metropolitana do Porto,14.912726,0.0046680737,1,1
10419,Urro,Arouca,2024-11-01,2024,11,110442.684,11.612261022966916,110442.684,0.0,,0,1.0,True,0,0,0,0,0,0,-0.5000000000000004,0.8660254037844384,Autumn,4,Área Metropolitana do Porto,13.08134,0.0015948766,1,1
10419,Urro,Arouca,2024-12-01,2024,12,140696.226,11.854365527200946,140696.226,0.0,,0,2.0,True,0,0,0,0,0,0,-2.4492935982947064e-16,1.0,Winter,4,Área Metropolitana do Porto,7.595286,0.0004110176,3,1
10419,Urro,Arouca,2025-01-01,2025,1,137681.293,11.832704085308038,137681.293,0.0,,0,3.0,True,0,0,0,0,0,0,0.4999999999999999,0.8660254037844387,Winter,1,Área Metropolitana do Porto,8.323687,0.0056857904,1,1
10419,Urro,Arouca,2025-02-01,2025,2,118703.169,11.684389702137688,118703.169,0.0,,0,4.0,True,0,0,0,0,0,0,0.8660254037844386,0.5000000000000001,Winter,1,Área Metropolitana do Porto,8.808396,0.0016311111,0,0
10419,Urro,Arouca,2025-03-01,2025,3,119555.18,11.691541665402337,119555.18,0.0,,0,5.0,True,0,0,0,0,0,0,1.0,6.123233995736766e-17,Spring,1,Área Metropolitana do Porto,9.048118,0.0035833663,0,0
10419,Urro,Arouca,2025-04-01,2025,4,107952.192,11.589453004750812,107952.192,0.0,,0,6.0,True,0,0,0,0,0,0,0.8660254037844387,-0.4999999999999998,Spring,2,Área Metropolitana do Porto,12.288259,0.0035608427,3,1
10419,Urro,Arouca,2025-05-01,2025,5,106049.679,11.571672362612595,106049.679,0.0,,0,7.0,True,0,0,0,0,0,0,0.4999999999999999,-0.8660254037844387,Spring,2,Área Metropolitana do Porto,14.719595,0.0019883069,1,1
10419,Urro,Arouca,2025-06-01,2025,6,107553.81,11.585755857080288,107553.81,0.0,,0,8.0,True,0,0,0,0,0,0,1.2246467991473532e-16,-1.0,Summer,2,Área Metropolitana do Porto,19.98709,0.00039903127,2,1
10419,Urro,Arouca,2025-07-01,2025,7,121396.684,11.706827079995575,121396.684,0.0,,0,9.0,True,0,0,0,0,0,0,-0.4999999999999997,-0.8660254037844388,Summer,3,Área Metropolitana do Porto,21.884632,0.0003629185,0,0
10419,Urro,Arouca,2025-08-01,2025,8,127155.044,11.75317030412872,127155.044,0.0,,0,10.0,True,0,0,0,0,0,0,-0.8660254037844385,-0.5000000000000004,Summer,3,Área Metropolitana do Porto,22.581627,0.00024087119,1,1
10419,Urro,Arouca,2025-09-01,2025,9,108527.515,11.594768228493782,108527.515,0.0,,0,11.0,True,0,0,0,0,0,0,-1.0,-1.8369701987210292e-16,Autumn,3,Área Metropolitana do Porto,17.148111,0.0008887363,0,0
10419,Urro,Arouca,2025-10-01,2025,10,113401.025,11.63869452725921,113401.025,0.0,,0,12.0,True,0,0,0,0,0,0,-0.8660254037844386,0.5000000000000001,Autumn,4,Área Metropolitana do Porto,16.600636,0.0032668225,1,1
10420,Varzea,Arouca,2024-10-01,2024,10,59128.65,10.987487769636187,59128.65,0.0,,0,0.0,True,0,0,0,0,0,0,-0.8660254037844386,0.5000000000000001,Autumn,4,Área Metropolitana do Porto,14.912726,0.0046680737,1,1
10420,Varzea,Arouca,2024-11-01,2024,11,63311.184,11.055833069863086,63311.184,0.0,,0,1.0,True,0,0,0,0,0,0,-0.5000000000000004,0.8660254037844384,Autumn,4,Área Metropolitana do Porto,13.08134,0.0015948766,1,1
10420,Varzea,Arouca,2024-12-01,2024,12,78602.032,11.272165552736912,78602.032,0.0,,0,2.0,True,0,0,0,0,0,0,-2.4492935982947064e-16,1.0,Winter,4,Área Metropolitana do Porto,7.595286,0.0004110176,3,1
10420,Varzea,Arouca,2025-01-01,2025,1,82874.242,11.325091647544232,82874.242,0.0,,0,3.0,True,0,0,0,0,0,0,0.4999999999999999,0.8660254037844387,Winter,1,Área Metropolitana do Porto,8.323687,0.0056857904,1,1
10420,Varzea,Arouca,2025-02-01,2025,2,69189.721,11.144622043019572,69189.721,0.0,,0,4.0,True,0,0,0,0,0,0,0.8660254037844386,0.5000000000000001,Winter,1,Área Metropolitana do Porto,8.808396,0.0016311111,0,0
10420,Varzea,Arouca,2025-03-01,2025,3,70759.886,11.16706166939375,70759.886,0.0,,0,5.0,True,0,0,0,0,0,0,1.0,6.123233995736766e-17,Spring,1,Área Metropolitana do Porto,9.048118,0.0035833663,0,0
10420,Varzea,Arouca,2025-04-01,2025,4,60343.554,11.00782598218866,60343.554,0.0,,0,6.0,True,0,0,0,0,0,0,0.8660254037844387,-0.4999999999999998,Spring,2,Área Metropolitana do Porto,12.288259,0.0035608427,3,1
10420,Varzea,Arouca,2025-05-01,2025,5,57974.944,10.96778344487172,57974.944,0.0,,0,7.0,True,0,0,0,0,0,0,0.4999999999999999,-0.8660254037844387,Spring,2,Área Metropolitana do Porto,14.719595,0.0019883069,1,1
10420,Varzea,Arouca,2025-06-01,2025,6,57160.019,10.953627459036756,57160.019,0.0,,0,8.0,True,0,0,0,0,0,0,1.2246467991473532e-16,-1.0,Summer,2,Área Metropolitana do Porto,19.98709,0.00039903127,2,1
10420,Varzea,Arouca,2025-07-01,2025,7,64515.454,11.074675571026388,64515.454,0.0,,0,9.0,True,0,0,0,0,0,0,-0.4999999999999997,-0.8660254037844388,Summer,3,Área Metropolitana do Porto,21.884632,0.0003629185,0,0
10420,Varzea,Arouca,2025-08-01,2025,8,65241.646,11.085868613852414,65241.646,0.0,,0,10.0,True,0,0,0,0,0,0,-0.8660254037844385,-0.5000000000000004,Summer,3,Área Metropolitana do Porto,22.581627,0.00024087119,1,1
10420,Varzea,Arouca,2025-09-01,2025,9,57747.651,10.963855268803847,57747.651,0.0,,0,11.0,True,0,0,0,0,0,0,-1.0,-1.8369701987210292e-16,Autumn,3,Área Metropolitana do Porto,17.148111,0.0008887363,0,0
10420,Varzea,Arouca,2025-10-01,2025,10,60811.794,11.015555473449048,60811.794,0.0,,0,12.0,True,0,0,0,0,0,0,-0.8660254037844386,0.5000000000000001,Autumn,4,Área Metropolitana do Porto,16.600636,0.0032668225,1,1
10421,Arouca e Burgo,Arouca,2024-08-01,2024,8,1335212.9,14.104602061700978,1124121.864,211091.036,,0,0.0,True,0,0,0,0,0,0,-0.8660254037844385,-0.5000000000000004,Summer,3,Área Metropolitana do Porto,21.458567,3.956764e-05,1,1
10421,Arouca e Burgo,Arouca,2024-09-01,2024,9,1244147.049,14.03396155565024,1048902.531,195244.518,,0,1.0,True,0,0,0,0,0,0,-1.0,-1.8369701987210292e-16,Autumn,3,Área Metropolitana do Porto,17.287756,0.0020757434,0,0
10421,Arouca e Burgo,Arouca,2024-10-01,2024,10,1245165.311,14.034779662092044,1079934.96,165230.351,,0,2.0,True,0,0,0,0,0,0,-0.8660254037844386,0.5000000000000001,Autumn,4,Área Metropolitana do Porto,14.912726,0.0046680737,1,1
10421,Arouca e Burgo,Arouca,2024-11-01,2024,11,1306452.432,14.082826719985714,1110237.014,196215.418,,0,3.0,True,0,0,0,0,0,0,-0.5000000000000004,0.8660254037844384,Autumn,4,Área Metropolitana do Porto,13.08134,0.0015948766,1,1
10421,Arouca e Burgo,Arouca,2024-12-01,2024,12,1556463.163,14.257927244506226,1332404.13,224059.033,,0,4.0,True,0,0,0,0,0,0,-2.4492935982947064e-16,1.0,Winter,4,Área Metropolitana do Porto,7.595286,0.0004110176,3,1
10421,Arouca e Burgo,Arouca,2025-01-01,2025,1,1642424.055,14.31168439968497,1411290.44,231133.615,,0,5.0,True,0,0,0,0,0,0,0.4999999999999999,0.8660254037844387,Winter,1,Área Metropolitana do Porto,8.323687,0.0056857904,1,1
10421,Arouca e Burgo,Arouca,2025-02-01,2025,2,1461143.995,14.19473092947723,1243843.491,217300.504,,0,6.0,True,0,0,0,0,0,0,0.8660254037844386,0.5000000000000001,Winter,1,Área Metropolitana do Porto,8.808396,0.0016311111,0,0
10421,Arouca e Burgo,Arouca,2025-03-01,2025,3,1543754.6700000002,14.249728752226174,1231793.566,311961.104,,0,7.0,True,0,0,0,0,0,0,1.0,6.123233995736766e-17,Spring,1,Área Metropolitana do Porto,9.048118,0.0035833663,0,0
10421,Arouca e Burgo,Arouca,2025-04-01,2025,4,1378986.757,14.13686027856344,1042340.547,336646.21,,0,8.0,True,0,0,0,0,0,0,0.8660254037844387,-0.4999999999999998,Spring,2,Área Metropolitana do Porto,12.288259,0.0035608427,3,1
10421,Arouca e Burgo,Arouca,2025-05-01,2025,5,1357150.32,14.120898443285489,1009050.27,348100.05,,0,9.0,True,0,0,0,0,0,0,0.4999999999999999,-0.8660254037844387,Spring,2,Área Metropolitana do Porto,14.719595,0.0019883069,1,1
10421,Arouca e Burgo,Arouca,2025-06-01,2025,6,1400227.007,14.152145643467746,1019474.089,380752.918,,0,10.0,True,0,0,0,0,0,0,1.2246467991473532e-16,-1.0,Summer,2,Área Metropolitana do Porto,19.98709,0.00039903127,2,1
10421,Arouca e Burgo,Arouca,2025-07-01,2025,7,1582563.654,14.274557287774115,1148704.633,433859.021,,0,11.0,True,0,0,0,0,0,0,-0.4999999999999997,-0.8660254037844388,Summer,3,Área Metropolitana do Porto,21.884632,0.0003629185,0,0
10421,Arouca e Burgo,Arouca,2025-08-01,2025,8,1525939.999,14.238121826252076,1136733.647,389206.352,,0,12.0,True,0,0,0,0,0,0,-0.8660254037844385,-0.5000000000000004,Summer,3,Área Metropolitana do Porto,22.581627,0.00024087119,1,1
10422,Uf Cabreiros Albergaria Serra,Arouca,2024-10-01,2024,10,38139.176,10.549023493721634,38139.176,0.0,,0,0.0,True,0,0,0,0,0,0,-0.8660254037844386,0.5000000000000001,Autumn,4,Área Metropolitana do Porto,14.602497,0.004656598,1,1
10422,Uf Cabreiros Albergaria Serra,Arouca,2024-11-01,2024,11,36786.434,10.512911598452453,36786.434,0.0,,0,1.0,True,0,0,0,0,0,0,-0.5000000000000004,0.8660254037844384,Autumn,4,Área Metropolitana do Porto,12.644987,0.0016027896,1,1
10422,Uf Cabreiros Albergaria Serra,Arouca,2024-12-01,2024,12,48412.64,10.787536871183256,48412.64,0.0,,0,2.0,True,0,0,0,0,0,0,-2.4492935982947064e-16,1.0,Winter,4,Área Metropolitana do Porto,7.0831757,0.00040098603,3,1
10422,Uf Cabreiros Albergaria Serra,Arouca,2025-01-01,2025,1,44411.718,10.70128114884524,44411.718,0.0,,0,3.0,True,0,0,0,0,0,0,0.4999999999999999,0.8660254037844387,Winter,1,Área Metropolitana do Porto,7.823269,0.0056763007,1,1
10422,Uf Cabreiros Albergaria Serra,Arouca,2025-02-01,2025,2,38691.297,10.563395815278351,38691.297,0.0,,0,4.0,True,0,0,0,0,0,0,0.8660254037844386,0.5000000000000001,Winter,1,Área Metropolitana do Porto,8.406954,0.0015470927,0,0
10422,Uf Cabreiros Albergaria Serra,Arouca,2025-03-01,2025,3,42928.085,10.667304847224868,42928.085,0.0,,0,5.0,True,0,0,0,0,0,0,1.0,6.123233995736766e-17,Spring,1,Área Metropolitana do Porto,8.716333,0.0036635431,0,0
10422,Uf Cabreiros Albergaria Serra,Arouca,2025-04-01,2025,4,42011.635,10.645725685357563,42011.635,0.0,,0,6.0,True,0,0,0,0,0,0,0.8660254037844387,-0.4999999999999998,Spring,2,Área Metropolitana do Porto,11.989726,0.0034356948,3,1
10422,Uf Cabreiros Albergaria Serra,Arouca,2025-05-01,2025,5,43897.24,10.68962950714342,43897.24,0.0,,0,7.0,True,0,0,0,0,0,0,0.4999999999999999,-0.8660254037844387,Spring,2,Área Metropolitana do Porto,14.567929,0.001963963,1,1
10422,Uf Cabreiros Albergaria Serra,Arouca,2025-06-01,2025,6,43446.669,10.679312481383324,43446.669,0.0,,0,8.0,True,0,0,0,0,0,0,1.2246467991473532e-16,-1.0,Summer,2,Área Metropolitana do Porto,20.083141,0.00038905675,2,1
10422,Uf Cabreiros Albergaria Serra,Arouca,2025-07-01,2025,7,49632.878,10.812428903751703,49632.878,0.0,,0,9.0,True,0,0,0,0,0,0,-0.4999999999999997,-0.8660254037844388,Summer,3,Área Metropolitana do Porto,21.913105,0.00033178777,0,0
10422,Uf Cabreiros Albergaria Serra,Arouca,2025-08-01,2025,8,54205.049,10.900547786366396,54205.049,0.0,,0,10.0,True,0,0,0,0,0,0,-0.8660254037844385,-0.5000000000000004,Summer,3,Área Metropolitana do Porto,22.81766,0.0002156213,1,1
10422,Uf Cabreiros Albergaria Serra,Arouca,2025-09-01,2025,9,44515.161,10.703607570763925,44515.161,0.0,,0,11.0,True,0,0,0,0,0,0,-1.0,-1.8369701987210292e-16,Autumn,3,Área Metropolitana do Porto,17.046534,0.000858309,0,0
10422,Uf Cabreiros Albergaria Serra,Arouca,2025-10-01,2025,10,45308.537,10.72127281911416,45308.537,0.0,,0,12.0,True,0,0,0,0,0,0,-0.8660254037844386,0.5000000000000001,Autumn,4,Área Metropolitana do Porto,16.414783,0.0032319275,1,1
10423,Uf Canelas e Espiunca,Arouca,2024-10-01,2024,10,180420.383,12.10305041062854,133794.088,46626.295,,0,0.0,True,0,0,0,0,0,0,-0.8660254037844386,0.5000000000000001,Autumn,4,Área Metropolitana do Porto,15.110094,0.0043112054,1,1
10423,Uf Canelas e Espiunca,Arouca,2024-11-01,2024,11,174121.716,12.06751559398244,129684.842,44436.874,,0,1.0,True,0,0,0,0,0,0,-0.5000000000000004,0.8660254037844384,Autumn,4,Área Metropolitana do Porto,13.046137,0.0015738364,1,1
10423,Uf Canelas e Espiunca,Arouca,2024-12-01,2024,12,198332.047,12.197702952161135,155331.082,43000.965,,0,2.0,True,0,0,0,0,0,0,-2.4492935982947064e-16,1.0,Winter,4,Área Metropolitana do Porto,7.3711357,0.0004111438,3,1
10423,Uf Canelas e Espiunca,Arouca,2025-01-01,2025,1,205656.74,12.233968609711813,158397.225,47259.515,,0,3.0,True,0,0,0,0,0,0,0.4999999999999999,0.8660254037844387,Winter,1,Área Metropolitana do Porto,8.248226,0.005368131,1,1
10423,Uf Canelas e Espiunca,Arouca,2025-02-01,2025,2,173799.534,12.065663564305831,130269.514,43530.02,,0,4.0,True,0,0,0,0,0,0,0.8660254037844386,0.5000000000000001,Winter,1,Área Metropolitana do Porto,8.8428545,0.0015046725,0,0
10423,Uf Canelas e Espiunca,Arouca,2025-03-01,2025,3,182835.75,12.116348957183783,135501.059,47334.691,,0,5.0,True,0,0,0,0,0,0,1.0,6.123233995736766e-17,Spring,1,Área Metropolitana do Porto,9.241393,0.0034099033,0,0
10423,Uf Canelas e Espiunca,Arouca,2025-04-01,2025,4,171914.407,12.054757815045138,125748.533,46165.874,,0,6.0,True,0,0,0,0,0,0,0.8660254037844387,-0.4999999999999998,Spring,2,Área Metropolitana do Porto,12.528707,0.0033396012,3,1
10423,Uf Canelas e Espiunca,Arouca,2025-05-01,2025,5,174866.026,12.07178111264366,128426.158,46439.868,,0,7.0,True,0,0,0,0,0,0,0.4999999999999999,-0.8660254037844387,Spring,2,Área Metropolitana do Porto,15.157224,0.001846193,1,1
10423,Uf Canelas e Espiunca,Arouca,2025-06-01,2025,6,182595.181,12.115032332356932,141450.415,41144.766,,0,8.0,True,0,0,0,0,0,0,1.2246467991473532e-16,-1.0,Summer,2,Área Metropolitana do Porto,20.47275,0.00044016118,2,1
10423,Uf Canelas e Espiunca,Arouca,2025-07-01,2025,7,202606.128,12.21902405280369,163411.346,39194.782,,0,9.0,True,0,0,0,0,0,0,-0.4999999999999997,-0.8660254037844388,Summer,3,Área Metropolitana do Porto,22.295639,0.00032775954,0,0
10423,Uf Canelas e Espiunca,Arouca,2025-08-01,2025,8,198530.344,12.19870227092593,157771.281,40759.063,,0,10.0,True,0,0,0,0,0,0,-0.8660254037844385,-0.5000000000000004,Summer,3,Área Metropolitana do Porto,23.131712,0.00024712848,1,1
10423,Uf Canelas e Espiunca,Arouca,2025-09-01,2025,9,177155.206,12.084787142138364,133080.952,44074.254,,0,11.0,True,0,0,0,0,0,0,-1.0,-1.8369701987210292e-16,Autumn,3,Área Metropolitana do Porto,17.3858,0.0007957294,0,0
10423,Uf Canelas e Espiunca,Arouca,2025-10-01,2025,10,180187.223,12.101757266859702,132921.992,47265.231,,0,12.0,True,0,0,0,0,0,0,-0.8660254037844386,0.5000000000000001,Autumn,4,Área Metropolitana do Porto,16.778381,0.0030695603,1,1
10424,Uf Covelo de Paivo e Janarde,Arouca,2024-10-01,2024,10,19956.421,9.901356333100496,19956.421,0.0,,0,0.0,True,0,0,0,0,0,0,-0.8660254037844386,0.5000000000000001,Autumn,4,Área Metropolitana do Porto,14.602497,0.004656598,1,1
10424,Uf Covelo de Paivo e Janarde,Arouca,2024-11-01,2024,11,19734.512,9.890174931515164,19734.512,0.0,,0,1.0,True,0,0,0,0,0,0,-0.5000000000000004,0.8660254037844384,Autumn,4,Área Metropolitana do Porto,12.644987,0.0016027896,1,1
10424,Uf Covelo de Paivo e Janarde,Arouca,2024-12-01,2024,12,22305.671,10.012641060694436,22305.671,0.0,,0,2.0,True,0,0,0,0,0,0,-2.4492935982947064e-16,1.0,Winter,4,Área Metropolitana do Porto,7.0831757,0.00040098603,3,1
10424,Uf Covelo de Paivo e Janarde,Arouca,2025-01-01,2025,1,22294.247,10.012128795717407,22294.247,0.0,,0,3.0,True,0,0,0,0,0,0,0.4999999999999999,0.8660254037844387,Winter,1,Área Metropolitana do Porto,7.823269,0.0056763007,1,1
10424,Uf Covelo de Paivo e Janarde,Arouca,2025-02-01,2025,2,19281.36,9.86694596731246,19281.36,0.0,,0,4.0,True,0,0,0,0,0,0,0.8660254037844386,0.5000000000000001,Winter,1,Área Metropolitana do Porto,8.406954,0.0015470927,0,0
10424,Uf Covelo de Paivo e Janarde,Arouca,2025-03-01,2025,3,20565.98,9.931442156117422,20565.98,0.0,,0,5.0,True,0,0,0,0,0,0,1.0,6.123233995736766e-17,Spring,1,Área Metropolitana do Porto,8.716333,0.0036635431,0,0
10424,Uf Covelo de Paivo e Janarde,Arouca,2025-04-01,2025,4,19071.078,9.855980659621814,19071.078,0.0,,0,6.0,True,0,0,0,0,0,0,0.8660254037844387,-0.4999999999999998,Spring,2,Área Metropolitana do Porto,11.989726,0.0034356948,3,1
10424,Uf Covelo de Paivo e Janarde,Arouca,2025-05-01,2025,5,19399.013,9.873029015154287,19399.013,0.0,,0,7.0,True,0,0,0,0,0,0,0.4999999999999999,-0.8660254037844387,Spring,2,Área Metropolitana do Porto,14.567929,0.001963963,1,1
10424,Uf Covelo de Paivo e Janarde,Arouca,2025-06-01,2025,6,20728.506,9.9393133749481,20728.506,0.0,,0,8.0,True,0,0,0,0,0,0,1.2246467991473532e-16,-1.0,Summer,2,Área Metropolitana do Porto,20.083141,0.00038905675,2,1
10424,Uf Covelo de Paivo e Janarde,Arouca,2025-07-01,2025,7,24524.962,10.1074875089446,24524.962,0.0,,0,9.0,True,0,0,0,0,0,0,-0.4999999999999997,-0.8660254037844388,Summer,3,Área Metropolitana do Porto,21.913105,0.00033178777,0,0
10424,Uf Covelo de Paivo e Janarde,Arouca,2025-08-01,2025,8,25930.888,10.163228687297435,25930.888,0.0,,0,10.0,True,0,0,0,0,0,0,-0.8660254037844385,-0.5000000000000004,Summer,3,Área Metropolitana do Porto,22.81766,0.0002156213,1,1
10424,Uf Covelo de Paivo e Janarde,Arouca,2025-09-01,2025,9,21918.946,9.995152277555269,21918.946,0.0,,0,11.0,True,0,0,0,0,0,0,-1.0,-1.8369701987210292e-16,Autumn,3,Área Metropolitana do Porto,17.046534,0.000858309,0,0
10424,Uf Covelo de Paivo e Janarde,Arouca,2025-10-01,2025,10,22364.623,10.015280371504016,22364.623,0.0,,0,12.0,True,0,0,0,0,0,0,-0.8660254037844386,0.5000000000000001,Autumn,4,Área Metropolitana do Porto,16.414783,0.0032319275,1,1
10702,Espinho,Espinho,2024-10-01,2024,10,3054567.392,14.932148861392582,2301852.009,752715.383,,0,0.0,True,0,0,0,0,0,0,-0.8660254037844386,0.5000000000000001,Autumn,4,Área Metropolitana do Porto,17.325146,0.0030339018,1,1
10702,Espinho,Espinho,2024-11-01,2024,11,3074852.9080000003,14.938767948500644,2359673.757,715179.151,,0,1.0,True,0,0,0,0,0,0,-0.5000000000000004,0.8660254037844384,Autumn,4,Área Metropolitana do Porto,15.599403,0.0012957455,1,1
10702,Espinho,Espinho,2024-12-01,2024,12,3580842.197,15.091108860532342,2854368.799,726473.398,,0,2.0,True,0,0,0,0,0,0,-2.4492935982947064e-16,1.0,Winter,4,Área Metropolitana do Porto,10.424038,0.00032663447,3,1
10702,Espinho,Espinho,2025-01-01,2025,1,3759395.083,15.139768886242503,3023978.332,735416.751,,0,3.0,True,0,0,0,0,0,0,0.4999999999999999,0.8660254037844387,Winter,1,Área Metropolitana do Porto,11.047922,0.004401409,1,1
10702,Espinho,Espinho,2025-02-01,2025,2,3269671.153,15.000200278825758,2607440.505,662230.648,,0,4.0,True,0,0,0,0,0,0,0.8660254037844386,0.5000000000000001,Winter,1,Área Metropolitana do Porto,11.323458,0.0016888455,0,0
10702,Espinho,Espinho,2025-03-01,2025,3,3431063.897,15.04838123655532,2712389.461,718674.436,,0,5.0,True,0,0,0,0,0,0,1.0,6.123233995736766e-17,Spring,1,Área Metropolitana do Porto,11.63364,0.002790625,0,0
10702,Espinho,Espinho,2025-04-01,2025,4,3046303.907,14.929439908215413,2359047.475,687256.432,,0,6.0,True,0,0,0,0,0,0,0.8660254037844387,-0.4999999999999998,Spring,2,Área Metropolitana do Porto,14.624483,0.0033174353,3,1
10702,Espinho,Espinho,2025-05-01,2025,5,3014944.777,14.919092403570424,2306411.493,708533.284,,0,7.0,True,0,0,0,0,0,0,0.4999999999999999,-0.8660254037844387,Spring,2,Área Metropolitana do Porto,16.54891,0.001413197,1,1
10702,Espinho,Espinho,2025-06-01,2025,6,2955708.074,14.89924913739758,2236234.235,719473.839,,0,8.0,True,0,0,0,0,0,0,1.2246467991473532e-16,-1.0,Summer,2,Área Metropolitana do Porto,20.53555,0.0003460721,2,1
10702,Espinho,Espinho,2025-07-01,2025,7,3106015.796,14.948851690274346,2354452.506,751563.29,,0,9.0,True,0,0,0,0,0,0,-0.4999999999999997,-0.8660254037844388,Summer,3,Área Metropolitana do Porto,22.58836,0.0002901771,0,0
10702,Espinho,Espinho,2025-08-01,2025,8,3096961.39,14.945932314871268,2350393.262,746568.128,,0,10.0,True,0,0,0,0,0,0,-0.8660254037844385,-0.5000000000000004,Summer,3,Área Metropolitana do Porto,22.663101,0.00020656816,1,1
10702,Espinho,Espinho,2025-09-01,2025,9,2963379.043,14.901841081239931,2256440.683,706938.36,,0,11.0,True,0,0,0,0,0,0,-1.0,-1.8369701987210292e-16,Autumn,3,Área Metropolitana do Porto,18.83395,0.0007009094,0,0
10702,Espinho,Espinho,2025-10-01,2025,10,3077893.939,14.939756459919929,2354658.386,723235.553,,0,12.0,True,0,0,0,0,0,0,-0.8660254037844386,0.5000000000000001,Autumn,4,Área Metropolitana do Porto,18.295858,0.0024625633,1,1
10704,Paramos,Espinho,2024-07-01,2024,7,711684.513,13.475391397593324,404563.088,307121.425,2024-07-01,1,0.0,False,1,0,1,1,0,1,-0.4999999999999997,-0.8660254037844388,Summer,3,Área Metropolitana do Porto,21.331066,0.00035757857,0,0
10704,Paramos,Espinho,2024-08-01,2024,8,721201.19,13.488674806912346,403629.337,317571.853,2024-07-01,1,1.0,False,0,0,0,1,0,1,-0.8660254037844385,-0.5000000000000004,Summer,3,Área Metropolitana do Porto,21.701187,3.4239652e-05,1,1
10704,Paramos,Espinho,2024-09-01,2024,9,685355.6950000001,13.43769470434312,398063.074,287292.621,2024-07-01,1,2.0,False,0,0,0,1,0,1,-1.0,-1.8369701987210292e-16,Autumn,3,Área Metropolitana do Porto,19.05613,0.00159024,0,0
10704,Paramos,Espinho,2024-10-01,2024,10,724375.5619999999,13.493066649415502,431528.148,292847.414,2024-07-01,1,3.0,False,0,0,0,1,0,1,-0.8660254037844386,0.5000000000000001,Autumn,4,Área Metropolitana do Porto,17.325146,0.0030339018,1,1
10704,Paramos,Espinho,2024-11-01,2024,11,692427.919,13.447960867732048,428735.834,263692.085,2024-07-01,1,4.0,False,0,0,0,1,0,1,-0.5000000000000004,0.8660254037844384,Autumn,4,Área Metropolitana do Porto,15.599403,0.0012957455,1,1
10704,Paramos,Espinho,2024-12-01,2024,12,764554.9709999999,13.547050514228571,489529.703,275025.268,2024-07-01,1,5.0,False,0,0,0,1,0,1,-2.4492935982947064e-16,1.0,Winter,4,Área Metropolitana do Porto,10.424038,0.00032663447,3,1
10704,Paramos,Espinho,2025-01-01,2025,1,805057.571,13.598670312760104,524668.649,280388.922,2024-07-01,1,6.0,False,0,0,0,1,0,1,0.4999999999999999,0.8660254037844387,Winter,1,Área Metropolitana do Porto,11.047922,0.004401409,1,1
10704,Paramos,Espinho,2025-02-01,2025,2,726166.2,13.495535570321564,449677.069,276489.131,2024-07-01,1,7.0,False,0,0,0,1,0,1,0.8660254037844386,0.5000000000000001,Winter,1,Área Metropolitana do Porto,11.323458,0.0016888455,0,0
10704,Paramos,Espinho,2025-03-01,2025,3,785796.523,13.57445443389995,463391.126,322405.397,2024-07-01,1,8.0,False,0,0,0,1,0,1,1.0,6.123233995736766e-17,Spring,1,Área Metropolitana do Porto,11.63364,0.002790625,0,0
10704,Paramos,Espinho,2025-04-01,2025,4,701222.809,13.460582386101944,406610.492,294612.317,2024-07-01,1,9.0,False,0,0,0,1,0,1,0.8660254037844387,-0.4999999999999998,Spring,2,Área Metropolitana do Porto,14.624483,0.0033174353,3,1
10704,Paramos,Espinho,2025-05-01,2025,5,705370.9,13.466480460436337,397481.346,307889.554,2024-07-01,1,10.0,False,0,0,0,1,0,1,0.4999999999999999,-0.8660254037844387,Spring,2,Área Metropolitana do Porto,16.54891,0.001413197,1,1
10704,Paramos,Espinho,2025-06-01,2025,6,684515.44,13.43646794095327,388359.894,296155.546,2024-07-01,1,11.0,False,0,0,0,1,0,1,1.2246467991473532e-16,-1.0,Summer,2,Área Metropolitana do Porto,20.53555,0.0003460721,2,1
10704,Paramos,Espinho,2025-07-01,2025,7,699868.8859999999,13.458649719605388,405914.043,293954.843,2024-07-01,1,12.0,False,0,0,0,1,0,1,-0.4999999999999997,-0.8660254037844388,Summer,3,Área Metropolitana do Porto,22.58836,0.0002901771,0,0
10704,Paramos,Espinho,2025-08-01,2025,8,724512.592,13.493255801091395,410671.914,313840.678,2024-07-01,1,13.0,False,0,0,0,1,0,1,-0.8660254037844385,-0.5000000000000004,Summer,3,Área Metropolitana do Porto,22.663101,0.00020656816,1,1
10704,Paramos,Espinho,2025-09-01,2025,9,691933.8489999999,13.447247081323596,403533.637,288400.212,2024-07-01,1,14.0,False,0,0,0,1,0,1,-1.0,-1.8369701987210292e-16,Autumn,3,Área Metropolitana do Porto,18.83395,0.0007009094,0,0
10704,Paramos,Espinho,2025-10-01,2025,10,695911.009,13.452978507473814,441089.643,254821.366,2024-07-01,1,15.0,False,0,0,0,1,0,1,-0.8660254037844386,0.5000000000000001,Autumn,4,Área Metropolitana do Porto,18.295858,0.0024625633,1,1
10705,Silvalde,Espinho,2024-10-01,2024,10,1242407.128,14.032562092971649,873791.609,368615.519,,0,0.0,True,0,0,0,0,0,0,-0.8660254037844386,0.5000000000000001,Autumn,4,Área Metropolitana do Porto,17.325146,0.0030339018,1,1
10705,Silvalde,Espinho,2024-11-01,2024,11,1270361.057,14.054812502057947,888944.976,381416.081,,0,1.0,True,0,0,0,0,0,0,-0.5000000000000004,0.8660254037844384,Autumn,4,Área Metropolitana do Porto,15.599403,0.0012957455,1,1
10705,Silvalde,Espinho,2024-12-01,2024,12,1335429.479,14.10476425401844,1015463.978,319965.501,,0,2.0,True,0,0,0,0,0,0,-2.4492935982947064e-16,1.0,Winter,4,Área Metropolitana do Porto,10.424038,0.00032663447,3,1
10705,Silvalde,Espinho,2025-01-01,2025,1,1463936.7759999998,14.196640469867887,1082200.228,381736.548,,0,3.0,True,0,0,0,0,0,0,0.4999999999999999,0.8660254037844387,Winter,1,Área Metropolitana do Porto,11.047922,0.004401409,1,1
10705,Silvalde,Espinho,2025-02-01,2025,2,1304046.531,14.080983470957818,940799.436,363247.095,,0,4.0,True,0,0,0,0,0,0,0.8660254037844386,0.5000000000000001,Winter,1,Área Metropolitana do Porto,11.323458,0.0016888455,0,0
10705,Silvalde,Espinho,2025-03-01,2025,3,1344784.196,14.111744852687576,976526.425,368257.771,,0,5.0,True,0,0,0,0,0,0,1.0,6.123233995736766e-17,Spring,1,Área Metropolitana do Porto,11.63364,0.002790625,0,0
10705,Silvalde,Espinho,2025-04-01,2025,4,1163408.974,13.96686588356972,850101.102,313307.872,,0,6.0,True,0,0,0,0,0,0,0.8660254037844387,-0.4999999999999998,Spring,2,Área Metropolitana do Porto,14.624483,0.0033174353,3,1
10705,Silvalde,Espinho,2025-05-01,2025,5,1136447.091,13.94341824679256,834217.959,302229.132,,0,7.0,True,0,0,0,0,0,0,0.4999999999999999,-0.8660254037844387,Spring,2,Área Metropolitana do Porto,16.54891,0.001413197,1,1
10705,Silvalde,Espinho,2025-06-01,2025,6,1101865.415,13.91251604083903,803935.199,297930.216,,0,8.0,True,0,0,0,0,0,0,1.2246467991473532e-16,-1.0,Summer,2,Área Metropolitana do Porto,20.53555,0.0003460721,2,1
10705,Silvalde,Espinho,2025-07-01,2025,7,1145064.808,13.950972667554703,837371.668,307693.14,,0,9.0,True,0,0,0,0,0,0,-0.4999999999999997,-0.8660254037844388,Summer,3,Área Metropolitana do Porto,22.58836,0.0002901771,0,0
10705,Silvalde,Espinho,2025-08-01,2025,8,1106952.47,13.917122178287055,828395.019,278557.451,,0,10.0,True,0,0,0,0,0,0,-0.8660254037844385,-0.5000000000000004,Summer,3,Área Metropolitana do Porto,22.663101,0.00020656816,1,1
10705,Silvalde,Espinho,2025-09-01,2025,9,1109559.185,13.919474265039046,809643.379,299915.806,,0,11.0,True,0,0,0,0,0,0,-1.0,-1.8369701987210292e-16,Autumn,3,Área Metropolitana do Porto,18.83395,0.0007009094,0,0
10705,Silvalde,Espinho,2025-10-01,2025,10,1257339.474,14.04450931326652,886336.875,371002.599,,0,12.0,True,0,0,0,0,0,0,-0.8660254037844386,0.5000000000000001,Autumn,4,Área Metropolitana do Porto,18.295858,0.0024625633,1,1
10901,Argoncilhe,Santa Maria da Feira,2024-06-01,2024,6,3426640.252,15.047091112564162,994118.65,2432521.602,2024-06-01,1,0.0,False,1,0,1,1,0,1,1.2246467991473532e-16,-1.0,Summer,2,Área Metropolitana do Porto,18.596504,0.0016251483,1,1
10901,Argoncilhe,Santa Maria da Feira,2024-07-01,2024,7,3726980.666,15.131109259211303,1047206.502,2679774.164,2024-06-01,1,1.0,False,2,0,2,3,0,3,-0.4999999999999997,-0.8660254037844388,Summer,3,Área Metropolitana do Porto,21.286644,0.00040605228,0,0
10901,Argoncilhe,Santa Maria da Feira,2024-08-01,2024,8,2559160.453,14.75519020537522,1024909.722,1534250.731,2024-06-01,1,2.0,False,0,0,0,3,0,3,-0.8660254037844385,-0.5000000000000004,Summer,3,Área Metropolitana do Porto,21.76678,4.0733918e-05,1,1
10901,Argoncilhe,Santa Maria da Feira,2024-09-01,2024,9,3259441.909,14.99706685193026,1017895.839,2241546.07,2024-06-01,1,3.0,False,0,0,0,3,0,3,-1.0,-1.8369701987210292e-16,Autumn,3,Área Metropolitana do Porto,18.712812,0.0017860108,0,0
10901,Argoncilhe,Santa Maria da Feira,2024-10-01,2024,10,3947991.341,15.188717739564025,1127714.58,2820276.761,2024-06-01,1,4.0,False,0,0,0,3,0,3,-0.8660254037844386,0.5000000000000001,Autumn,4,Área Metropolitana do Porto,16.746412,0.0035686076,1,1
10901,Argoncilhe,Santa Maria da Feira,2024-11-01,2024,11,4074570.279,15.22027609151503,1183197.478,2891372.801,2024-06-01,1,5.0,False,0,0,0,3,0,3,-0.5000000000000004,0.8660254037844384,Autumn,4,Área Metropolitana do Porto,15.005344,0.0013874606,1,1
10901,Argoncilhe,Santa Maria da Feira,2024-12-01,2024,12,3676206.1,15.117392099282082,1457984.229,2218221.871,2024-06-01,1,6.0,False,0,0,0,3,0,3,-2.4492935982947064e-16,1.0,Winter,4,Área Metropolitana do Porto,9.679984,0.00037748303,3,1
10901,Argoncilhe,Santa Maria da Feira,2025-01-01,2025,1,4239328.872,15.259915765660468,1549325.953,2690002.919,2024-06-01,1,7.0,False,0,0,0,3,0,3,0.4999999999999999,0.8660254037844387,Winter,1,Área Metropolitana do Porto,10.348854,0.004882315,1,1
10901,Argoncilhe,Santa Maria da Feira,2025-02-01,2025,2,4157620.488,15.240453711029378,1330952.799,2826667.689,2024-06-01,1,8.0,False,0,0,0,3,0,3,0.8660254037844386,0.5000000000000001,Winter,1,Área Metropolitana do Porto,10.690761,0.0016860159,0,0
10901,Argoncilhe,Santa Maria da Feira,2025-03-01,2025,3,4252897.018,15.263111195109806,1350992.625,2901904.393,2024-06-01,1,9.0,False,1,0,1,4,0,4,1.0,6.123233995736766e-17,Spring,1,Área Metropolitana do Porto,11.039857,0.0030490332,0,0
10901,Argoncilhe,Santa Maria da Feira,2025-04-01,2025,4,3762716.979,15.140652120979064,1146228.314,2616488.665,2024-06-01,1,10.0,False,0,0,0,4,0,4,0.8660254037844387,-0.4999999999999998,Spring,2,Área Metropolitana do Porto,14.07537,0.0033760564,3,1
10901,Argoncilhe,Santa Maria da Feira,2025-05-01,2025,5,3944374.816,15.1878012781975,1105012.72,2839362.096,2024-06-01,1,11.0,False,0,0,0,4,0,4,0.4999999999999999,-0.8660254037844387,Spring,2,Área Metropolitana do Porto,16.196672,0.0016422383,1,1
10901,Argoncilhe,Santa Maria da Feira,2025-06-01,2025,6,3770050.19,15.142599137581346,1071364.108,2698686.082,2024-06-01,1,12.0,False,0,0,0,4,0,4,1.2246467991473532e-16,-1.0,Summer,2,Área Metropolitana do Porto,20.514275,0.00038198163,2,1
10901,Argoncilhe,Santa Maria da Feira,2025-07-01,2025,7,3808091.761,15.152639034103007,1154057.93,2654033.831,2024-06-01,1,13.0,False,0,0,0,4,0,4,-0.4999999999999997,-0.8660254037844388,Summer,3,Área Metropolitana do Porto,22.549164,0.00032207405,0,0
10901,Argoncilhe,Santa Maria da Feira,2025-08-01,2025,8,2400069.445,14.691008646970744,1115531.768,1284537.677,2024-06-01,1,14.0,False,0,0,0,4,0,4,-0.8660254037844385,-0.5000000000000004,Summer,3,Área Metropolitana do Porto,22.887707,0.00022277811,1,1
10901,Argoncilhe,Santa Maria da Feira,2025-09-01,2025,9,3325706.7469999995,15.017193065662015,1056907.464,2268799.283,2024-06-01,1,15.0,False,1,0,1,5,0,5,-1.0,-1.8369701987210292e-16,Autumn,3,Área Metropolitana do Porto,18.51285,0.0007574995,0,0
10901,Argoncilhe,Santa Maria da Feira,2025-10-01,2025,10,4121608.747,15.231754360307628,1163255.639,2958353.108,2024-06-01,1,16.0,False,0,0,0,5,0,5,-0.8660254037844386,0.5000000000000001,Autumn,4,Área Metropolitana do Porto,17.961014,0.0027462344,1,1
10902,Arrifana,Santa Maria da Feira,2024-05-01,2024,5,1897239.631,14.45591108905394,1031206.06,866033.571,2024-05-01,1,0.0,False,1,0,1,1,0,1,0.4999999999999999,-0.8660254037844387,Spring,2,Área Metropolitana do Porto,15.034524,0.0013616536,2,1
10902,Arrifana,Santa Maria da Feira,2024-06-01,2024,6,1869391.603,14.441124124838227,973007.181,896384.422,2024-05-01,1,1.0,False,0,0,0,1,0,1,1.2246467991473532e-16,-1.0,Summer,2,Área Metropolitana do Porto,18.448448,0.0016163728,1,1
10902,Arrifana,Santa Maria da Feira,2024-07-01,2024,7,2004001.835,14.510657155856553,1032263.1,971738.735,2024-05-01,1,2.0,False,0,0,0,1,0,1,-0.4999999999999997,-0.8660254037844388,Summer,3,Área Metropolitana do Porto,21.182703,0.00042578526,0,0
10902,Arrifana,Santa Maria da Feira,2024-08-01,2024,8,1787653.651,14.396415067849787,939055.269,848598.382,2024-05-01,1,3.0,False,0,0,0,1,0,1,-0.8660254037844385,-0.5000000000000004,Summer,3,Área Metropolitana do Porto,21.648857,2.907569e-05,1,1
10902,Arrifana,Santa Maria da Feira,2024-09-01,2024,9,1872408.043,14.442736418026811,975254.915,897153.128,2024-05-01,1,4.0,False,0,0,0,1,0,1,-1.0,-1.8369701987210292e-16,Autumn,3,Área Metropolitana do Porto,18.568954,0.0017400369,0,0
10902,Arrifana,Santa Maria da Feira,2024-10-01,2024,10,2059288.885,14.53787176531812,1099508.778,959780.107,2024-05-01,1,5.0,False,0,0,0,1,0,1,-0.8660254037844386,0.5000000000000001,Autumn,4,Área Metropolitana do Porto,16.596422,0.0037179221,1,1
10902,Arrifana,Santa Maria da Feira,2024-11-01,2024,11,2103490.0700000003,14.55910893669826,1151807.844,951682.226,2024-05-01,1,6.0,False,0,0,0,1,0,1,-0.5000000000000004,0.8660254037844384,Autumn,4,Área Metropolitana do Porto,14.894053,0.0014270266,1,1
10902,Arrifana,Santa Maria da Feira,2024-12-01,2024,12,2185577.913,14.597391300160528,1314118.913,871459.0,2024-05-01,1,7.0,False,0,0,0,1,0,1,-2.4492935982947064e-16,1.0,Winter,4,Área Metropolitana do Porto,9.622535,0.00032675025,3,1
10902,Arrifana,Santa Maria da Feira,2025-01-01,2025,1,2427264.774,14.70227598592381,1455158.131,972106.643,2024-05-01,1,8.0,False,0,0,0,1,0,1,0.4999999999999999,0.8660254037844387,Winter,1,Área Metropolitana do Porto,10.25696,0.0048657404,1,1
10902,Arrifana,Santa Maria da Feira,2025-02-01,2025,2,2095173.374,14.555147341287554,1266596.837,828576.537,2024-05-01,1,9.0,False,0,0,0,1,0,1,0.8660254037844386,0.5000000000000001,Winter,1,Área Metropolitana do Porto,10.6212015,0.0016634068,0,0
10902,Arrifana,Santa Maria da Feira,2025-03-01,2025,3,2119205.748,14.566552401155388,1287847.089,831358.659,2024-05-01,1,10.0,False,0,0,0,1,0,1,1.0,6.123233995736766e-17,Spring,1,Área Metropolitana do Porto,10.908496,0.0031234084,0,0
10902,Arrifana,Santa Maria da Feira,2025-04-01,2025,4,1888032.818,14.451046537603435,1065656.915,822375.903,2024-05-01,1,11.0,False,0,0,0,1,0,1,0.8660254037844387,-0.4999999999999998,Spring,2,Área Metropolitana do Porto,13.958741,0.003487724,3,1
10902,Arrifana,Santa Maria da Feira,2025-05-01,2025,5,1869493.336,14.441178543707634,1009301.143,860192.193,2024-05-01,1,12.0,False,0,0,0,1,0,1,0.4999999999999999,-0.8660254037844387,Spring,2,Área Metropolitana do Porto,16.01162,0.0015969527,1,1
10902,Arrifana,Santa Maria da Feira,2025-06-01,2025,6,1791206.222,14.398400376192454,983749.589,807456.633,2024-05-01,1,13.0,False,0,0,0,1,0,1,1.2246467991473532e-16,-1.0,Summer,2,Área Metropolitana do Porto,20.429836,0.00033581426,2,1
10902,Arrifana,Santa Maria da Feira,2025-07-01,2025,7,1978211.613,14.497704274265931,1061016.56,917195.053,2024-05-01,1,14.0,False,0,0,0,1,0,1,-0.4999999999999997,-0.8660254037844388,Summer,3,Área Metropolitana do Porto,22.427671,0.00031303876,0,0
10902,Arrifana,Santa Maria da Feira,2025-08-01,2025,8,1769029.965,14.385942477228408,977913.151,791116.814,2024-05-01,1,15.0,False,0,0,0,1,0,1,-0.8660254037844385,-0.5000000000000004,Summer,3,Área Metropolitana do Porto,22.728613,0.00021389569,1,1
10902,Arrifana,Santa Maria da Feira,2025-09-01,2025,9,1776044.228,14.38989966842621,969578.327,806465.901,2024-05-01,1,16.0,False,0,0,0,1,0,1,-1.0,-1.8369701987210292e-16,Autumn,3,Área Metropolitana do Porto,18.34869,0.00079718995,0,0
10902,Arrifana,Santa Maria da Feira,2025-10-01,2025,10,2036387.762,14.52668858243292,1102445.065,933942.697,2024-05-01,1,17.0,False,0,0,0,1,0,1,-0.8660254037844386,0.5000000000000001,Autumn,4,Área Metropolitana do Porto,17.875782,0.0027773336,1,1
10904,Escapaes,Santa Maria da Feira,2024-10-01,2024,10,576610.081,13.264923281830429,453443.353,123166.728,,0,0.0,True,0,0,0,0,0,0,-0.8660254037844386,0.5000000000000001,Autumn,4,Área Metropolitana do Porto,16.596422,0.0037179221,1,1
10904,Escapaes,Santa Maria da Feira,2024-11-01,2024,11,602896.709,13.30950282450345,474368.137,128528.572,,0,1.0,True,0,0,0,0,0,0,-0.5000000000000004,0.8660254037844384,Autumn,4,Área Metropolitana do Porto,14.894053,0.0014270266,1,1
10904,Escapaes,Santa Maria da Feira,2024-12-01,2024,12,697811.887,13.455706275606698,582444.586,115367.301,,0,2.0,True,0,0,0,0,0,0,-2.4492935982947064e-16,1.0,Winter,4,Área Metropolitana do Porto,9.622535,0.00032675025,3,1
10904,Escapaes,Santa Maria da Feira,2025-01-01,2025,1,800179.503,13.592592609949726,635850.956,164328.547,,0,3.0,True,0,0,0,0,0,0,0.4999999999999999,0.8660254037844387,Winter,1,Área Metropolitana do Porto,10.25696,0.0048657404,1,1
10904,Escapaes,Santa Maria da Feira,2025-02-01,2025,2,702763.3640000001,13.462776928261064,542470.341,160293.023,,0,4.0,True,0,0,0,0,0,0,0.8660254037844386,0.5000000000000001,Winter,1,Área Metropolitana do Porto,10.6212015,0.0016634068,0,0
10904,Escapaes,Santa Maria da Feira,2025-03-01,2025,3,704267.081,13.46491435953045,546251.78,158015.301,,0,5.0,True,0,0,0,0,0,0,1.0,6.123233995736766e-17,Spring,1,Área Metropolitana do Porto,10.908496,0.0031234084,0,0
10904,Escapaes,Santa Maria da Feira,2025-04-01,2025,4,593473.529,13.293749575514454,454510.133,138963.396,,0,6.0,True,0,0,0,0,0,0,0.8660254037844387,-0.4999999999999998,Spring,2,Área Metropolitana do Porto,13.958741,0.003487724,3,1
10904,Escapaes,Santa Maria da Feira,2025-05-01,2025,5,550509.826,13.218601900709904,429989.195,120520.631,,0,7.0,True,0,0,0,0,0,0,0.4999999999999999,-0.8660254037844387,Spring,2,Área Metropolitana do Porto,16.01162,0.0015969527,1,1
10904,Escapaes,Santa Maria da Feira,2025-06-01,2025,6,520297.45,13.16215786822341,416411.547,103885.903,,0,8.0,True,0,0,0,0,0,0,1.2246467991473532e-16,-1.0,Summer,2,Área Metropolitana do Porto,20.429836,0.00033581426,2,1
10904,Escapaes,Santa Maria da Feira,2025-07-01,2025,7,556832.672,13.23002186031179,452472.277,104360.395,,0,9.0,True,0,0,0,0,0,0,-0.4999999999999997,-0.8660254037844388,Summer,3,Área Metropolitana do Porto,22.427671,0.00031303876,0,0
10904,Escapaes,Santa Maria da Feira,2025-08-01,2025,8,521135.94,13.16376812688992,441832.813,79303.127,,0,10.0,True,0,0,0,0,0,0,-0.8660254037844385,-0.5000000000000004,Summer,3,Área Metropolitana do Porto,22.728613,0.00021389569,1,1
10904,Escapaes,Santa Maria da Feira,2025-09-01,2025,9,508051.371,13.138339813766637,412778.594,95272.777,,0,11.0,True,0,0,0,0,0,0,-1.0,-1.8369701987210292e-16,Autumn,3,Área Metropolitana do Porto,18.34869,0.00079718995,0,0
10904,Escapaes,Santa Maria da Feira,2025-10-01,2025,10,582100.979,13.274400933013538,458915.37,123185.609,,0,12.0,True,0,0,0,0,0,0,-0.8660254037844386,0.5000000000000001,Autumn,4,Área Metropolitana do Porto,17.875782,0.0027773336,1,1
10907,Fiaes,Santa Maria da Feira,2024-10-01,2024,10,2487165.38,14.726654620427215,1015041.481,1472123.899,,0,0.0,True,0,0,0,0,0,0,-0.8660254037844386,0.5000000000000001,Autumn,4,Área Metropolitana do Porto,16.746412,0.0035686076,1,1
10907,Fiaes,Santa Maria da Feira,2024-11-01,2024,11,2506966.9510000004,14.734584593253372,1064090.154,1442876.797,,0,1.0,True,0,0,0,0,0,0,-0.5000000000000004,0.8660254037844384,Autumn,4,Área Metropolitana do Porto,15.005344,0.0013874606,1,1
10907,Fiaes,Santa Maria da Feira,2024-12-01,2024,12,2487450.958,14.726769434461543,1313230.656,1174220.302,,0,2.0,True,0,0,0,0,0,0,-2.4492935982947064e-16,1.0,Winter,4,Área Metropolitana do Porto,9.679984,0.00037748303,3,1
10907,Fiaes,Santa Maria da Feira,2025-01-01,2025,1,2737045.63,14.822390024779407,1404504.417,1332541.213,,0,3.0,True,0,0,0,0,0,0,0.4999999999999999,0.8660254037844387,Winter,1,Área Metropolitana do Porto,10.348854,0.004882315,1,1
10907,Fiaes,Santa Maria da Feira,2025-02-01,2025,2,2644321.592,14.787925481588369,1206852.949,1437468.643,,0,4.0,True,0,0,0,0,0,0,0.8660254037844386,0.5000000000000001,Winter,1,Área Metropolitana do Porto,10.690761,0.0016860159,0,0
10907,Fiaes,Santa Maria da Feira,2025-03-01,2025,3,2671203.824,14.79804017353987,1236630.615,1434573.209,,0,5.0,True,0,0,0,0,0,0,1.0,6.123233995736766e-17,Spring,1,Área Metropolitana do Porto,11.039857,0.0030490332,0,0
10907,Fiaes,Santa Maria da Feira,2025-04-01,2025,4,2287026.167,14.642763351814995,1026350.33,1260675.837,,0,6.0,True,0,0,0,0,0,0,0.8660254037844387,-0.4999999999999998,Spring,2,Área Metropolitana do Porto,14.07537,0.0033760564,3,1
10907,Fiaes,Santa Maria da Feira,2025-05-01,2025,5,2234342.682,14.619458088318726,987383.809,1246958.873,,0,7.0,True,0,0,0,0,0,0,0.4999999999999999,-0.8660254037844387,Spring,2,Área Metropolitana do Porto,16.196672,0.0016422383,1,1
10907,Fiaes,Santa Maria da Feira,2025-06-01,2025,6,2144171.019,14.578264030696891,949092.153,1195078.866,,0,8.0,True,0,0,0,0,0,0,1.2246467991473532e-16,-1.0,Summer,2,Área Metropolitana do Porto,20.514275,0.00038198163,2,1
10907,Fiaes,Santa Maria da Feira,2025-07-01,2025,7,2384622.875,14.684551965465417,1015610.429,1369012.446,,0,9.0,True,0,0,0,0,0,0,-0.4999999999999997,-0.8660254037844388,Summer,3,Área Metropolitana do Porto,22.549164,0.00032207405,0,0
10907,Fiaes,Santa Maria da Feira,2025-08-01,2025,8,1947488.441,14.482051634889492,971269.145,976219.296,,0,10.0,True,0,0,0,0,0,0,-0.8660254037844385,-0.5000000000000004,Summer,3,Área Metropolitana do Porto,22.887707,0.00022277811,1,1
10907,Fiaes,Santa Maria da Feira,2025-09-01,2025,9,2312870.199,14.65400025397349,938489.844,1374380.355,,0,11.0,True,0,0,0,0,0,0,-1.0,-1.8369701987210292e-16,Autumn,3,Área Metropolitana do Porto,18.51285,0.0007574995,0,0
10907,Fiaes,Santa Maria da Feira,2025-10-01,2025,10,2396557.201,14.689544183120434,1056752.582,1339804.619,,0,12.0,True,0,0,0,0,0,0,-0.8660254037844386,0.5000000000000001,Autumn,4,Área Metropolitana do Porto,17.961014,0.0027462344,1,1
10908,Fornos,Santa Maria da Feira,2024-10-01,2024,10,460824.832,13.040775445820348,393391.19,67433.642,,0,0.0,True,0,0,0,0,0,0,-0.8660254037844386,0.5000000000000001,Autumn,4,Área Metropolitana do Porto,16.596422,0.0037179221,1,1
10908,Fornos,Santa Maria da Feira,2024-11-01,2024,11,468636.299,13.05758439855912,399616.742,69019.557,,0,1.0,True,0,0,0,0,0,0,-0.5000000000000004,0.8660254037844384,Autumn,4,Área Metropolitana do Porto,14.894053,0.0014270266,1,1
10908,Fornos,Santa Maria da Feira,2024-12-01,2024,12,555858.983,13.228271712381748,481949.281,73909.702,,0,2.0,True,0,0,0,0,0,0,-2.4492935982947064e-16,1.0,Winter,4,Área Metropolitana do Porto,9.622535,0.00032675025,3,1
10908,Fornos,Santa Maria da Feira,2025-01-01,2025,1,594022.166,13.294673597584302,524989.972,69032.194,,0,3.0,True,0,0,0,0,0,0,0.4999999999999999,0.8660254037844387,Winter,1,Área Metropolitana do Porto,10.25696,0.0048657404,1,1
10908,Fornos,Santa Maria da Feira,2025-02-01,2025,2,508625.741,13.139469708252175,448506.721,60119.02,,0,4.0,True,0,0,0,0,0,0,0.8660254037844386,0.5000000000000001,Winter,1,Área Metropolitana do Porto,10.6212015,0.0016634068,0,0
10908,Fornos,Santa Maria da Feira,2025-03-01,2025,3,521147.836,13.163790953642955,451986.794,69161.042,,0,5.0,True,0,0,0,0,0,0,1.0,6.123233995736766e-17,Spring,1,Área Metropolitana do Porto,10.908496,0.0031234084,0,0
10908,Fornos,Santa Maria da Feira,2025-04-01,2025,4,445107.021,13.006072275511087,384084.644,61022.377,,0,6.0,True,0,0,0,0,0,0,0.8660254037844387,-0.4999999999999998,Spring,2,Área Metropolitana do Porto,13.958741,0.003487724,3,1
10908,Fornos,Santa Maria da Feira,2025-05-01,2025,5,425797.975,12.961722624205176,367891.123,57906.852,,0,7.0,True,0,0,0,0,0,0,0.4999999999999999,-0.8660254037844387,Spring,2,Área Metropolitana do Porto,16.01162,0.0015969527,1,1
10908,Fornos,Santa Maria da Feira,2025-06-01,2025,6,412667.905,12.93040086761494,356434.19,56233.715,,0,8.0,True,0,0,0,0,0,0,1.2246467991473532e-16,-1.0,Summer,2,Área Metropolitana do Porto,20.429836,0.00033581426,2,1
10908,Fornos,Santa Maria da Feira,2025-07-01,2025,7,443487.728,13.00242766439976,382763.863,60723.865,,0,9.0,True,0,0,0,0,0,0,-0.4999999999999997,-0.8660254037844388,Summer,3,Área Metropolitana do Porto,22.427671,0.00031303876,0,0
10908,Fornos,Santa Maria da Feira,2025-08-01,2025,8,430816.038,12.973438773157326,373402.67,57413.368,,0,10.0,True,0,0,0,0,0,0,-0.8660254037844385,-0.5000000000000004,Summer,3,Área Metropolitana do Porto,22.728613,0.00021389569,1,1
10908,Fornos,Santa Maria da Feira,2025-09-01,2025,9,417242.072,12.94142423743177,357300.18,59941.892,,0,11.0,True,0,0,0,0,0,0,-1.0,-1.8369701987210292e-16,Autumn,3,Área Metropolitana do Porto,18.34869,0.00079718995,0,0
10908,Fornos,Santa Maria da Feira,2025-10-01,2025,10,465230.877,13.05029122049486,397568.395,67662.482,,0,12.0,True,0,0,0,0,0,0,-0.8660254037844386,0.5000000000000001,Autumn,4,Área Metropolitana do Porto,17.875782,0.0027773336,1,1
10913,Lourosa,Santa Maria da Feira,2024-10-01,2024,10,1970563.809,14.493830764698266,1440603.964,529959.845,,0,0.0,True,0,0,0,0,0,0,-0.8660254037844386,0.5000000000000001,Autumn,4,Área Metropolitana do Porto,16.746412,0.0035686076,1,1
10913,Lourosa,Santa Maria da Feira,2024-11-01,2024,11,2007943.736,14.512622237502672,1482041.937,525901.799,,0,1.0,True,0,0,0,0,0,0,-0.5000000000000004,0.8660254037844384,Autumn,4,Área Metropolitana do Porto,15.005344,0.0013874606,1,1
10913,Lourosa,Santa Maria da Feira,2024-12-01,2024,12,2197525.443,14.60284294168864,1717775.844,479749.599,,0,2.0,True,0,0,0,0,0,0,-2.4492935982947064e-16,1.0,Winter,4,Área Metropolitana do Porto,9.679984,0.00037748303,3,1
10913,Lourosa,Santa Maria da Feira,2025-01-01,2025,1,2392940.907,14.688034090373522,1863268.694,529672.213,,0,3.0,True,0,0,0,0,0,0,0.4999999999999999,0.8660254037844387,Winter,1,Área Metropolitana do Porto,10.348854,0.004882315,1,1
10913,Lourosa,Santa Maria da Feira,2025-02-01,2025,2,2111430.481,14.562876702438892,1627602.297,483828.184,,0,4.0,True,0,0,0,0,0,0,0.8660254037844386,0.5000000000000001,Winter,1,Área Metropolitana do Porto,10.690761,0.0016860159,0,0
10913,Lourosa,Santa Maria da Feira,2025-03-01,2025,3,2212659.614,14.609706247127717,1683476.307,529183.307,,0,5.0,True,0,0,0,0,0,0,1.0,6.123233995736766e-17,Spring,1,Área Metropolitana do Porto,11.039857,0.0030490332,0,0
10913,Lourosa,Santa Maria da Feira,2025-04-01,2025,4,1888186.433,14.45112789671344,1435944.807,452241.626,,0,6.0,True,0,0,0,0,0,0,0.8660254037844387,-0.4999999999999998,Spring,2,Área Metropolitana do Porto,14.07537,0.0033760564,3,1
10913,Lourosa,Santa Maria da Feira,2025-05-01,2025,5,1847124.911,14.429141427404703,1401311.917,445812.994,,0,7.0,True,0,0,0,0,0,0,0.4999999999999999,-0.8660254037844387,Spring,2,Área Metropolitana do Porto,16.196672,0.0016422383,1,1
10913,Lourosa,Santa Maria da Feira,2025-06-01,2025,6,1783312.665,14.393983801171297,1355696.424,427616.241,,0,8.0,True,0,0,0,0,0,0,1.2246467991473532e-16,-1.0,Summer,2,Área Metropolitana do Porto,20.514275,0.00038198163,2,1
10913,Lourosa,Santa Maria da Feira,2025-07-01,2025,7,1867863.29,14.44030624523886,1422182.269,445681.021,,0,9.0,True,0,0,0,0,0,0,-0.4999999999999997,-0.8660254037844388,Summer,3,Área Metropolitana do Porto,22.549164,0.00032207405,0,0
10913,Lourosa,Santa Maria da Feira,2025-08-01,2025,8,1711878.128,14.353102230387591,1332368.846,379509.282,,0,10.0,True,0,0,0,0,0,0,-0.8660254037844385,-0.5000000000000004,Summer,3,Área Metropolitana do Porto,22.887707,0.00022277811,1,1
10913,Lourosa,Santa Maria da Feira,2025-09-01,2025,9,1728617.844,14.362833291548672,1315391.073,413226.771,,0,11.0,True,0,0,0,0,0,0,-1.0,-1.8369701987210292e-16,Autumn,3,Área Metropolitana do Porto,18.51285,0.0007574995,0,0
10913,Lourosa,Santa Maria da Feira,2025-10-01,2025,10,1970465.409,14.493780828529497,1469326.926,501138.483,,0,12.0,True,0,0,0,0,0,0,-0.8660254037844386,0.5000000000000001,Autumn,4,Área Metropolitana do Porto,17.961014,0.0027462344,1,1
10914,Milheirós de Poiares,Santa Maria da Feira,2024-07-01,2024,7,606604.927,13.315634645042824,467762.612,138842.315,2024-07-01,1,0.0,False,1,0,1,1,0,1,-0.4999999999999997,-0.8660254037844388,Summer,3,Área Metropolitana do Porto,21.182703,0.00042578526,0,0
10914,Milheirós de Poiares,Santa Maria da Feira,2024-08-01,2024,8,571643.936,13.256273336363574,449898.141,121745.795,2024-07-01,1,1.0,False,0,0,0,1,0,1,-0.8660254037844385,-0.5000000000000004,Summer,3,Área Metropolitana do Porto,21.648857,2.907569e-05,1,1
10914,Milheirós de Poiares,Santa Maria da Feira,2024-09-01,2024,9,572435.139,13.257656460590384,453627.949,118807.19,2024-07-01,1,2.0,False,0,0,0,1,0,1,-1.0,-1.8369701987210292e-16,Autumn,3,Área Metropolitana do Porto,18.568954,0.0017400369,0,0
10914,Milheirós de Poiares,Santa Maria da Feira,2024-10-01,2024,10,632819.521,13.35794212379726,507645.484,125174.037,2024-07-01,1,3.0,False,0,0,0,1,0,1,-0.8660254037844386,0.5000000000000001,Autumn,4,Área Metropolitana do Porto,16.596422,0.0037179221,1,1
10914,Milheirós de Poiares,Santa Maria da Feira,2024-11-01,2024,11,641402.729,13.371414380069004,528173.898,113228.831,2024-07-01,1,4.0,False,0,0,0,1,0,1,-0.5000000000000004,0.8660254037844384,Autumn,4,Área Metropolitana do Porto,14.894053,0.0014270266,1,1
10914,Milheirós de Poiares,Santa Maria da Feira,2024-12-01,2024,12,734061.666,13.506349679974123,621759.367,112302.299,2024-07-01,1,5.0,False,0,0,0,1,0,1,-2.4492935982947064e-16,1.0,Winter,4,Área Metropolitana do Porto,9.622535,0.00032675025,3,1
10914,Milheirós de Poiares,Santa Maria da Feira,2025-01-01,2025,1,793150.212,13.583769165919657,676708.76,116441.452,2024-07-01,1,6.0,False,0,0,0,1,0,1,0.4999999999999999,0.8660254037844387,Winter,1,Área Metropolitana do Porto,10.25696,0.0048657404,1,1
10914,Milheirós de Poiares,Santa Maria da Feira,2025-02-01,2025,2,694761.828,13.451325811630042,584004.137,110757.691,2024-07-01,1,7.0,False,0,0,0,1,0,1,0.8660254037844386,0.5000000000000001,Winter,1,Área Metropolitana do Porto,10.6212015,0.0016634068,0,0
10914,Milheirós de Poiares,Santa Maria da Feira,2025-03-01,2025,3,723229.184,13.491482823914817,606276.069,116953.115,2024-07-01,1,8.0,False,0,0,0,1,0,1,1.0,6.123233995736766e-17,Spring,1,Área Metropolitana do Porto,10.908496,0.0031234084,0,0
10914,Milheirós de Poiares,Santa Maria da Feira,2025-04-01,2025,4,634929.27,13.361270460821537,523167.128,111762.142,2024-07-01,1,9.0,False,0,0,0,1,0,1,0.8660254037844387,-0.4999999999999998,Spring,2,Área Metropolitana do Porto,13.958741,0.003487724,3,1
10914,Milheirós de Poiares,Santa Maria da Feira,2025-05-01,2025,5,623481.047,13.343075249782302,504225.736,119255.311,2024-07-01,1,10.0,False,0,0,0,1,0,1,0.4999999999999999,-0.8660254037844387,Spring,2,Área Metropolitana do Porto,16.01162,0.0015969527,1,1
10914,Milheirós de Poiares,Santa Maria da Feira,2025-06-01,2025,6,623502.6529999999,13.343109902946331,488834.698,134667.955,2024-07-01,1,11.0,False,0,0,0,1,0,1,1.2246467991473532e-16,-1.0,Summer,2,Área Metropolitana do Porto,20.429836,0.00033581426,2,1
10914,Milheirós de Poiares,Santa Maria da Feira,2025-07-01,2025,7,648319.986,13.382141201455145,516321.522,131998.464,2024-07-01,1,12.0,False,0,0,0,1,0,1,-0.4999999999999997,-0.8660254037844388,Summer,3,Área Metropolitana do Porto,22.427671,0.00031303876,0,0
10914,Milheirós de Poiares,Santa Maria da Feira,2025-08-01,2025,8,646678.416,13.37960595764097,505812.032,140866.384,2024-07-01,1,13.0,False,0,0,0,1,0,1,-0.8660254037844385,-0.5000000000000004,Summer,3,Área Metropolitana do Porto,22.728613,0.00021389569,1,1
10914,Milheirós de Poiares,Santa Maria da Feira,2025-09-01,2025,9,619458.949,13.336603327436782,487118.563,132340.386,2024-07-01,1,14.0,False,0,0,0,1,0,1,-1.0,-1.8369701987210292e-16,Autumn,3,Área Metropolitana do Porto,18.34869,0.00079718995,0,0
10914,Milheirós de Poiares,Santa Maria da Feira,2025-10-01,2025,10,676380.6869999999,13.424512821423608,541492.845,134887.842,2024-07-01,1,15.0,False,0,0,0,1,0,1,-0.8660254037844386,0.5000000000000001,Autumn,4,Área Metropolitana do Porto,17.875782,0.0027773336,1,1
10916,Mozelos,Santa Maria da Feira,2024-02-01,2024,2,4208046.515,15.252509324923386,1140326.212,3067720.303,,0,0.0,True,0,0,0,0,0,0,0.8660254037844386,0.5000000000000001,Winter,1,Área Metropolitana do Porto,12.310487,0.0025867221,0,0
10916,Mozelos,Santa Maria da Feira,2024-03-01,2024,3,4262548.178,15.265377937868058,1170883.455,3091664.723,,0,1.0,True,0,0,0,0,0,0,1.0,6.123233995736766e-17,Spring,1,Área Metropolitana do Porto,12.126326,0.0034273784,2,1
10916,Mozelos,Santa Maria da Feira,2024-04-01,2024,4,3758282.605,15.139472923111782,1014584.59,2743698.015,,0,2.0,True,0,0,0,0,0,0,0.8660254037844387,-0.4999999999999998,Spring,2,Área Metropolitana do Porto,15.101091,0.001659887,1,1
10916,Mozelos,Santa Maria da Feira,2024-05-01,2024,5,4054811.256,15.215414945076324,1018596.851,3036214.405,,0,3.0,True,0,0,0,0,0,0,0.4999999999999999,-0.8660254037844387,Spring,2,Área Metropolitana do Porto,15.598029,0.0011835961,2,1
10916,Mozelos,Santa Maria da Feira,2024-06-01,2024,6,3865811.455,15.167682426192426,976018.086,2889793.369,,0,4.0,True,0,0,0,0,0,0,1.2246467991473532e-16,-1.0,Summer,2,Área Metropolitana do Porto,18.861687,0.0013897929,1,1
10916,Mozelos,Santa Maria da Feira,2024-07-01,2024,7,4097238.968,15.22582412645154,1027424.268,3069814.7,,0,5.0,True,0,0,0,0,0,0,-0.4999999999999997,-0.8660254037844388,Summer,3,Área Metropolitana do Porto,21.331066,0.00035757857,0,0
10916,Mozelos,Santa Maria da Feira,2024-08-01,2024,8,2733740.526,14.821181751196931,999144.619,1734595.907,,0,6.0,True,0,0,0,0,0,0,-0.8660254037844385,-0.5000000000000004,Summer,3,Área Metropolitana do Porto,21.701187,3.4239652e-05,1,1
10916,Mozelos,Santa Maria da Feira,2024-09-01,2024,9,4180205.838,15.245871286051829,991099.075,3189106.763,,0,7.0,True,0,0,0,0,0,0,-1.0,-1.8369701987210292e-16,Autumn,3,Área Metropolitana do Porto,19.05613,0.00159024,0,0
10916,Mozelos,Santa Maria da Feira,2024-10-01,2024,10,4948048.925,15.41450410237894,1092778.061,3855270.864,,0,8.0,True,0,0,0,0,0,0,-0.8660254037844386,0.5000000000000001,Autumn,4,Área Metropolitana do Porto,17.325146,0.0030339018,1,1
10916,Mozelos,Santa Maria da Feira,2024-11-01,2024,11,4852192.151000001,15.394941356786305,1110201.111,3741991.04,,0,9.0,True,0,0,0,0,0,0,-0.5000000000000004,0.8660254037844384,Autumn,4,Área Metropolitana do Porto,15.599403,0.0012957455,1,1
10916,Mozelos,Santa Maria da Feira,2024-12-01,2024,12,3928785.137,15.183841065142609,1303943.78,2624841.357,,0,10.0,True,0,0,0,0,0,0,-2.4492935982947064e-16,1.0,Winter,4,Área Metropolitana do Porto,10.424038,0.00032663447,3,1
10916,Mozelos,Santa Maria da Feira,2025-01-01,2025,1,4840145.065,15.392455456956457,1391477.116,3448667.949,,0,11.0,True,0,0,0,0,0,0,0.4999999999999999,0.8660254037844387,Winter,1,Área Metropolitana do Porto,11.047922,0.004401409,1,1
10916,Mozelos,Santa Maria da Feira,2025-02-01,2025,2,4787959.547,15.381615105651116,1203498.313,3584461.234,,0,12.0,True,0,0,0,0,0,0,0.8660254037844386,0.5000000000000001,Winter,1,Área Metropolitana do Porto,11.323458,0.0016888455,0,0
10917,Nogueira da Regedoura,Santa Maria da Feira,2024-10-01,2024,10,842448.933,13.644069512736586,716153.967,126294.966,,0,0.0,True,0,0,0,0,0,0,-0.8660254037844386,0.5000000000000001,Autumn,4,Área Metropolitana do Porto,17.325146,0.0030339018,1,1
10917,Nogueira da Regedoura,Santa Maria da Feira,2024-11-01,2024,11,860362.2440000001,13.665109955797927,729832.042,130530.202,,0,1.0,True,0,0,0,0,0,0,-0.5000000000000004,0.8660254037844384,Autumn,4,Área Metropolitana do Porto,15.599403,0.0012957455,1,1
10917,Nogueira da Regedoura,Santa Maria da Feira,2024-12-01,2024,12,1004515.255,13.820016645286383,878485.955,126029.3,,0,2.0,True,0,0,0,0,0,0,-2.4492935982947064e-16,1.0,Winter,4,Área Metropolitana do Porto,10.424038,0.00032663447,3,1
10917,Nogueira da Regedoura,Santa Maria da Feira,2025-01-01,2025,1,1073280.1970000002,13.886231053449114,934847.682,138432.515,,0,3.0,True,0,0,0,0,0,0,0.4999999999999999,0.8660254037844387,Winter,1,Área Metropolitana do Porto,11.047922,0.004401409,1,1
10917,Nogueira da Regedoura,Santa Maria da Feira,2025-02-01,2025,2,923805.128,13.73625751042709,798638.891,125166.237,,0,4.0,True,0,0,0,0,0,0,0.8660254037844386,0.5000000000000001,Winter,1,Área Metropolitana do Porto,11.323458,0.0016888455,0,0
10917,Nogueira da Regedoura,Santa Maria da Feira,2025-03-01,2025,3,956701.475,13.771247728680786,827551.453,129150.022,,0,5.0,True,0,0,0,0,0,0,1.0,6.123233995736766e-17,Spring,1,Área Metropolitana do Porto,11.63364,0.002790625,0,0
10917,Nogueira da Regedoura,Santa Maria da Feira,2025-04-01,2025,4,830139.9180000001,13.629350746084556,713573.469,116566.449,,0,6.0,True,0,0,0,0,0,0,0.8660254037844387,-0.4999999999999998,Spring,2,Área Metropolitana do Porto,14.624483,0.0033174353,3,1
10917,Nogueira da Regedoura,Santa Maria da Feira,2025-05-01,2025,5,804844.1140000001,13.598405132919543,691776.498,113067.616,,0,7.0,True,0,0,0,0,0,0,0.4999999999999999,-0.8660254037844387,Spring,2,Área Metropolitana do Porto,16.54891,0.001413197,1,1
10917,Nogueira da Regedoura,Santa Maria da Feira,2025-06-01,2025,6,791547.5430000001,13.581746486807916,679201.216,112346.327,,0,8.0,True,0,0,0,0,0,0,1.2246467991473532e-16,-1.0,Summer,2,Área Metropolitana do Porto,20.53555,0.0003460721,2,1
10917,Nogueira da Regedoura,Santa Maria da Feira,2025-07-01,2025,7,840155.1359999999,13.641343029737136,723808.686,116346.45,,0,9.0,True,0,0,0,0,0,0,-0.4999999999999997,-0.8660254037844388,Summer,3,Área Metropolitana do Porto,22.58836,0.0002901771,0,0
10917,Nogueira da Regedoura,Santa Maria da Feira,2025-08-01,2025,8,818184.0140000001,13.614843768494495,711642.403,106541.611,,0,10.0,True,0,0,0,0,0,0,-0.8660254037844385,-0.5000000000000004,Summer,3,Área Metropolitana do Porto,22.663101,0.00020656816,1,1
10917,Nogueira da Regedoura,Santa Maria da Feira,2025-09-01,2025,9,785920.316,13.574611959530088,677445.51,108474.806,,0,11.0,True,0,0,0,0,0,0,-1.0,-1.8369701987210292e-16,Autumn,3,Área Metropolitana do Porto,18.83395,0.0007009094,0,0
10917,Nogueira da Regedoura,Santa Maria da Feira,2025-10-01,2025,10,870316.24,13.67661306784258,736730.661,133585.579,,0,12.0,True,0,0,0,0,0,0,-0.8660254037844386,0.5000000000000001,Autumn,4,Área Metropolitana do Porto,18.295858,0.0024625633,1,1
10918,São Paio de Oleiros,Santa Maria da Feira,2024-09-01,2024,9,4045551.067,15.21312858049698,458059.481,3587491.586,,0,0.0,True,0,0,0,0,0,0,-1.0,-1.8369701987210292e-16,Autumn,3,Área Metropolitana do Porto,19.05613,0.00159024,0,0
10918,São Paio de Oleiros,Santa Maria da Feira,2024-10-01,2024,10,4481567.634,15.31548368462379,508469.607,3973098.027,,0,1.0,True,0,0,0,0,0,0,-0.8660254037844386,0.5000000000000001,Autumn,4,Área Metropolitana do Porto,17.325146,0.0030339018,1,1
10918,São Paio de Oleiros,Santa Maria da Feira,2024-11-01,2024,11,4086313.199,15.223153947879092,523648.146,3562665.053,,0,2.0,True,0,0,0,0,0,0,-0.5000000000000004,0.8660254037844384,Autumn,4,Área Metropolitana do Porto,15.599403,0.0012957455,1,1
10918,São Paio de Oleiros,Santa Maria da Feira,2024-12-01,2024,12,3429965.689,15.048061107433156,620570.288,2809395.401,,0,3.0,True,0,0,0,0,0,0,-2.4492935982947064e-16,1.0,Winter,4,Área Metropolitana do Porto,10.424038,0.00032663447,3,1
10918,São Paio de Oleiros,Santa Maria da Feira,2025-01-01,2025,1,4197085.582,15.249901171600202,655561.284,3541524.298,,0,4.0,True,0,0,0,0,0,0,0.4999999999999999,0.8660254037844387,Winter,1,Área Metropolitana do Porto,11.047922,0.004401409,1,1
10918,São Paio de Oleiros,Santa Maria da Feira,2025-02-01,2025,2,3983009.823,15.197548579458608,562670.157,3420339.666,,0,5.0,True,0,0,0,0,0,0,0.8660254037844386,0.5000000000000001,Winter,1,Área Metropolitana do Porto,11.323458,0.0016888455,0,0
10918,São Paio de Oleiros,Santa Maria da Feira,2025-03-01,2025,3,4145614.392,15.237561801635271,572160.744,3573453.648,,0,6.0,True,0,0,0,0,0,0,1.0,6.123233995736766e-17,Spring,1,Área Metropolitana do Porto,11.63364,0.002790625,0,0
10918,São Paio de Oleiros,Santa Maria da Feira,2025-04-01,2025,4,3921565.468,15.182001741127833,489314.715,3432250.753,,0,7.0,True,0,0,0,0,0,0,0.8660254037844387,-0.4999999999999998,Spring,2,Área Metropolitana do Porto,14.624483,0.0033174353,3,1
10918,São Paio de Oleiros,Santa Maria da Feira,2025-05-01,2025,5,3872791.368,15.169486346938465,470843.659,3401947.709,,0,8.0,True,0,0,0,0,0,0,0.4999999999999999,-0.8660254037844387,Spring,2,Área Metropolitana do Porto,16.54891,0.001413197,1,1
10918,São Paio de Oleiros,Santa Maria da Feira,2025-06-01,2025,6,3801197.349,15.150826929982678,456490.654,3344706.695,,0,9.0,True,0,0,0,0,0,0,1.2246467991473532e-16,-1.0,Summer,2,Área Metropolitana do Porto,20.53555,0.0003460721,2,1
10918,São Paio de Oleiros,Santa Maria da Feira,2025-07-01,2025,7,4009087.478,15.204074461223962,484395.953,3524691.525,,0,10.0,True,0,0,0,0,0,0,-0.4999999999999997,-0.8660254037844388,Summer,3,Área Metropolitana do Porto,22.58836,0.0002901771,0,0
10918,São Paio de Oleiros,Santa Maria da Feira,2025-08-01,2025,8,2865140.347,14.868128242690622,480441.996,2384698.351,,0,11.0,True,0,0,0,0,0,0,-0.8660254037844385,-0.5000000000000004,Summer,3,Área Metropolitana do Porto,22.663101,0.00020656816,1,1
10918,São Paio de Oleiros,Santa Maria da Feira,2025-09-01,2025,9,3933133.096,15.184947145925529,455738.386,3477394.71,,0,12.0,True,0,0,0,0,0,0,-1.0,-1.8369701987210292e-16,Autumn,3,Área Metropolitana do Porto,18.83395,0.0007009094,0,0
10919,Paços de Brandão,Santa Maria da Feira,2024-07-01,2024,7,1900992.169,14.4578870280922,660738.981,1240253.188,2024-07-01,1,0.0,False,1,0,1,1,0,1,-0.4999999999999997,-0.8660254037844388,Summer,3,Área Metropolitana do Porto,21.331066,0.00035757857,0,0
10919,Paços de Brandão,Santa Maria da Feira,2024-08-01,2024,8,1412058.226,14.160559640914874,630728.257,781329.969,2024-07-01,1,1.0,False,0,0,0,1,0,1,-0.8660254037844385,-0.5000000000000004,Summer,3,Área Metropolitana do Porto,21.701187,3.4239652e-05,1,1
10919,Paços de Brandão,Santa Maria da Feira,2024-09-01,2024,9,1965142.827,14.491075995008956,658781.904,1306360.923,2024-07-01,1,2.0,False,0,0,0,1,0,1,-1.0,-1.8369701987210292e-16,Autumn,3,Área Metropolitana do Porto,19.05613,0.00159024,0,0
10919,Paços de Brandão,Santa Maria da Feira,2024-10-01,2024,10,2132053.175,14.572596474357791,731393.681,1400659.494,2024-07-01,1,3.0,False,0,0,0,1,0,1,-0.8660254037844386,0.5000000000000001,Autumn,4,Área Metropolitana do Porto,17.325146,0.0030339018,1,1
10919,Paços de Brandão,Santa Maria da Feira,2024-11-01,2024,11,2112451.541,14.56336017216229,763622.916,1348828.625,2024-07-01,1,4.0,False,0,0,0,1,0,1,-0.5000000000000004,0.8660254037844384,Autumn,4,Área Metropolitana do Porto,15.599403,0.0012957455,1,1
10919,Paços de Brandão,Santa Maria da Feira,2024-12-01,2024,12,2006958.225,14.512131311179468,919179.492,1087778.733,2024-07-01,1,5.0,False,0,0,0,1,0,1,-2.4492935982947064e-16,1.0,Winter,4,Área Metropolitana do Porto,10.424038,0.00032663447,3,1
10919,Paços de Brandão,Santa Maria da Feira,2025-01-01,2025,1,2315075.8260000004,14.654953431128927,1018358.523,1296717.303,2024-07-01,1,6.0,False,0,0,0,1,0,1,0.4999999999999999,0.8660254037844387,Winter,1,Área Metropolitana do Porto,11.047922,0.004401409,1,1
10919,Paços de Brandão,Santa Maria da Feira,2025-02-01,2025,2,2152758.367,14.58226100372767,869132.848,1283625.519,2024-07-01,1,7.0,False,0,0,0,1,0,1,0.8660254037844386,0.5000000000000001,Winter,1,Área Metropolitana do Porto,11.323458,0.0016888455,0,0
10919,Paços de Brandão,Santa Maria da Feira,2025-03-01,2025,3,2217672.829,14.611969379721524,883328.665,1334344.164,2024-07-01,1,8.0,False,0,0,0,1,0,1,1.0,6.123233995736766e-17,Spring,1,Área Metropolitana do Porto,11.63364,0.002790625,0,0
10919,Paços de Brandão,Santa Maria da Feira,2025-04-01,2025,4,1943972.528,14.480244646625854,741129.1,1202843.428,2024-07-01,1,9.0,False,0,0,0,1,0,1,0.8660254037844387,-0.4999999999999998,Spring,2,Área Metropolitana do Porto,14.624483,0.0033174353,3,1
10919,Paços de Brandão,Santa Maria da Feira,2025-05-01,2025,5,1911185.657,14.46323489349176,702472.368,1208713.289,2024-07-01,1,10.0,False,0,0,0,1,0,1,0.4999999999999999,-0.8660254037844387,Spring,2,Área Metropolitana do Porto,16.54891,0.001413197,1,1
10919,Paços de Brandão,Santa Maria da Feira,2025-06-01,2025,6,1817615.912,14.413036812043147,667919.241,1149696.671,2024-07-01,1,11.0,False,0,0,0,1,0,1,1.2246467991473532e-16,-1.0,Summer,2,Área Metropolitana do Porto,20.53555,0.0003460721,2,1
10919,Paços de Brandão,Santa Maria da Feira,2025-07-01,2025,7,1877648.868,14.445531482603837,691323.483,1186325.385,2024-07-01,1,12.0,False,0,0,0,1,0,1,-0.4999999999999997,-0.8660254037844388,Summer,3,Área Metropolitana do Porto,22.58836,0.0002901771,0,0
10919,Paços de Brandão,Santa Maria da Feira,2025-08-01,2025,8,1319002.002,14.092386707663502,657972.038,661029.964,2024-07-01,1,13.0,False,1,0,1,2,0,2,-0.8660254037844385,-0.5000000000000004,Summer,3,Área Metropolitana do Porto,22.663101,0.00020656816,1,1
10919,Paços de Brandão,Santa Maria da Feira,2025-09-01,2025,9,1827646.129,14.41853997571018,659394.652,1168251.477,2024-07-01,1,14.0,False,0,0,0,2,0,2,-1.0,-1.8369701987210292e-16,Autumn,3,Área Metropolitana do Porto,18.83395,0.0007009094,0,0
10919,Paços de Brandão,Santa Maria da Feira,2025-10-01,2025,10,2114476.578,14.56431833191318,738067.554,1376409.024,2024-07-01,1,15.0,False,0,0,0,2,0,2,-0.8660254037844386,0.5000000000000001,Autumn,4,Área Metropolitana do Porto,18.295858,0.0024625633,1,1
10921,Rio Meao,Santa Maria da Feira,2024-10-01,2024,10,4519736.104,15.323964387285033,770440.615,3749295.489,,0,0.0,True,0,0,0,0,0,0,-0.8660254037844386,0.5000000000000001,Autumn,4,Área Metropolitana do Porto,17.325146,0.0030339018,1,1
10921,Rio Meao,Santa Maria da Feira,2024-11-01,2024,11,4237347.169,15.259448199704437,786644.504,3450702.665,,0,1.0,True,0,0,0,0,0,0,-0.5000000000000004,0.8660254037844384,Autumn,4,Área Metropolitana do Porto,15.599403,0.0012957455,1,1
10921,Rio Meao,Santa Maria da Feira,2024-12-01,2024,12,3704180.201,15.124972793908016,888475.336,2815704.865,,0,2.0,True,0,0,0,0,0,0,-2.4492935982947064e-16,1.0,Winter,4,Área Metropolitana do Porto,10.424038,0.00032663447,3,1
10921,Rio Meao,Santa Maria da Feira,2025-01-01,2025,1,4369367.579,15.290129066700748,959926.964,3409440.615,,0,3.0,True,0,0,0,0,0,0,0.4999999999999999,0.8660254037844387,Winter,1,Área Metropolitana do Porto,11.047922,0.004401409,1,1
10921,Rio Meao,Santa Maria da Feira,2025-02-01,2025,2,4371016.332,15.290506339062938,833845.721,3537170.611,,0,4.0,True,0,0,0,0,0,0,0.8660254037844386,0.5000000000000001,Winter,1,Área Metropolitana do Porto,11.323458,0.0016888455,0,0
10921,Rio Meao,Santa Maria da Feira,2025-03-01,2025,3,4505435.923,15.320795430559228,863792.166,3641643.757,,0,5.0,True,0,0,0,0,0,0,1.0,6.123233995736766e-17,Spring,1,Área Metropolitana do Porto,11.63364,0.002790625,0,0
10921,Rio Meao,Santa Maria da Feira,2025-04-01,2025,4,4032365.116,15.2098638871904,746687.897,3285677.219,,0,6.0,True,0,0,0,0,0,0,0.8660254037844387,-0.4999999999999998,Spring,2,Área Metropolitana do Porto,14.624483,0.0033174353,3,1
10921,Rio Meao,Santa Maria da Feira,2025-05-01,2025,5,3849000.106,15.163324219613203,731698.984,3117301.122,,0,7.0,True,0,0,0,0,0,0,0.4999999999999999,-0.8660254037844387,Spring,2,Área Metropolitana do Porto,16.54891,0.001413197,1,1
10921,Rio Meao,Santa Maria da Feira,2025-06-01,2025,6,3888811.888,15.173614498840786,713848.039,3174963.849,,0,8.0,True,0,0,0,0,0,0,1.2246467991473532e-16,-1.0,Summer,2,Área Metropolitana do Porto,20.53555,0.0003460721,2,1
10921,Rio Meao,Santa Maria da Feira,2025-07-01,2025,7,4161222.703,15.24131974835606,759597.211,3401625.492,,0,9.0,True,0,0,0,0,0,0,-0.4999999999999997,-0.8660254037844388,Summer,3,Área Metropolitana do Porto,22.58836,0.0002901771,0,0
10921,Rio Meao,Santa Maria da Feira,2025-08-01,2025,8,2757874.425,14.829971167714817,731360.375,2026514.05,,0,10.0,True,0,0,0,0,0,0,-0.8660254037844385,-0.5000000000000004,Summer,3,Área Metropolitana do Porto,22.663101,0.00020656816,1,1
10921,Rio Meao,Santa Maria da Feira,2025-09-01,2025,9,3783818.984,15.146244635083589,714195.898,3069623.086,,0,11.0,True,0,0,0,0,0,0,-1.0,-1.8369701987210292e-16,Autumn,3,Área Metropolitana do Porto,18.83395,0.0007009094,0,0
10921,Rio Meao,Santa Maria da Feira,2025-10-01,2025,10,4591198.029,15.339651774284718,787223.621,3803974.408,,0,12.0,True,0,0,0,0,0,0,-0.8660254037844386,0.5000000000000001,Autumn,4,Área Metropolitana do Porto,18.295858,0.0024625633,1,1
10922,Romariz,Santa Maria da Feira,2024-06-01,2024,6,435476.408,12.984198197924496,380334.573,55141.835,,0,0.0,True,0,0,0,0,0,0,1.2246467991473532e-16,-1.0,Summer,2,Área Metropolitana do Porto,18.448448,0.0016163728,1,1
10922,Romariz,Santa Maria da Feira,2024-07-01,2024,7,466663.923,13.053366769481826,411884.467,54779.456,,0,1.0,True,0,0,0,0,0,0,-0.4999999999999997,-0.8660254037844388,Summer,3,Área Metropolitana do Porto,21.182703,0.00042578526,0,0
10922,Romariz,Santa Maria da Feira,2024-08-01,2024,8,450207.756,13.017466656399357,403108.946,47098.81,,0,2.0,True,0,0,0,0,0,0,-0.8660254037844385,-0.5000000000000004,Summer,3,Área Metropolitana do Porto,21.648857,2.907569e-05,1,1
10922,Romariz,Santa Maria da Feira,2024-09-01,2024,9,452072.02,13.021598994439351,386001.121,66070.899,,0,3.0,True,0,0,0,0,0,0,-1.0,-1.8369701987210292e-16,Autumn,3,Área Metropolitana do Porto,18.568954,0.0017400369,0,0
10922,Romariz,Santa Maria da Feira,2024-10-01,2024,10,508456.468,13.139136848887995,424872.822,83583.646,,0,4.0,True,0,0,0,0,0,0,-0.8660254037844386,0.5000000000000001,Autumn,4,Área Metropolitana do Porto,16.596422,0.0037179221,1,1
10922,Romariz,Santa Maria da Feira,2024-11-01,2024,11,526130.578,13.173306608726952,443249.16,82881.418,,0,5.0,True,0,0,0,0,0,0,-0.5000000000000004,0.8660254037844384,Autumn,4,Área Metropolitana do Porto,14.894053,0.0014270266,1,1
10922,Romariz,Santa Maria da Feira,2024-12-01,2024,12,601183.8470000001,13.306657731952496,516639.911,84543.936,,0,6.0,True,0,0,0,0,0,0,-2.4492935982947064e-16,1.0,Winter,4,Área Metropolitana do Porto,9.622535,0.00032675025,3,1
10922,Romariz,Santa Maria da Feira,2025-01-01,2025,1,668244.173,13.41241041063052,567112.494,101131.679,,0,7.0,True,0,0,0,0,0,0,0.4999999999999999,0.8660254037844387,Winter,1,Área Metropolitana do Porto,10.25696,0.0048657404,1,1
10922,Romariz,Santa Maria da Feira,2025-02-01,2025,2,579783.667,13.270412049794034,487833.023,91950.644,,0,8.0,True,0,0,0,0,0,0,0.8660254037844386,0.5000000000000001,Winter,1,Área Metropolitana do Porto,10.6212015,0.0016634068,0,0
10922,Romariz,Santa Maria da Feira,2025-03-01,2025,3,594603.04,13.29565098400674,506063.491,88539.549,,0,9.0,True,0,0,0,0,0,0,1.0,6.123233995736766e-17,Spring,1,Área Metropolitana do Porto,10.908496,0.0031234084,0,0
10922,Romariz,Santa Maria da Feira,2025-04-01,2025,4,507679.286,13.137607170163854,440197.725,67481.561,,0,10.0,True,0,0,0,0,0,0,0.8660254037844387,-0.4999999999999998,Spring,2,Área Metropolitana do Porto,13.958741,0.003487724,3,1
10922,Romariz,Santa Maria da Feira,2025-05-01,2025,5,480857.191,13.083327684413762,424578.98,56278.211,,0,11.0,True,0,0,0,0,0,0,0.4999999999999999,-0.8660254037844387,Spring,2,Área Metropolitana do Porto,16.01162,0.0015969527,1,1
10922,Romariz,Santa Maria da Feira,2025-06-01,2025,6,468266.084,13.05679410442455,414571.329,53694.755,,0,12.0,True,0,0,0,0,0,0,1.2246467991473532e-16,-1.0,Summer,2,Área Metropolitana do Porto,20.429836,0.00033581426,2,1
10924,Sanguedo,Santa Maria da Feira,2024-10-01,2024,10,737010.304,13.510358508910024,460211.452,276798.852,,0,0.0,True,0,0,0,0,0,0,-0.8660254037844386,0.5000000000000001,Autumn,4,Área Metropolitana do Porto,16.746412,0.0035686076,1,1
10924,Sanguedo,Santa Maria da Feira,2024-11-01,2024,11,750498.744,13.528494588949666,486457.395,264041.349,,0,1.0,True,0,0,0,0,0,0,-0.5000000000000004,0.8660254037844384,Autumn,4,Área Metropolitana do Porto,15.005344,0.0013874606,1,1
10924,Sanguedo,Santa Maria da Feira,2024-12-01,2024,12,821520.1109999999,13.618912914242475,605900.945,215619.166,,0,2.0,True,0,0,0,0,0,0,-2.4492935982947064e-16,1.0,Winter,4,Área Metropolitana do Porto,9.679984,0.00037748303,3,1
10924,Sanguedo,Santa Maria da Feira,2025-01-01,2025,1,902914.995,13.713384799278764,629512.31,273402.685,,0,3.0,True,0,0,0,0,0,0,0.4999999999999999,0.8660254037844387,Winter,1,Área Metropolitana do Porto,10.348854,0.004882315,1,1
10924,Sanguedo,Santa Maria da Feira,2025-02-01,2025,2,779604.611,13.5665434438703,528556.334,251048.277,,0,4.0,True,0,0,0,0,0,0,0.8660254037844386,0.5000000000000001,Winter,1,Área Metropolitana do Porto,10.690761,0.0016860159,0,0
10924,Sanguedo,Santa Maria da Feira,2025-03-01,2025,3,814136.531,13.609884587715507,538098.236,276038.295,,0,5.0,True,0,0,0,0,0,0,1.0,6.123233995736766e-17,Spring,1,Área Metropolitana do Porto,11.039857,0.0030490332,0,0
10924,Sanguedo,Santa Maria da Feira,2025-04-01,2025,4,704399.3589999999,13.465102165257663,460298.282,244101.077,,0,6.0,True,0,0,0,0,0,0,0.8660254037844387,-0.4999999999999998,Spring,2,Área Metropolitana do Porto,14.07537,0.0033760564,3,1
10924,Sanguedo,Santa Maria da Feira,2025-05-01,2025,5,649880.994,13.384546077697737,438655.133,211225.861,,0,7.0,True,0,0,0,0,0,0,0.4999999999999999,-0.8660254037844387,Spring,2,Área Metropolitana do Porto,16.196672,0.0016422383,1,1
10924,Sanguedo,Santa Maria da Feira,2025-06-01,2025,6,655443.401,13.39306875936657,430149.262,225294.139,,0,8.0,True,0,0,0,0,0,0,1.2246467991473532e-16,-1.0,Summer,2,Área Metropolitana do Porto,20.514275,0.00038198163,2,1
10924,Sanguedo,Santa Maria da Feira,2025-07-01,2025,7,699957.439,13.45877623940576,462989.452,236967.987,,0,9.0,True,0,0,0,0,0,0,-0.4999999999999997,-0.8660254037844388,Summer,3,Área Metropolitana do Porto,22.549164,0.00032207405,0,0
10924,Sanguedo,Santa Maria da Feira,2025-08-01,2025,8,648409.837,13.382279782152478,460166.352,188243.485,,0,10.0,True,0,0,0,0,0,0,-0.8660254037844385,-0.5000000000000004,Summer,3,Área Metropolitana do Porto,22.887707,0.00022277811,1,1
10924,Sanguedo,Santa Maria da Feira,2025-09-01,2025,9,664304.668,13.40649766590656,422279.376,242025.292,,0,11.0,True,0,0,0,0,0,0,-1.0,-1.8369701987210292e-16,Autumn,3,Área Metropolitana do Porto,18.51285,0.0007574995,0,0
10924,Sanguedo,Santa Maria da Feira,2025-10-01,2025,10,754187.0260000001,13.53339698725501,467366.188,286820.838,,0,12.0,True,0,0,0,0,0,0,-0.8660254037844386,0.5000000000000001,Autumn,4,Área Metropolitana do Porto,17.961014,0.0027462344,1,1
10925,Santa Maria de Lamas,Santa Maria da Feira,2024-07-01,2024,7,3775793.186,15.14412129893576,633623.882,3142169.304,2024-07-01,1,0.0,False,1,0,1,1,0,1,-0.4999999999999997,-0.8660254037844388,Summer,3,Área Metropolitana do Porto,21.331066,0.00035757857,0,0
10925,Santa Maria de Lamas,Santa Maria da Feira,2024-08-01,2024,8,1993997.814,14.505652634719391,608810.322,1385187.492,2024-07-01,1,1.0,False,0,0,0,1,0,1,-0.8660254037844385,-0.5000000000000004,Summer,3,Área Metropolitana do Porto,21.701187,3.4239652e-05,1,1
10925,Santa Maria de Lamas,Santa Maria da Feira,2024-09-01,2024,9,4220183.541999999,15.255389415387803,635157.017,3585026.525,2024-07-01,1,2.0,False,0,0,0,1,0,1,-1.0,-1.8369701987210292e-16,Autumn,3,Área Metropolitana do Porto,19.05613,0.00159024,0,0
10925,Santa Maria de Lamas,Santa Maria da Feira,2024-10-01,2024,10,5250928.689,15.473915702509402,692975.085,4557953.604,2024-07-01,1,3.0,False,0,0,0,1,0,1,-0.8660254037844386,0.5000000000000001,Autumn,4,Área Metropolitana do Porto,17.325146,0.0030339018,1,1
10925,Santa Maria de Lamas,Santa Maria da Feira,2024-11-01,2024,11,4987950.55,15.42253587242294,708923.709,4279026.841,2024-07-01,1,4.0,False,0,0,0,1,0,1,-0.5000000000000004,0.8660254037844384,Autumn,4,Área Metropolitana do Porto,15.599403,0.0012957455,1,1
10925,Santa Maria de Lamas,Santa Maria da Feira,2024-12-01,2024,12,3882134.63,15.171895980276966,826104.662,3056029.968,2024-07-01,1,5.0,False,0,0,0,1,0,1,-2.4492935982947064e-16,1.0,Winter,4,Área Metropolitana do Porto,10.424038,0.00032663447,3,1
10925,Santa Maria de Lamas,Santa Maria da Feira,2025-01-01,2025,1,5080160.388,15.440853588341373,891186.146,4188974.242,2024-07-01,1,6.0,False,0,0,0,1,0,1,0.4999999999999999,0.8660254037844387,Winter,1,Área Metropolitana do Porto,11.047922,0.004401409,1,1
10925,Santa Maria de Lamas,Santa Maria da Feira,2025-02-01,2025,2,4904508.502,15.405665646389055,769630.458,4134878.044,2024-07-01,1,7.0,False,0,0,0,1,0,1,0.8660254037844386,0.5000000000000001,Winter,1,Área Metropolitana do Porto,11.323458,0.0016888455,0,0
10925,Santa Maria de Lamas,Santa Maria da Feira,2025-03-01,2025,3,5080599.024999999,15.440939927737098,788922.516,4291676.509,2024-07-01,1,8.0,False,1,0,1,2,0,2,1.0,6.123233995736766e-17,Spring,1,Área Metropolitana do Porto,11.63364,0.002790625,0,0
10925,Santa Maria de Lamas,Santa Maria da Feira,2025-04-01,2025,4,4323111.122,15.27948609946888,673050.65,3650060.472,2024-07-01,1,9.0,False,0,0,0,2,0,2,0.8660254037844387,-0.4999999999999998,Spring,2,Área Metropolitana do Porto,14.624483,0.0033174353,3,1
10925,Santa Maria de Lamas,Santa Maria da Feira,2025-05-01,2025,5,3948387.419,15.188818058434748,658288.125,3290099.294,2024-07-01,1,10.0,False,0,0,0,2,0,2,0.4999999999999999,-0.8660254037844387,Spring,2,Área Metropolitana do Porto,16.54891,0.001413197,1,1
10925,Santa Maria de Lamas,Santa Maria da Feira,2025-06-01,2025,6,3302778.399,15.010274914071054,638923.906,2663854.493,2024-07-01,1,11.0,False,0,0,0,2,0,2,1.2246467991473532e-16,-1.0,Summer,2,Área Metropolitana do Porto,20.53555,0.0003460721,2,1
10925,Santa Maria de Lamas,Santa Maria da Feira,2025-07-01,2025,7,3669040.087,15.115440901693905,665354.27,3003685.817,2024-07-01,1,12.0,False,0,0,0,2,0,2,-0.4999999999999997,-0.8660254037844388,Summer,3,Área Metropolitana do Porto,22.58836,0.0002901771,0,0
10925,Santa Maria de Lamas,Santa Maria da Feira,2025-08-01,2025,8,1745261.505,14.372415534969562,631761.248,1113500.257,2024-07-01,1,13.0,False,0,0,0,2,0,2,-0.8660254037844385,-0.5000000000000004,Summer,3,Área Metropolitana do Porto,22.663101,0.00020656816,1,1
10925,Santa Maria de Lamas,Santa Maria da Feira,2025-09-01,2025,9,3866395.406,15.167833469965714,638905.368,3227490.038,2024-07-01,1,14.0,False,0,0,0,2,0,2,-1.0,-1.8369701987210292e-16,Autumn,3,Área Metropolitana do Porto,18.83395,0.0007009094,0,0
10925,Santa Maria de Lamas,Santa Maria da Feira,2025-10-01,2025,10,4197954.137,15.250108092550011,697564.785,3500389.352,2024-07-01,1,15.0,False,0,0,0,2,0,2,-0.8660254037844386,0.5000000000000001,Autumn,4,Área Metropolitana do Porto,18.295858,0.0024625633,1,1
10926,São João de Ver,Santa Maria da Feira,2024-08-01,2024,8,3189985.7180000003,14.975527311115997,1550659.591,1639326.127,,0,0.0,True,0,0,0,0,0,0,-0.8660254037844385,-0.5000000000000004,Summer,3,Área Metropolitana do Porto,21.76678,4.0733918e-05,1,1
10926,São João de Ver,Santa Maria da Feira,2024-09-01,2024,9,3319575.023,15.01534762882217,1579034.956,1740540.067,,0,1.0,True,0,0,0,0,0,0,-1.0,-1.8369701987210292e-16,Autumn,3,Área Metropolitana do Porto,18.712812,0.0017860108,0,0
10926,São João de Ver,Santa Maria da Feira,2024-10-01,2024,10,3387814.9280000003,15.035696002699613,1737452.379,1650362.549,,0,2.0,True,0,0,0,0,0,0,-0.8660254037844386,0.5000000000000001,Autumn,4,Área Metropolitana do Porto,16.746412,0.0035686076,1,1
10926,São João de Ver,Santa Maria da Feira,2024-11-01,2024,11,3453116.8370000003,15.054788101767263,1795476.188,1657640.649,,0,3.0,True,0,0,0,0,0,0,-0.5000000000000004,0.8660254037844384,Autumn,4,Área Metropolitana do Porto,15.005344,0.0013874606,1,1
10926,São João de Ver,Santa Maria da Feira,2024-12-01,2024,12,3491721.46,15.065905713974317,2090824.292,1400897.168,,0,4.0,True,0,0,0,0,0,0,-2.4492935982947064e-16,1.0,Winter,4,Área Metropolitana do Porto,9.679984,0.00037748303,3,1
10926,São João de Ver,Santa Maria da Feira,2025-01-01,2025,1,3865070.59,15.167490762471186,2252257.91,1612812.68,,0,5.0,True,0,0,0,0,0,0,0.4999999999999999,0.8660254037844387,Winter,1,Área Metropolitana do Porto,10.348854,0.004882315,1,1
10926,São João de Ver,Santa Maria da Feira,2025-02-01,2025,2,3556451.3830000004,15.084274084341208,1952300.097,1604151.286,,0,6.0,True,0,0,0,0,0,0,0.8660254037844386,0.5000000000000001,Winter,1,Área Metropolitana do Porto,10.690761,0.0016860159,0,0
10926,São João de Ver,Santa Maria da Feira,2025-03-01,2025,3,3674966.625,15.11705488106646,2020314.084,1654652.541,,0,7.0,True,0,0,0,0,0,0,1.0,6.123233995736766e-17,Spring,1,Área Metropolitana do Porto,11.039857,0.0030490332,0,0
10926,São João de Ver,Santa Maria da Feira,2025-04-01,2025,4,3117820.205,14.952644984107716,1720756.81,1397063.395,,0,8.0,True,0,0,0,0,0,0,0.8660254037844387,-0.4999999999999998,Spring,2,Área Metropolitana do Porto,14.07537,0.0033760564,3,1
10926,São João de Ver,Santa Maria da Feira,2025-05-01,2025,5,3420315.834,15.045243746268294,1685704.675,1734611.159,,0,9.0,True,0,0,0,0,0,0,0.4999999999999999,-0.8660254037844387,Spring,2,Área Metropolitana do Porto,16.196672,0.0016422383,1,1
10926,São João de Ver,Santa Maria da Feira,2025-06-01,2025,6,3854152.956,15.164662074226568,1663829.714,2190323.242,,0,10.0,True,0,0,0,0,0,0,1.2246467991473532e-16,-1.0,Summer,2,Área Metropolitana do Porto,20.514275,0.00038198163,2,1
10926,São João de Ver,Santa Maria da Feira,2025-07-01,2025,7,3988602.706,15.1989517792489,1771043.276,2217559.43,,0,11.0,True,0,0,0,0,0,0,-0.4999999999999997,-0.8660254037844388,Summer,3,Área Metropolitana do Porto,22.549164,0.00032207405,0,0
10926,São João de Ver,Santa Maria da Feira,2025-08-01,2025,8,3450225.796,15.05395052481791,1687895.072,1762330.724,,0,12.0,True,0,0,0,0,0,0,-0.8660254037844385,-0.5000000000000004,Summer,3,Área Metropolitana do Porto,22.887707,0.00022277811,1,1
10935,"Santa Maria da Feira, Travanca, Sanfins e Espargo",Santa Maria da Feira,2024-10-01,2024,10,6295283.692,15.655311449537246,3685291.055,2609992.637,2024-10-01,1,0.0,False,1,0,1,1,0,1,-0.8660254037844386,0.5000000000000001,Autumn,4,Área Metropolitana do Porto,17.25568,0.0032694843,1,1
10935,"Santa Maria da Feira, Travanca, Sanfins e Espargo",Santa Maria da Feira,2024-11-01,2024,11,6304878.739,15.656834453289653,3776348.812,2528529.927,2024-10-01,1,1.0,False,0,0,0,1,0,1,-0.5000000000000004,0.8660254037844384,Autumn,4,Área Metropolitana do Porto,15.594135,0.0013498442,1,1
10935,"Santa Maria da Feira, Travanca, Sanfins e Espargo",Santa Maria da Feira,2024-12-01,2024,12,6896415.045,15.74651242085731,4503685.679,2392729.366,2024-10-01,1,2.0,False,0,0,0,1,0,1,-2.4492935982947064e-16,1.0,Winter,4,Área Metropolitana do Porto,10.435064,0.00028599493,3,1
10935,"Santa Maria da Feira, Travanca, Sanfins e Espargo",Santa Maria da Feira,2025-01-01,2025,1,7396858.823000001,15.81656611986996,4852963.479,2543895.344,2024-10-01,1,3.0,False,0,0,0,1,0,1,0.4999999999999999,0.8660254037844387,Winter,1,Área Metropolitana do Porto,11.026818,0.0044673737,1,1
10935,"Santa Maria da Feira, Travanca, Sanfins e Espargo",Santa Maria da Feira,2025-02-01,2025,2,6451544.700999999,15.679830303627917,4193002.139,2258542.562,2024-10-01,1,4.0,False,0,0,0,1,0,1,0.8660254037844386,0.5000000000000001,Winter,1,Área Metropolitana do Porto,11.335194,0.0016667992,0,0
10935,"Santa Maria da Feira, Travanca, Sanfins e Espargo",Santa Maria da Feira,2025-03-01,2025,3,6694068.089,15.716732481733908,4332987.738,2361080.351,2024-10-01,1,5.0,False,0,0,0,1,0,1,1.0,6.123233995736766e-17,Spring,1,Área Metropolitana do Porto,11.616958,0.002906649,0,0
10935,"Santa Maria da Feira, Travanca, Sanfins e Espargo",Santa Maria da Feira,2025-04-01,2025,4,5838020.58,15.57990252686076,3698956.86,2139063.72,2024-10-01,1,6.0,False,0,0,0,1,0,1,0.8660254037844387,-0.4999999999999998,Spring,2,Área Metropolitana do Porto,14.624583,0.0034370509,3,1
10935,"Santa Maria da Feira, Travanca, Sanfins e Espargo",Santa Maria da Feira,2025-05-01,2025,5,5715624.009,15.558714212135998,3585595.437,2130028.572,2024-10-01,1,7.0,False,0,0,0,1,0,1,0.4999999999999999,-0.8660254037844387,Spring,2,Área Metropolitana do Porto,16.498373,0.0014082611,1,1
10935,"Santa Maria da Feira, Travanca, Sanfins e Espargo",Santa Maria da Feira,2025-06-01,2025,6,5750532.028,15.564803108998843,3512340.836,2238191.192,2024-10-01,1,8.0,False,0,0,0,1,0,1,1.2246467991473532e-16,-1.0,Summer,2,Área Metropolitana do Porto,20.602062,0.00030730132,2,1
10935,"Santa Maria da Feira, Travanca, Sanfins e Espargo",Santa Maria da Feira,2025-07-01,2025,7,6232928.309,15.645356974318045,3783453.199,2449475.11,2024-10-01,1,9.0,False,0,0,0,1,0,1,-0.4999999999999997,-0.8660254037844388,Summer,3,Área Metropolitana do Porto,22.669052,0.0002868243,0,0
10935,"Santa Maria da Feira, Travanca, Sanfins e Espargo",Santa Maria da Feira,2025-08-01,2025,8,6099286.132999999,15.623682458871851,3709291.331,2389994.802,2024-10-01,1,10.0,False,0,0,0,1,0,1,-0.8660254037844385,-0.5000000000000004,Summer,3,Área Metropolitana do Porto,22.73976,0.00020082503,1,1
10935,"Santa Maria da Feira, Travanca, Sanfins e Espargo",Santa Maria da Feira,2025-09-01,2025,9,5756225.512,15.56579269854312,3469851.969,2286373.543,2024-10-01,1,11.0,False,2,0,2,3,0,3,-1.0,-1.8369701987210292e-16,Autumn,3,Área Metropolitana do Porto,18.811502,0.0007489519,0,0
10935,"Santa Maria da Feira, Travanca, Sanfins e Espargo",Santa Maria da Feira,2025-10-01,2025,10,6278816.39,15.652692207016864,3779221.118,2499595.272,2024-10-01,1,12.0,False,0,0,0,3,0,3,-0.8660254037844386,0.5000000000000001,Autumn,4,Área Metropolitana do Porto,18.359362,0.0025409842,1,1
11301,Carregosa,Oliveira de Azeméis,2024-08-01,2024,8,1627928.6519999998,14.302819613308776,509306.235,1118622.417,,0,0.0,True,0,0,0,0,0,0,-0.8660254037844385,-0.5000000000000004,Summer,3,Área Metropolitana do Porto,21.560087,3.592111e-05,1,1
11301,Carregosa,Oliveira de Azeméis,2024-09-01,2024,9,2173930.504,14.592047839267217,522401.193,1651529.311,,0,1.0,True,0,0,0,0,0,0,-1.0,-1.8369701987210292e-16,Autumn,3,Área Metropolitana do Porto,17.93654,0.0019368605,0,0
11301,Carregosa,Oliveira de Azeméis,2024-10-01,2024,10,2226390.851,14.615892829018238,557405.418,1668985.433,,0,2.0,True,0,0,0,0,0,0,-0.8660254037844386,0.5000000000000001,Autumn,4,Área Metropolitana do Porto,15.744009,0.00423872,1,1
11301,Carregosa,Oliveira de Azeméis,2024-11-01,2024,11,2310960.128,14.653174068690994,569552.534,1741407.594,,0,3.0,True,0,0,0,0,0,0,-0.5000000000000004,0.8660254037844384,Autumn,4,Área Metropolitana do Porto,13.982864,0.0015205485,1,1
11301,Carregosa,Oliveira de Azeméis,2024-12-01,2024,12,2191761.461,14.600216554845872,661826.025,1529935.436,,0,4.0,True,0,0,0,0,0,0,-2.4492935982947064e-16,1.0,Winter,4,Área Metropolitana do Porto,8.58018,0.00037672336,3,1
11301,Carregosa,Oliveira de Azeméis,2025-01-01,2025,1,2630635.903,14.782736543276968,713507.434,1917128.469,,0,5.0,True,0,0,0,0,0,0,0.4999999999999999,0.8660254037844387,Winter,1,Área Metropolitana do Porto,9.274772,0.0053360593,1,1
11301,Carregosa,Oliveira de Azeméis,2025-02-01,2025,2,2246371.796,14.624827382697568,626772.785,1619599.011,,0,6.0,True,0,0,0,0,0,0,0.8660254037844386,0.5000000000000001,Winter,1,Área Metropolitana do Porto,9.698678,0.0016567151,0,0
11301,Carregosa,Oliveira de Azeméis,2025-03-01,2025,3,2120288.777,14.567063324571492,642983.353,1477305.424,,0,7.0,True,0,0,0,0,0,0,1.0,6.123233995736766e-17,Spring,1,Área Metropolitana do Porto,9.976795,0.003374357,0,0
11301,Carregosa,Oliveira de Azeméis,2025-04-01,2025,4,2133155.819,14.573113515144808,542743.556,1590412.263,,0,8.0,True,0,0,0,0,0,0,0.8660254037844387,-0.4999999999999998,Spring,2,Área Metropolitana do Porto,13.109539,0.0035500634,3,1
11301,Carregosa,Oliveira de Azeméis,2025-05-01,2025,5,2371483.151,14.679026541165486,509810.708,1861672.443,,0,9.0,True,0,0,0,0,0,0,0.4999999999999999,-0.8660254037844387,Spring,2,Área Metropolitana do Porto,15.376108,0.0018171753,1,1
11301,Carregosa,Oliveira de Azeméis,2025-06-01,2025,6,2238416.174,14.621279555308524,487442.252,1750973.922,,0,10.0,True,0,0,0,0,0,0,1.2246467991473532e-16,-1.0,Summer,2,Área Metropolitana do Porto,20.219036,0.00037337025,2,1
11301,Carregosa,Oliveira de Azeméis,2025-07-01,2025,7,2382683.658,14.683738417488174,533057.322,1849626.336,,0,11.0,True,0,0,0,0,0,0,-0.4999999999999997,-0.8660254037844388,Summer,3,Área Metropolitana do Porto,22.166523,0.00034431345,0,0
11301,Carregosa,Oliveira de Azeméis,2025-08-01,2025,8,1665904.427,14.325879333591043,512920.612,1152983.815,,0,12.0,True,0,0,0,0,0,0,-0.8660254037844385,-0.5000000000000004,Summer,3,Área Metropolitana do Porto,22.69302,0.00023151968,1,1
11302,Cesar,Oliveira de Azeméis,2024-10-01,2024,10,1964276.605,14.490635104649384,645480.659,1318795.946,,0,0.0,True,0,0,0,0,0,0,-0.8660254037844386,0.5000000000000001,Autumn,4,Área Metropolitana do Porto,15.744009,0.00423872,1,1
11302,Cesar,Oliveira de Azeméis,2024-11-01,2024,11,1980125.489,14.498671283963596,666919.885,1313205.604,,0,1.0,True,0,0,0,0,0,0,-0.5000000000000004,0.8660254037844384,Autumn,4,Área Metropolitana do Porto,13.982864,0.0015205485,1,1
11302,Cesar,Oliveira de Azeméis,2024-12-01,2024,12,1735245.285,14.366659912297653,737843.468,997401.817,,0,2.0,True,0,0,0,0,0,0,-2.4492935982947064e-16,1.0,Winter,4,Área Metropolitana do Porto,8.58018,0.00037672336,3,1
11302,Cesar,Oliveira de Azeméis,2025-01-01,2025,1,2075539.169,14.545732000178576,818727.974,1256811.195,,0,3.0,True,0,0,0,0,0,0,0.4999999999999999,0.8660254037844387,Winter,1,Área Metropolitana do Porto,9.274772,0.0053360593,1,1
11302,Cesar,Oliveira de Azeméis,2025-02-01,2025,2,1944623.019,14.480579209921853,721226.049,1223396.97,,0,4.0,True,0,0,0,0,0,0,0.8660254037844386,0.5000000000000001,Winter,1,Área Metropolitana do Porto,9.698678,0.0016567151,0,0
11302,Cesar,Oliveira de Azeméis,2025-03-01,2025,3,2058978.765,14.537721158375428,733558.063,1325420.702,,0,5.0,True,0,0,0,0,0,0,1.0,6.123233995736766e-17,Spring,1,Área Metropolitana do Porto,9.976795,0.003374357,0,0
11302,Cesar,Oliveira de Azeméis,2025-04-01,2025,4,1737180.019,14.367774253380029,616116.687,1121063.332,,0,6.0,True,0,0,0,0,0,0,0.8660254037844387,-0.4999999999999998,Spring,2,Área Metropolitana do Porto,13.109539,0.0035500634,3,1
11302,Cesar,Oliveira de Azeméis,2025-05-01,2025,5,1745145.461,14.372349041901746,602842.03,1142303.431,,0,7.0,True,0,0,0,0,0,0,0.4999999999999999,-0.8660254037844387,Spring,2,Área Metropolitana do Porto,15.376108,0.0018171753,1,1
11302,Cesar,Oliveira de Azeméis,2025-06-01,2025,6,1704872.733,14.349001609065912,591478.195,1113394.538,,0,8.0,True,0,0,0,0,0,0,1.2246467991473532e-16,-1.0,Summer,2,Área Metropolitana do Porto,20.219036,0.00037337025,2,1
11302,Cesar,Oliveira de Azeméis,2025-07-01,2025,7,1702539.942,14.347632364881116,647767.99,1054771.952,,0,9.0,True,0,0,0,0,0,0,-0.4999999999999997,-0.8660254037844388,Summer,3,Área Metropolitana do Porto,22.166523,0.00034431345,0,0
11302,Cesar,Oliveira de Azeméis,2025-08-01,2025,8,1363371.108,14.12547168002223,586768.278,776602.83,,0,10.0,True,0,0,0,0,0,0,-0.8660254037844385,-0.5000000000000004,Summer,3,Área Metropolitana do Porto,22.69302,0.00023151968,1,1
11302,Cesar,Oliveira de Azeméis,2025-09-01,2025,9,1677560.9989999998,14.332852106310426,581879.741,1095681.258,,0,11.0,True,0,0,0,0,0,0,-1.0,-1.8369701987210292e-16,Autumn,3,Área Metropolitana do Porto,17.74069,0.0008528424,0,0
11302,Cesar,Oliveira de Azeméis,2025-10-01,2025,10,1911036.643,14.463156921092247,657244.921,1253791.722,,0,12.0,True,0,0,0,0,0,0,-0.8660254037844386,0.5000000000000001,Autumn,4,Área Metropolitana do Porto,17.241293,0.0030553113,1,1
11303,Fajões,Oliveira de Azeméis,2024-09-01,2024,9,1971780.761,14.49444813915637,457689.884,1514090.877,,0,0.0,True,0,0,0,0,0,0,-1.0,-1.8369701987210292e-16,Autumn,3,Área Metropolitana do Porto,17.93654,0.0019368605,0,0
11303,Fajões,Oliveira de Azeméis,2024-10-01,2024,10,2417582.124,14.698278889999743,511390.914,1906191.21,,0,1.0,True,0,0,0,0,0,0,-0.8660254037844386,0.5000000000000001,Autumn,4,Área Metropolitana do Porto,15.744009,0.00423872,1,1
11303,Fajões,Oliveira de Azeméis,2024-11-01,2024,11,2286412.415,14.642494953442837,533710.655,1752701.76,,0,2.0,True,0,0,0,0,0,0,-0.5000000000000004,0.8660254037844384,Autumn,4,Área Metropolitana do Porto,13.982864,0.0015205485,1,1
11303,Fajões,Oliveira de Azeméis,2024-12-01,2024,12,1915332.115,14.465402115860911,601187.383,1314144.732,,0,3.0,True,0,0,0,0,0,0,-2.4492935982947064e-16,1.0,Winter,4,Área Metropolitana do Porto,8.58018,0.00037672336,3,1
11303,Fajões,Oliveira de Azeméis,2025-01-01,2025,1,2343607.305,14.667202310339954,644309.53,1699297.775,,0,4.0,True,0,0,0,0,0,0,0.4999999999999999,0.8660254037844387,Winter,1,Área Metropolitana do Porto,9.274772,0.0053360593,1,1
11303,Fajões,Oliveira de Azeméis,2025-02-01,2025,2,2265111.977,14.633135195125533,571508.751,1693603.226,,0,5.0,True,0,0,0,0,0,0,0.8660254037844386,0.5000000000000001,Winter,1,Área Metropolitana do Porto,9.698678,0.0016567151,0,0
11303,Fajões,Oliveira de Azeméis,2025-03-01,2025,3,2431644.841,14.70407888687509,596189.97,1835454.871,,0,6.0,True,0,0,0,0,0,0,1.0,6.123233995736766e-17,Spring,1,Área Metropolitana do Porto,9.976795,0.003374357,0,0
11303,Fajões,Oliveira de Azeméis,2025-04-01,2025,4,2003696.364,14.51050471381477,510669.335,1493027.029,,0,7.0,True,0,0,0,0,0,0,0.8660254037844387,-0.4999999999999998,Spring,2,Área Metropolitana do Porto,13.109539,0.0035500634,3,1
11303,Fajões,Oliveira de Azeméis,2025-05-01,2025,5,1948980.991,14.482817738323869,493585.609,1455395.382,,0,8.0,True,0,0,0,0,0,0,0.4999999999999999,-0.8660254037844387,Spring,2,Área Metropolitana do Porto,15.376108,0.0018171753,1,1
11303,Fajões,Oliveira de Azeméis,2025-06-01,2025,6,1854502.1,14.433127347519983,467698.559,1386803.541,,0,9.0,True,0,0,0,0,0,0,1.2246467991473532e-16,-1.0,Summer,2,Área Metropolitana do Porto,20.219036,0.00037337025,2,1
11303,Fajões,Oliveira de Azeméis,2025-07-01,2025,7,2021971.627,14.519584140884373,498657.859,1523313.768,,0,10.0,True,0,0,0,0,0,0,-0.4999999999999997,-0.8660254037844388,Summer,3,Área Metropolitana do Porto,22.166523,0.00034431345,0,0
11303,Fajões,Oliveira de Azeméis,2025-08-01,2025,8,1469162.29,14.200203606228335,452312.208,1016850.082,,0,11.0,True,0,0,0,0,0,0,-0.8660254037844385,-0.5000000000000004,Summer,3,Área Metropolitana do Porto,22.69302,0.00023151968,1,1
11303,Fajões,Oliveira de Azeméis,2025-09-01,2025,9,1850096.88,14.43074910376303,446914.619,1403182.261,,0,12.0,True,0,0,0,0,0,0,-1.0,-1.8369701987210292e-16,Autumn,3,Área Metropolitana do Porto,17.74069,0.0008528424,0,0
11304,Loureiro,Oliveira de Azeméis,2024-10-01,2024,10,1815581.553,14.411916940022792,0.0,1815581.553,,0,0.0,True,0,0,0,0,0,0,-0.8660254037844386,0.5000000000000001,Autumn,4,Área Metropolitana do Porto,16.829643,0.0037887087,1,1
11304,Loureiro,Oliveira de Azeméis,2024-11-01,2024,11,1847760.557,14.429485495261588,0.0,1847760.557,,0,1.0,True,0,0,0,0,0,0,-0.5000000000000004,0.8660254037844384,Autumn,4,Área Metropolitana do Porto,15.093449,0.0014160873,1,1
11304,Loureiro,Oliveira de Azeméis,2024-12-01,2024,12,1845369.332,14.428190537266028,0.0,1845369.332,,0,2.0,True,0,0,0,0,0,0,-2.4492935982947064e-16,1.0,Winter,4,Área Metropolitana do Porto,9.792436,0.00029762616,3,1
11304,Loureiro,Oliveira de Azeméis,2025-01-01,2025,1,2066879.909,14.54155122161946,0.0,2066879.909,,0,3.0,True,0,0,0,0,0,0,0.4999999999999999,0.8660254037844387,Winter,1,Área Metropolitana do Porto,10.445481,0.0047577564,1,1
11304,Loureiro,Oliveira de Azeméis,2025-02-01,2025,2,1916782.52,14.466159089203536,0.0,1916782.52,,0,4.0,True,0,0,0,0,0,0,0.8660254037844386,0.5000000000000001,Winter,1,Área Metropolitana do Porto,10.8046465,0.0015532201,0,0
11304,Loureiro,Oliveira de Azeméis,2025-03-01,2025,3,1925257.867,14.470570993026522,0.0,1925257.867,,0,5.0,True,0,0,0,0,0,0,1.0,6.123233995736766e-17,Spring,1,Área Metropolitana do Porto,11.180238,0.0031393033,0,0
11304,Loureiro,Oliveira de Azeméis,2025-04-01,2025,4,1719798.303,14.357718157679168,0.0,1719798.303,,0,6.0,True,0,0,0,0,0,0,0.8660254037844387,-0.4999999999999998,Spring,2,Área Metropolitana do Porto,14.198914,0.0032815214,3,1
11304,Loureiro,Oliveira de Azeméis,2025-05-01,2025,5,1685745.079,14.337718800626453,0.0,1685745.079,,0,7.0,True,0,0,0,0,0,0,0.4999999999999999,-0.8660254037844387,Spring,2,Área Metropolitana do Porto,16.240862,0.0015378426,1,1
11304,Loureiro,Oliveira de Azeméis,2025-06-01,2025,6,1615728.255,14.295296963803974,0.0,1615728.255,,0,8.0,True,0,0,0,0,0,0,1.2246467991473532e-16,-1.0,Summer,2,Área Metropolitana do Porto,20.65228,0.00030195114,2,1
11304,Loureiro,Oliveira de Azeméis,2025-07-01,2025,7,1777614.94,14.390783664974013,0.0,1777614.94,,0,9.0,True,0,0,0,0,0,0,-0.4999999999999997,-0.8660254037844388,Summer,3,Área Metropolitana do Porto,22.588995,0.00029223936,0,0
11304,Loureiro,Oliveira de Azeméis,2025-08-01,2025,8,1317417.805,14.091184929415077,0.0,1317417.805,,0,10.0,True,0,0,0,0,0,0,-0.8660254037844385,-0.5000000000000004,Summer,3,Área Metropolitana do Porto,22.839718,0.00019401612,1,1
11304,Loureiro,Oliveira de Azeméis,2025-09-01,2025,9,1608913.289,14.291070154822885,0.0,1608913.289,,0,11.0,True,0,0,0,0,0,0,-1.0,-1.8369701987210292e-16,Autumn,3,Área Metropolitana do Porto,18.53697,0.0008577661,0,0
11304,Loureiro,Oliveira de Azeméis,2025-10-01,2025,10,1815972.546,14.412132270856656,0.0,1815972.546,,0,12.0,True,0,0,0,0,0,0,-0.8660254037844386,0.5000000000000001,Autumn,4,Área Metropolitana do Porto,18.095633,0.002749754,1,1
11305,Macieira de Sarnes,Oliveira de Azeméis,2024-10-01,2024,10,256111.208,12.453370939930837,256111.208,0.0,,0,0.0,True,0,0,0,0,0,0,-0.8660254037844386,0.5000000000000001,Autumn,4,Área Metropolitana do Porto,16.596422,0.0037179221,1,1
11305,Macieira de Sarnes,Oliveira de Azeméis,2024-11-01,2024,11,263766.372,12.482822827006226,263766.372,0.0,,0,1.0,True,0,0,0,0,0,0,-0.5000000000000004,0.8660254037844384,Autumn,4,Área Metropolitana do Porto,14.894053,0.0014270266,1,1
11305,Macieira de Sarnes,Oliveira de Azeméis,2024-12-01,2024,12,319023.796,12.673024109153651,319023.796,0.0,,0,2.0,True,0,0,0,0,0,0,-2.4492935982947064e-16,1.0,Winter,4,Área Metropolitana do Porto,9.622535,0.00032675025,3,1
11305,Macieira de Sarnes,Oliveira de Azeméis,2025-01-01,2025,1,344981.832,12.75124993245647,344981.832,0.0,,0,3.0,True,0,0,0,0,0,0,0.4999999999999999,0.8660254037844387,Winter,1,Área Metropolitana do Porto,10.25696,0.0048657404,1,1
11305,Macieira de Sarnes,Oliveira de Azeméis,2025-02-01,2025,2,291759.931,12.583690016456355,291759.931,0.0,,0,4.0,True,0,0,0,0,0,0,0.8660254037844386,0.5000000000000001,Winter,1,Área Metropolitana do Porto,10.6212015,0.0016634068,0,0
11305,Macieira de Sarnes,Oliveira de Azeméis,2025-03-01,2025,3,291594.615,12.583123241280664,291594.615,0.0,,0,5.0,True,0,0,0,0,0,0,1.0,6.123233995736766e-17,Spring,1,Área Metropolitana do Porto,10.908496,0.0031234084,0,0
11305,Macieira de Sarnes,Oliveira de Azeméis,2025-04-01,2025,4,249786.425,12.428365535134285,249786.425,0.0,,0,6.0,True,0,0,0,0,0,0,0.8660254037844387,-0.4999999999999998,Spring,2,Área Metropolitana do Porto,13.958741,0.003487724,3,1
11305,Macieira de Sarnes,Oliveira de Azeméis,2025-05-01,2025,5,234109.973,12.363550525511632,234109.973,0.0,,0,7.0,True,0,0,0,0,0,0,0.4999999999999999,-0.8660254037844387,Spring,2,Área Metropolitana do Porto,16.01162,0.0015969527,1,1
11305,Macieira de Sarnes,Oliveira de Azeméis,2025-06-01,2025,6,220689.254,12.304515431777244,220689.254,0.0,,0,8.0,True,0,0,0,0,0,0,1.2246467991473532e-16,-1.0,Summer,2,Área Metropolitana do Porto,20.429836,0.00033581426,2,1
11305,Macieira de Sarnes,Oliveira de Azeméis,2025-07-01,2025,7,240268.402,12.38951608111605,240268.402,0.0,,0,9.0,True,0,0,0,0,0,0,-0.4999999999999997,-0.8660254037844388,Summer,3,Área Metropolitana do Porto,22.427671,0.00031303876,0,0
11305,Macieira de Sarnes,Oliveira de Azeméis,2025-08-01,2025,8,228930.343,12.341177425356632,228930.343,0.0,,0,10.0,True,0,0,0,0,0,0,-0.8660254037844385,-0.5000000000000004,Summer,3,Área Metropolitana do Porto,22.728613,0.00021389569,1,1
11305,Macieira de Sarnes,Oliveira de Azeméis,2025-09-01,2025,9,217908.633,12.291835728308008,217908.633,0.0,,0,11.0,True,0,0,0,0,0,0,-1.0,-1.8369701987210292e-16,Autumn,3,Área Metropolitana do Porto,18.34869,0.00079718995,0,0
11305,Macieira de Sarnes,Oliveira de Azeméis,2025-10-01,2025,10,245196.556,12.409819515620946,245196.556,0.0,,0,12.0,True,0,0,0,0,0,0,-0.8660254037844386,0.5000000000000001,Autumn,4,Área Metropolitana do Porto,17.875782,0.0027773336,1,1
11310,Ossela,Oliveira de Azeméis,2024-10-01,2024,10,537286.42,13.194288463079705,278517.368,258769.052,,0,0.0,True,0,0,0,0,0,0,-0.8660254037844386,0.5000000000000001,Autumn,4,Área Metropolitana do Porto,15.9193735,0.0042898385,1,1
11310,Ossela,Oliveira de Azeméis,2024-11-01,2024,11,541215.0020000001,13.20157374246915,279030.617,262184.385,,0,1.0,True,0,0,0,0,0,0,-0.5000000000000004,0.8660254037844384,Autumn,4,Área Metropolitana do Porto,14.107791,0.0014862504,1,1
11310,Ossela,Oliveira de Azeméis,2024-12-01,2024,12,574789.261,13.261760489758847,332520.227,242269.034,,0,2.0,True,0,0,0,0,0,0,-2.4492935982947064e-16,1.0,Winter,4,Área Metropolitana do Porto,8.703692,0.00034783737,3,1
11310,Ossela,Oliveira de Azeméis,2025-01-01,2025,1,618287.27,13.33471008399358,345472.941,272814.329,,0,3.0,True,0,0,0,0,0,0,0.4999999999999999,0.8660254037844387,Winter,1,Área Metropolitana do Porto,9.385814,0.0053174496,1,1
11310,Ossela,Oliveira de Azeméis,2025-02-01,2025,2,535865.273,13.191639918253324,294529.466,241335.807,,0,4.0,True,0,0,0,0,0,0,0.8660254037844386,0.5000000000000001,Winter,1,Área Metropolitana do Porto,9.808507,0.0015724001,0,0
11310,Ossela,Oliveira de Azeméis,2025-03-01,2025,3,547347.303,13.212840630135096,302596.93,244750.373,,0,5.0,True,0,0,0,0,0,0,1.0,6.123233995736766e-17,Spring,1,Área Metropolitana do Porto,10.172774,0.003388169,0,0
11310,Ossela,Oliveira de Azeméis,2025-04-01,2025,4,489124.656,13.100374700682272,265545.6,223579.056,,0,6.0,True,0,0,0,0,0,0,0.8660254037844387,-0.4999999999999998,Spring,2,Área Metropolitana do Porto,13.273026,0.0033661479,3,1
11310,Ossela,Oliveira de Azeméis,2025-05-01,2025,5,477776.9030000001,13.07690126542056,256558.015,221218.888,,0,7.0,True,0,0,0,0,0,0,0.4999999999999999,-0.8660254037844387,Spring,2,Área Metropolitana do Porto,15.528979,0.001731744,1,1
11310,Ossela,Oliveira de Azeméis,2025-06-01,2025,6,476491.458,13.074207174039271,253665.844,222825.614,,0,8.0,True,0,0,0,0,0,0,1.2246467991473532e-16,-1.0,Summer,2,Área Metropolitana do Porto,20.434196,0.00032358133,2,1
11310,Ossela,Oliveira de Azeméis,2025-07-01,2025,7,505571.161,13.133446058985564,281301.583,224269.578,,0,9.0,True,0,0,0,0,0,0,-0.4999999999999997,-0.8660254037844388,Summer,3,Área Metropolitana do Porto,22.331018,0.00031805877,0,0
11310,Ossela,Oliveira de Azeméis,2025-08-01,2025,8,452638.168,13.022850548428368,284166.391,168471.777,,0,10.0,True,0,0,0,0,0,0,-0.8660254037844385,-0.5000000000000004,Summer,3,Área Metropolitana do Porto,22.836533,0.0002019474,1,1
11310,Ossela,Oliveira de Azeméis,2025-09-01,2025,9,456855.379,13.032124351336837,255107.631,201747.748,,0,11.0,True,0,0,0,0,0,0,-1.0,-1.8369701987210292e-16,Autumn,3,Área Metropolitana do Porto,17.928814,0.00091738044,0,0
11310,Ossela,Oliveira de Azeméis,2025-10-01,2025,10,521964.317,13.165356422128635,277334.197,244630.12,,0,12.0,True,0,0,0,0,0,0,-0.8660254037844386,0.5000000000000001,Autumn,4,Área Metropolitana do Porto,17.418585,0.003017875,1,1
11315,Sao Martinho da Gandara,Oliveira de Azeméis,2024-10-01,2024,10,240037.507,12.388554635287406,240037.507,0.0,,0,0.0,True,0,0,0,0,0,0,-0.8660254037844386,0.5000000000000001,Autumn,4,Área Metropolitana do Porto,16.829643,0.0037887087,1,1
11315,Sao Martinho da Gandara,Oliveira de Azeméis,2024-11-01,2024,11,238385.178,12.381647234304612,238385.178,0.0,,0,1.0,True,0,0,0,0,0,0,-0.5000000000000004,0.8660254037844384,Autumn,4,Área Metropolitana do Porto,15.093449,0.0014160873,1,1
11315,Sao Martinho da Gandara,Oliveira de Azeméis,2024-12-01,2024,12,276218.253,12.52895022426218,276218.253,0.0,,0,2.0,True,0,0,0,0,0,0,-2.4492935982947064e-16,1.0,Winter,4,Área Metropolitana do Porto,9.792436,0.00029762616,3,1
11315,Sao Martinho da Gandara,Oliveira de Azeméis,2025-01-01,2025,1,294952.346,12.594572473662518,294952.346,0.0,,0,3.0,True,0,0,0,0,0,0,0.4999999999999999,0.8660254037844387,Winter,1,Área Metropolitana do Porto,10.445481,0.0047577564,1,1
11315,Sao Martinho da Gandara,Oliveira de Azeméis,2025-02-01,2025,2,256020.749,12.453017676884306,256020.749,0.0,,0,4.0,True,0,0,0,0,0,0,0.8660254037844386,0.5000000000000001,Winter,1,Área Metropolitana do Porto,10.8046465,0.0015532201,0,0
11315,Sao Martinho da Gandara,Oliveira de Azeméis,2025-03-01,2025,3,265534.152,12.489502510146828,265534.152,0.0,,0,5.0,True,0,0,0,0,0,0,1.0,6.123233995736766e-17,Spring,1,Área Metropolitana do Porto,11.180238,0.0031393033,0,0
11315,Sao Martinho da Gandara,Oliveira de Azeméis,2025-04-01,2025,4,234364.59,12.364637525567472,234364.59,0.0,,0,6.0,True,0,0,0,0,0,0,0.8660254037844387,-0.4999999999999998,Spring,2,Área Metropolitana do Porto,14.198914,0.0032815214,3,1
11315,Sao Martinho da Gandara,Oliveira de Azeméis,2025-05-01,2025,5,226233.84,12.32932885379234,226233.84,0.0,,0,7.0,True,0,0,0,0,0,0,0.4999999999999999,-0.8660254037844387,Spring,2,Área Metropolitana do Porto,16.240862,0.0015378426,1,1
11315,Sao Martinho da Gandara,Oliveira de Azeméis,2025-06-01,2025,6,226316.555,12.329694402629713,226316.555,0.0,,0,8.0,True,0,0,0,0,0,0,1.2246467991473532e-16,-1.0,Summer,2,Área Metropolitana do Porto,20.65228,0.00030195114,2,1
11315,Sao Martinho da Gandara,Oliveira de Azeméis,2025-07-01,2025,7,254406.455,12.446692414264026,254406.455,0.0,,0,9.0,True,0,0,0,0,0,0,-0.4999999999999997,-0.8660254037844388,Summer,3,Área Metropolitana do Porto,22.588995,0.00029223936,0,0
11315,Sao Martinho da Gandara,Oliveira de Azeméis,2025-08-01,2025,8,251661.104,12.435842609597382,251661.104,0.0,,0,10.0,True,0,0,0,0,0,0,-0.8660254037844385,-0.5000000000000004,Summer,3,Área Metropolitana do Porto,22.839718,0.00019401612,1,1
11315,Sao Martinho da Gandara,Oliveira de Azeméis,2025-09-01,2025,9,221677.51,12.308983458114056,221677.51,0.0,,0,11.0,True,0,0,0,0,0,0,-1.0,-1.8369701987210292e-16,Autumn,3,Área Metropolitana do Porto,18.53697,0.0008577661,0,0
11315,Sao Martinho da Gandara,Oliveira de Azeméis,2025-10-01,2025,10,239055.615,12.384455685706524,239055.615,0.0,,0,12.0,True,0,0,0,0,0,0,-0.8660254037844386,0.5000000000000001,Autumn,4,Área Metropolitana do Porto,18.095633,0.002749754,1,1
11318,São Roque,Oliveira de Azeméis,2024-08-01,2024,8,1318775.581,14.09221503221191,767212.743,551562.838,,0,0.0,True,0,0,0,0,0,0,-0.8660254037844385,-0.5000000000000004,Summer,3,Área Metropolitana do Porto,21.648857,2.907569e-05,1,1
11318,São Roque,Oliveira de Azeméis,2024-09-01,2024,9,1479513.209,14.207224354696528,816601.52,662911.689,,0,1.0,True,0,0,0,0,0,0,-1.0,-1.8369701987210292e-16,Autumn,3,Área Metropolitana do Porto,18.568954,0.0017400369,0,0
11318,São Roque,Oliveira de Azeméis,2024-10-01,2024,10,1668482.625,14.327425762921033,914687.638,753794.987,,0,2.0,True,0,0,0,0,0,0,-0.8660254037844386,0.5000000000000001,Autumn,4,Área Metropolitana do Porto,16.596422,0.0037179221,1,1
11318,São Roque,Oliveira de Azeméis,2024-11-01,2024,11,1643667.043,14.312440913893308,934563.213,709103.83,,0,3.0,True,0,0,0,0,0,0,-0.5000000000000004,0.8660254037844384,Autumn,4,Área Metropolitana do Porto,14.894053,0.0014270266,1,1
11318,São Roque,Oliveira de Azeméis,2024-12-01,2024,12,1648187.789,14.315187539322508,1048265.456,599922.333,,0,4.0,True,0,0,0,0,0,0,-2.4492935982947064e-16,1.0,Winter,4,Área Metropolitana do Porto,9.622535,0.00032675025,3,1
11318,São Roque,Oliveira de Azeméis,2025-01-01,2025,1,1969105.573,14.49309048160092,1167223.724,801881.849,,0,5.0,True,0,0,0,0,0,0,0.4999999999999999,0.8660254037844387,Winter,1,Área Metropolitana do Porto,10.25696,0.0048657404,1,1
11318,São Roque,Oliveira de Azeméis,2025-02-01,2025,2,1806328.448,14.406807414927467,1011662.284,794666.164,,0,6.0,True,0,0,0,0,0,0,0.8660254037844386,0.5000000000000001,Winter,1,Área Metropolitana do Porto,10.6212015,0.0016634068,0,0
11318,São Roque,Oliveira de Azeméis,2025-03-01,2025,3,1814781.879,14.411476392630023,1027482.184,787299.695,,0,7.0,True,0,0,0,0,0,0,1.0,6.123233995736766e-17,Spring,1,Área Metropolitana do Porto,10.908496,0.0031234084,0,0
11318,São Roque,Oliveira de Azeméis,2025-04-01,2025,4,1516146.884,14.231683389239542,871116.558,645030.326,,0,8.0,True,0,0,0,0,0,0,0.8660254037844387,-0.4999999999999998,Spring,2,Área Metropolitana do Porto,13.958741,0.003487724,3,1
11318,São Roque,Oliveira de Azeméis,2025-05-01,2025,5,1528740.7319999998,14.239955557628749,861131.7,667609.032,,0,9.0,True,0,0,0,0,0,0,0.4999999999999999,-0.8660254037844387,Spring,2,Área Metropolitana do Porto,16.01162,0.0015969527,1,1
11318,São Roque,Oliveira de Azeméis,2025-06-01,2025,6,1467105.976,14.198802976075193,841488.743,625617.233,,0,10.0,True,0,0,0,0,0,0,1.2246467991473532e-16,-1.0,Summer,2,Área Metropolitana do Porto,20.429836,0.00033581426,2,1
11318,São Roque,Oliveira de Azeméis,2025-07-01,2025,7,1580985.85,14.273559798636462,895314.105,685671.745,,0,11.0,True,0,0,0,0,0,0,-0.4999999999999997,-0.8660254037844388,Summer,3,Área Metropolitana do Porto,22.427671,0.00031303876,0,0
11318,São Roque,Oliveira de Azeméis,2025-08-01,2025,8,1299417.99,14.077427791759211,816058.953,483359.037,,0,12.0,True,0,0,0,0,0,0,-0.8660254037844385,-0.5000000000000004,Summer,3,Área Metropolitana do Porto,22.728613,0.00021389569,1,1
11319,Vila de Cucujães,Oliveira de Azeméis,2024-08-01,2024,8,2367235.914,14.677233973897213,1161838.019,1205397.895,2024-08-01,1,0.0,False,1,0,1,1,0,1,-0.8660254037844385,-0.5000000000000004,Summer,3,Área Metropolitana do Porto,21.648857,2.907569e-05,1,1
11319,Vila de Cucujães,Oliveira de Azeméis,2024-09-01,2024,9,3160863.62,14.966356162061684,1153476.391,2007387.229,2024-08-01,1,1.0,False,0,0,0,1,0,1,-1.0,-1.8369701987210292e-16,Autumn,3,Área Metropolitana do Porto,18.568954,0.0017400369,0,0
11319,Vila de Cucujães,Oliveira de Azeméis,2024-10-01,2024,10,3441664.321,15.051466017150448,1275226.171,2166438.15,2024-08-01,1,2.0,False,0,0,0,1,0,1,-0.8660254037844386,0.5000000000000001,Autumn,4,Área Metropolitana do Porto,16.596422,0.0037179221,1,1
11319,Vila de Cucujães,Oliveira de Azeméis,2024-11-01,2024,11,3411376.19,15.042626635762147,1312605.909,2098770.281,2024-08-01,1,3.0,False,0,0,0,1,0,1,-0.5000000000000004,0.8660254037844384,Autumn,4,Área Metropolitana do Porto,14.894053,0.0014270266,1,1
11319,Vila de Cucujães,Oliveira de Azeméis,2024-12-01,2024,12,3185162.402,14.974014149283091,1564425.468,1620736.934,2024-08-01,1,4.0,False,0,0,0,1,0,1,-2.4492935982947064e-16,1.0,Winter,4,Área Metropolitana do Porto,9.622535,0.00032675025,3,1
11319,Vila de Cucujães,Oliveira de Azeméis,2025-01-01,2025,1,3849586.097,15.163476452980072,1701818.601,2147767.496,2024-08-01,1,5.0,False,0,0,0,1,0,1,0.4999999999999999,0.8660254037844387,Winter,1,Área Metropolitana do Porto,10.25696,0.0048657404,1,1
11319,Vila de Cucujães,Oliveira de Azeméis,2025-02-01,2025,2,3540012.796,15.079641182277504,1468658.491,2071354.305,2024-08-01,1,6.0,False,0,0,0,1,0,1,0.8660254037844386,0.5000000000000001,Winter,1,Área Metropolitana do Porto,10.6212015,0.0016634068,0,0
11319,Vila de Cucujães,Oliveira de Azeméis,2025-03-01,2025,3,3644930.835,15.108848222289812,1509086.506,2135844.329,2024-08-01,1,7.0,False,0,0,0,1,0,1,1.0,6.123233995736766e-17,Spring,1,Área Metropolitana do Porto,10.908496,0.0031234084,0,0
11319,Vila de Cucujães,Oliveira de Azeméis,2025-04-01,2025,4,3127990.417,14.955901636717742,1275662.714,1852327.703,2024-08-01,1,8.0,False,0,0,0,1,0,1,0.8660254037844387,-0.4999999999999998,Spring,2,Área Metropolitana do Porto,13.958741,0.003487724,3,1
11319,Vila de Cucujães,Oliveira de Azeméis,2025-05-01,2025,5,3151054.0360000003,14.963247886788086,1221677.301,1929376.735,2024-08-01,1,9.0,False,0,0,0,1,0,1,0.4999999999999999,-0.8660254037844387,Spring,2,Área Metropolitana do Porto,16.01162,0.0015969527,1,1
11319,Vila de Cucujães,Oliveira de Azeméis,2025-06-01,2025,6,3216442.058,14.983786666583066,1190297.168,2026144.89,2024-08-01,1,10.0,False,0,0,0,1,0,1,1.2246467991473532e-16,-1.0,Summer,2,Área Metropolitana do Porto,20.429836,0.00033581426,2,1
11319,Vila de Cucujães,Oliveira de Azeméis,2025-07-01,2025,7,3109851.686,14.950085915187866,1283628.322,1826223.364,2024-08-01,1,11.0,False,0,0,0,1,0,1,-0.4999999999999997,-0.8660254037844388,Summer,3,Área Metropolitana do Porto,22.427671,0.00031303876,0,0
11319,Vila de Cucujães,Oliveira de Azeméis,2025-08-01,2025,8,2558302.38,14.754854854557562,1245220.974,1313081.406,2024-08-01,1,12.0,False,0,0,0,1,0,1,-0.8660254037844385,-0.5000000000000004,Summer,3,Área Metropolitana do Porto,22.728613,0.00021389569,1,1
11319,Vila de Cucujães,Oliveira de Azeméis,2025-09-01,2025,9,3184731.015,14.97387870373103,1172906.443,2011824.572,2024-08-01,1,13.0,False,0,0,0,1,0,1,-1.0,-1.8369701987210292e-16,Autumn,3,Área Metropolitana do Porto,18.34869,0.00079718995,0,0
11319,Vila de Cucujães,Oliveira de Azeméis,2025-10-01,2025,10,3464786.77,15.058161939091056,1295204.349,2169582.421,2024-08-01,1,14.0,False,2,0,2,3,0,3,-0.8660254037844386,0.5000000000000001,Autumn,4,Área Metropolitana do Porto,17.875782,0.0027773336,1,1
11321,"O. Azeméis, Riba-Ul, Ul, Macinhata da Seixa, Madail",Oliveira de Azeméis,2024-05-01,2024,5,13637303.846,16.428319598920247,3337323.209,10299980.637,2024-05-01,1,0.0,False,1,0,1,1,0,1,0.4999999999999999,-0.8660254037844387,Spring,2,Área Metropolitana do Porto,15.28781,0.001267377,2,1
11321,"O. Azeméis, Riba-Ul, Ul, Macinhata da Seixa, Madail",Oliveira de Azeméis,2024-06-01,2024,6,13011174.196,16.381319176616692,3159001.868,9852172.328,2024-05-01,1,1.0,False,0,0,0,1,0,1,1.2246467991473532e-16,-1.0,Summer,2,Área Metropolitana do Porto,18.612795,0.0015015771,1,1
11321,"O. Azeméis, Riba-Ul, Ul, Macinhata da Seixa, Madail",Oliveira de Azeméis,2024-07-01,2024,7,13363602.756,16.408045431914452,3318503.608,10045099.148,2024-05-01,1,2.0,False,0,0,0,1,0,1,-0.4999999999999997,-0.8660254037844388,Summer,3,Área Metropolitana do Porto,21.314085,0.00039915304,0,0
11321,"O. Azeméis, Riba-Ul, Ul, Macinhata da Seixa, Madail",Oliveira de Azeméis,2024-08-01,2024,8,11517192.874,16.25935159623342,3207462.67,8309730.204,2024-05-01,1,3.0,False,1,0,1,2,0,2,-0.8660254037844385,-0.5000000000000004,Summer,3,Área Metropolitana do Porto,21.739769,2.957756e-05,1,1
11321,"O. Azeméis, Riba-Ul, Ul, Macinhata da Seixa, Madail",Oliveira de Azeméis,2024-09-01,2024,9,13383166.632,16.409508328441678,3199095.481,10184071.151,2024-05-01,1,4.0,False,0,0,0,2,0,2,-1.0,-1.8369701987210292e-16,Autumn,3,Área Metropolitana do Porto,18.76992,0.0015696661,0,0
11321,"O. Azeméis, Riba-Ul, Ul, Macinhata da Seixa, Madail",Oliveira de Azeméis,2024-10-01,2024,10,14777715.382,16.508630954239674,3491166.889,11286548.493,2024-05-01,1,5.0,False,0,0,0,2,0,2,-0.8660254037844386,0.5000000000000001,Autumn,4,Área Metropolitana do Porto,16.829643,0.0037887087,1,1
11321,"O. Azeméis, Riba-Ul, Ul, Macinhata da Seixa, Madail",Oliveira de Azeméis,2024-11-01,2024,11,14107658.308,16.462228421194776,3589999.542,10517658.766,2024-05-01,1,6.0,False,0,0,0,2,0,2,-0.5000000000000004,0.8660254037844384,Autumn,4,Área Metropolitana do Porto,15.093449,0.0014160873,1,1
11321,"O. Azeméis, Riba-Ul, Ul, Macinhata da Seixa, Madail",Oliveira de Azeméis,2024-12-01,2024,12,12819186.852,16.366453657372094,4237509.942,8581676.91,2024-05-01,1,7.0,False,0,0,0,2,0,2,-2.4492935982947064e-16,1.0,Winter,4,Área Metropolitana do Porto,9.792436,0.00029762616,3,1
11321,"O. Azeméis, Riba-Ul, Ul, Macinhata da Seixa, Madail",Oliveira de Azeméis,2025-01-01,2025,1,14672996.005,16.50151942407318,4609347.915,10063648.09,2024-05-01,1,8.0,False,0,0,0,2,0,2,0.4999999999999999,0.8660254037844387,Winter,1,Área Metropolitana do Porto,10.445481,0.0047577564,1,1
11321,"O. Azeméis, Riba-Ul, Ul, Macinhata da Seixa, Madail",Oliveira de Azeméis,2025-02-01,2025,2,13865743.08,16.444931901657675,4000793.549,9864949.531,2024-05-01,1,9.0,False,0,0,0,2,0,2,0.8660254037844386,0.5000000000000001,Winter,1,Área Metropolitana do Porto,10.8046465,0.0015532201,0,0
11321,"O. Azeméis, Riba-Ul, Ul, Macinhata da Seixa, Madail",Oliveira de Azeméis,2025-03-01,2025,3,14884112.568999998,16.51580499869366,4094583.539,10789529.03,2024-05-01,1,10.0,False,0,0,0,2,0,2,1.0,6.123233995736766e-17,Spring,1,Área Metropolitana do Porto,11.180238,0.0031393033,0,0
11321,"O. Azeméis, Riba-Ul, Ul, Macinhata da Seixa, Madail",Oliveira de Azeméis,2025-04-01,2025,4,13520457.199,16.419714518463405,3472226.561,10048230.638,2024-05-01,1,11.0,False,0,0,0,2,0,2,0.8660254037844387,-0.4999999999999998,Spring,2,Área Metropolitana do Porto,14.198914,0.0032815214,3,1
11321,"O. Azeméis, Riba-Ul, Ul, Macinhata da Seixa, Madail",Oliveira de Azeméis,2025-05-01,2025,5,13567862.919,16.42321460740869,3352375.625,10215487.294,2024-05-01,1,12.0,False,0,0,0,2,0,2,0.4999999999999999,-0.8660254037844387,Spring,2,Área Metropolitana do Porto,16.240862,0.0015378426,1,1
11321,"O. Azeméis, Riba-Ul, Ul, Macinhata da Seixa, Madail",Oliveira de Azeméis,2025-06-01,2025,6,13437721.762,16.413576441351957,3269462.242,10168259.52,2024-05-01,1,13.0,False,0,0,0,2,0,2,1.2246467991473532e-16,-1.0,Summer,2,Área Metropolitana do Porto,20.65228,0.00030195114,2,1
11321,"O. Azeméis, Riba-Ul, Ul, Macinhata da Seixa, Madail",Oliveira de Azeméis,2025-07-01,2025,7,13621349.456,16.42714900619327,3530562.978,10090786.478,2024-05-01,1,14.0,False,0,0,0,2,0,2,-0.4999999999999997,-0.8660254037844388,Summer,3,Área Metropolitana do Porto,22.588995,0.00029223936,0,0
11321,"O. Azeméis, Riba-Ul, Ul, Macinhata da Seixa, Madail",Oliveira de Azeméis,2025-08-01,2025,8,11871186.125,16.289624772115882,3376071.054,8495115.071,2024-05-01,1,15.0,False,0,0,0,2,0,2,-0.8660254037844385,-0.5000000000000004,Summer,3,Área Metropolitana do Porto,22.839718,0.00019401612,1,1
11321,"O. Azeméis, Riba-Ul, Ul, Macinhata da Seixa, Madail",Oliveira de Azeméis,2025-09-01,2025,9,13403512.704,16.411027447264765,3238695.098,10164817.606,2024-05-01,1,16.0,False,0,0,0,2,0,2,-1.0,-1.8369701987210292e-16,Autumn,3,Área Metropolitana do Porto,18.53697,0.0008577661,0,0
11321,"O. Azeméis, Riba-Ul, Ul, Macinhata da Seixa, Madail",Oliveira de Azeméis,2025-10-01,2025,10,14232537.359,16.471041334973247,3570235.937,10662301.422,2024-05-01,1,17.0,False,2,0,2,4,0,4,-0.8660254037844386,0.5000000000000001,Autumn,4,Área Metropolitana do Porto,18.095633,0.002749754,1,1
11322,"Pinheiro da Bemposta, Travanca e Palmaz",Oliveira de Azeméis,2024-08-01,2024,8,1255416.057,14.04297839167784,858100.833,397315.224,2024-08-01,1,0.0,False,1,0,1,1,0,1,-0.8660254037844385,-0.5000000000000004,Summer,3,Área Metropolitana do Porto,21.739769,2.957756e-05,1,1
11322,"Pinheiro da Bemposta, Travanca e Palmaz",Oliveira de Azeméis,2024-09-01,2024,9,1305950.212,14.082442231306027,835338.797,470611.415,2024-08-01,1,1.0,False,0,0,0,1,0,1,-1.0,-1.8369701987210292e-16,Autumn,3,Área Metropolitana do Porto,18.76992,0.0015696661,0,0
11322,"Pinheiro da Bemposta, Travanca e Palmaz",Oliveira de Azeméis,2024-10-01,2024,10,1380122.0580000002,14.137683225621528,900763.935,479358.123,2024-08-01,1,2.0,False,0,0,0,1,0,1,-0.8660254037844386,0.5000000000000001,Autumn,4,Área Metropolitana do Porto,16.829643,0.0037887087,1,1
11322,"Pinheiro da Bemposta, Travanca e Palmaz",Oliveira de Azeméis,2024-11-01,2024,11,1421193.515,14.167008283706982,908030.727,513162.788,2024-08-01,1,3.0,False,0,0,0,1,0,1,-0.5000000000000004,0.8660254037844384,Autumn,4,Área Metropolitana do Porto,15.093449,0.0014160873,1,1
11322,"Pinheiro da Bemposta, Travanca e Palmaz",Oliveira de Azeméis,2024-12-01,2024,12,1540194.812,14.247420116956205,1072306.396,467888.416,2024-08-01,1,4.0,False,0,0,0,1,0,1,-2.4492935982947064e-16,1.0,Winter,4,Área Metropolitana do Porto,9.792436,0.00029762616,3,1
11322,"Pinheiro da Bemposta, Travanca e Palmaz",Oliveira de Azeméis,2025-01-01,2025,1,1688086.905,14.33910702920391,1142220.688,545866.217,2024-08-01,1,5.0,False,0,0,0,1,0,1,0.4999999999999999,0.8660254037844387,Winter,1,Área Metropolitana do Porto,10.445481,0.0047577564,1,1
11322,"Pinheiro da Bemposta, Travanca e Palmaz",Oliveira de Azeméis,2025-02-01,2025,2,1523025.108,14.236209774212313,982942.908,540082.2,2024-08-01,1,6.0,False,0,0,0,1,0,1,0.8660254037844386,0.5000000000000001,Winter,1,Área Metropolitana do Porto,10.8046465,0.0015532201,0,0
11322,"Pinheiro da Bemposta, Travanca e Palmaz",Oliveira de Azeméis,2025-03-01,2025,3,1614576.008,14.294583565782204,1016099.201,598476.807,2024-08-01,1,7.0,False,0,0,0,1,0,1,1.0,6.123233995736766e-17,Spring,1,Área Metropolitana do Porto,11.180238,0.0031393033,0,0
11322,"Pinheiro da Bemposta, Travanca e Palmaz",Oliveira de Azeméis,2025-04-01,2025,4,1442358.492,14.181790866727582,882206.549,560151.943,2024-08-01,1,8.0,False,0,0,0,1,0,1,0.8660254037844387,-0.4999999999999998,Spring,2,Área Metropolitana do Porto,14.198914,0.0032815214,3,1
11322,"Pinheiro da Bemposta, Travanca e Palmaz",Oliveira de Azeméis,2025-05-01,2025,5,1426850.61,14.170980903665786,848927.778,577922.832,2024-08-01,1,9.0,False,0,0,0,1,0,1,0.4999999999999999,-0.8660254037844387,Spring,2,Área Metropolitana do Porto,16.240862,0.0015378426,1,1
11322,"Pinheiro da Bemposta, Travanca e Palmaz",Oliveira de Azeméis,2025-06-01,2025,6,1417330.907,14.164286723425407,841780.02,575550.887,2024-08-01,1,10.0,False,0,0,0,1,0,1,1.2246467991473532e-16,-1.0,Summer,2,Área Metropolitana do Porto,20.65228,0.00030195114,2,1
11322,"Pinheiro da Bemposta, Travanca e Palmaz",Oliveira de Azeméis,2025-07-01,2025,7,1459887.0750000002,14.193870329787014,913434.734,546452.341,2024-08-01,1,11.0,False,0,0,0,1,0,1,-0.4999999999999997,-0.8660254037844388,Summer,3,Área Metropolitana do Porto,22.588995,0.00029223936,0,0
11322,"Pinheiro da Bemposta, Travanca e Palmaz",Oliveira de Azeméis,2025-08-01,2025,8,1351494.122,14.11672203536915,904865.187,446628.935,2024-08-01,1,12.0,False,0,0,0,1,0,1,-0.8660254037844385,-0.5000000000000004,Summer,3,Área Metropolitana do Porto,22.839718,0.00019401612,1,1
11322,"Pinheiro da Bemposta, Travanca e Palmaz",Oliveira de Azeméis,2025-09-01,2025,9,1394747.349,14.148224561982392,849029.846,545717.503,2024-08-01,1,13.0,False,0,0,0,1,0,1,-1.0,-1.8369701987210292e-16,Autumn,3,Área Metropolitana do Porto,18.53697,0.0008577661,0,0
11322,"Pinheiro da Bemposta, Travanca e Palmaz",Oliveira de Azeméis,2025-10-01,2025,10,1535063.118,14.244082708815103,925479.687,609583.431,2024-08-01,1,14.0,False,0,0,0,1,0,1,-0.8660254037844386,0.5000000000000001,Autumn,4,Área Metropolitana do Porto,18.095633,0.002749754,1,1
11601,Sao Joao da Madeira,São João da Madeira,2024-10-01,2024,10,9130668.922,16.027149625782886,4443129.977,4687538.945,,0,0.0,True,0,0,0,0,0,0,-0.8660254037844386,0.5000000000000001,Autumn,4,Área Metropolitana do Porto,16.596422,0.0037179221,1,1
11601,Sao Joao da Madeira,São João da Madeira,2024-11-01,2024,11,9073884.467999998,16.020911117129472,4603150.486,4470733.982,,0,1.0,True,0,0,0,0,0,0,-0.5000000000000004,0.8660254037844384,Autumn,4,Área Metropolitana do Porto,14.894053,0.0014270266,1,1
11601,Sao Joao da Madeira,São João da Madeira,2024-12-01,2024,12,9126191.62,16.026659146974772,5328065.183,3798126.437,,0,2.0,True,0,0,0,0,0,0,-2.4492935982947064e-16,1.0,Winter,4,Área Metropolitana do Porto,9.622535,0.00032675025,3,1
11601,Sao Joao da Madeira,São João da Madeira,2025-01-01,2025,1,10346434.983,16.15215266890516,5881945.767,4464489.216,,0,3.0,True,0,0,0,0,0,0,0.4999999999999999,0.8660254037844387,Winter,1,Área Metropolitana do Porto,10.25696,0.0048657404,1,1
11601,Sao Joao da Madeira,São João da Madeira,2025-02-01,2025,2,9414803.202,16.0577939234684,5136062.294,4278740.908,,0,4.0,True,0,0,0,0,0,0,0.8660254037844386,0.5000000000000001,Winter,1,Área Metropolitana do Porto,10.6212015,0.0016634068,0,0
11601,Sao Joao da Madeira,São João da Madeira,2025-03-01,2025,3,9652200.821,16.082696615268087,5247576.719,4404624.102,,0,5.0,True,0,0,0,0,0,0,1.0,6.123233995736766e-17,Spring,1,Área Metropolitana do Porto,10.908496,0.0031234084,0,0
11601,Sao Joao da Madeira,São João da Madeira,2025-04-01,2025,4,8312352.238,15.933253308211436,4459060.689,3853291.549,,0,6.0,True,0,0,0,0,0,0,0.8660254037844387,-0.4999999999999998,Spring,2,Área Metropolitana do Porto,13.958741,0.003487724,3,1
11601,Sao Joao da Madeira,São João da Madeira,2025-05-01,2025,5,8539404.182,15.960201912519349,4373862.049,4165542.133,,0,7.0,True,0,0,0,0,0,0,0.4999999999999999,-0.8660254037844387,Spring,2,Área Metropolitana do Porto,16.01162,0.0015969527,1,1
11601,Sao Joao da Madeira,São João da Madeira,2025-06-01,2025,6,8743999.922,15.98387841428224,4360830.33,4383169.592,,0,8.0,True,0,0,0,0,0,0,1.2246467991473532e-16,-1.0,Summer,2,Área Metropolitana do Porto,20.429836,0.00033581426,2,1
11601,Sao Joao da Madeira,São João da Madeira,2025-07-01,2025,7,9113864.804,16.02530752653693,4649857.919,4464006.885,,0,9.0,True,0,0,0,0,0,0,-0.4999999999999997,-0.8660254037844388,Summer,3,Área Metropolitana do Porto,22.427671,0.00031303876,0,0
11601,Sao Joao da Madeira,São João da Madeira,2025-08-01,2025,8,8020953.316,15.897567964783658,4402528.477,3618424.839,,0,10.0,True,0,0,0,0,0,0,-0.8660254037844385,-0.5000000000000004,Summer,3,Área Metropolitana do Porto,22.728613,0.00021389569,1,1
11601,Sao Joao da Madeira,São João da Madeira,2025-09-01,2025,9,8371208.161,15.940308895711594,4182069.788,4189138.373,,0,11.0,True,0,0,0,0,0,0,-1.0,-1.8369701987210292e-16,Autumn,3,Área Metropolitana do Porto,18.34869,0.00079718995,0,0
11601,Sao Joao da Madeira,São João da Madeira,2025-10-01,2025,10,9145189.85,16.028738708916844,4552351.593,4592838.257,,0,12.0,True,0,0,0,0,0,0,-0.8660254037844386,0.5000000000000001,Autumn,4,Área Metropolitana do Porto,17.875782,0.0027773336,1,1
11901,Aroes,Vale de Cambra,2024-10-01,2024,10,158637.11,11.974380849355688,158637.11,0.0,,0,0.0,True,0,0,0,0,0,0,-0.8660254037844386,0.5000000000000001,Autumn,4,Área Metropolitana do Porto,15.107495,0.004678519,1,1
11901,Aroes,Vale de Cambra,2024-11-01,2024,11,158631.025,11.974342490876086,158631.025,0.0,,0,1.0,True,0,0,0,0,0,0,-0.5000000000000004,0.8660254037844384,Autumn,4,Área Metropolitana do Porto,13.211173,0.0015234057,1,1
11901,Aroes,Vale de Cambra,2024-12-01,2024,12,192969.762,12.170293964182935,192969.762,0.0,,0,2.0,True,0,0,0,0,0,0,-2.4492935982947064e-16,1.0,Winter,4,Área Metropolitana do Porto,7.7426705,0.00039157248,3,1
11901,Aroes,Vale de Cambra,2025-01-01,2025,1,187878.645,12.143556850635209,187878.645,0.0,,0,3.0,True,0,0,0,0,0,0,0.4999999999999999,0.8660254037844387,Winter,1,Área Metropolitana do Porto,8.440853,0.005913487,1,1
11901,Aroes,Vale de Cambra,2025-02-01,2025,2,153619.133,11.942238165324984,153619.133,0.0,,0,4.0,True,0,0,0,0,0,0,0.8660254037844386,0.5000000000000001,Winter,1,Área Metropolitana do Porto,8.915667,0.0016093627,0,0
11901,Aroes,Vale de Cambra,2025-03-01,2025,3,167534.122,12.02894829184882,167534.122,0.0,,0,5.0,True,0,0,0,0,0,0,1.0,6.123233995736766e-17,Spring,1,Área Metropolitana do Porto,9.253236,0.0035953282,0,0
11901,Aroes,Vale de Cambra,2025-04-01,2025,4,152462.002,11.934677235759011,152462.002,0.0,,0,6.0,True,0,0,0,0,0,0,0.8660254037844387,-0.4999999999999998,Spring,2,Área Metropolitana do Porto,12.4546995,0.0034641975,3,1
11901,Aroes,Vale de Cambra,2025-05-01,2025,5,150037.905,11.91864990611534,150037.905,0.0,,0,7.0,True,0,0,0,0,0,0,0.4999999999999999,-0.8660254037844387,Spring,2,Área Metropolitana do Porto,14.881227,0.0018491559,1,1
11901,Aroes,Vale de Cambra,2025-06-01,2025,6,152162.989,11.932714093261035,152162.989,0.0,,0,8.0,True,0,0,0,0,0,0,1.2246467991473532e-16,-1.0,Summer,2,Área Metropolitana do Porto,20.287304,0.0003240437,2,1
11901,Aroes,Vale de Cambra,2025-07-01,2025,7,179316.677,12.096914243690708,179316.677,0.0,,0,9.0,True,0,0,0,0,0,0,-0.4999999999999997,-0.8660254037844388,Summer,3,Área Metropolitana do Porto,22.157728,0.00033135255,0,0
11901,Aroes,Vale de Cambra,2025-08-01,2025,8,188826.004,12.148586552126789,188826.004,0.0,,0,10.0,True,0,0,0,0,0,0,-0.8660254037844385,-0.5000000000000004,Summer,3,Área Metropolitana do Porto,22.828388,0.00019740287,1,1
11901,Aroes,Vale de Cambra,2025-09-01,2025,9,147212.76,11.899640959168964,147212.76,0.0,,0,11.0,True,0,0,0,0,0,0,-1.0,-1.8369701987210292e-16,Autumn,3,Área Metropolitana do Porto,17.413197,0.0009714102,0,0
11901,Aroes,Vale de Cambra,2025-10-01,2025,10,151236.826,11.926608883397456,151236.826,0.0,,0,12.0,True,0,0,0,0,0,0,-0.8660254037844386,0.5000000000000001,Autumn,4,Área Metropolitana do Porto,16.818819,0.0032333408,1,1
11902,Sao Pedro de Casteloes,Vale de Cambra,2024-10-01,2024,10,1161118.773,13.964895419011048,1084114.772,77004.001,,0,0.0,True,0,0,0,0,0,0,-0.8660254037844386,0.5000000000000001,Autumn,4,Área Metropolitana do Porto,15.9193735,0.0042898385,1,1
11902,Sao Pedro de Casteloes,Vale de Cambra,2024-11-01,2024,11,1203194.507,14.000491497961963,1130417.876,72776.631,,0,1.0,True,0,0,0,0,0,0,-0.5000000000000004,0.8660254037844384,Autumn,4,Área Metropolitana do Porto,14.107791,0.0014862504,1,1
11902,Sao Pedro de Casteloes,Vale de Cambra,2024-12-01,2024,12,1407217.799,14.15712583146918,1334653.365,72564.434,,0,2.0,True,0,0,0,0,0,0,-2.4492935982947064e-16,1.0,Winter,4,Área Metropolitana do Porto,8.703692,0.00034783737,3,1
11902,Sao Pedro de Casteloes,Vale de Cambra,2025-01-01,2025,1,1510723.258,14.228099734859704,1432983.744,77739.514,,0,3.0,True,0,0,0,0,0,0,0.4999999999999999,0.8660254037844387,Winter,1,Área Metropolitana do Porto,9.385814,0.0053174496,1,1
11902,Sao Pedro de Casteloes,Vale de Cambra,2025-02-01,2025,2,1300906.9,14.078572963290098,1229883.414,71023.486,,0,4.0,True,0,0,0,0,0,0,0.8660254037844386,0.5000000000000001,Winter,1,Área Metropolitana do Porto,9.808507,0.0015724001,0,0
11902,Sao Pedro de Casteloes,Vale de Cambra,2025-03-01,2025,3,1331699.926,14.1019675748418,1256540.342,75159.584,,0,5.0,True,0,0,0,0,0,0,1.0,6.123233995736766e-17,Spring,1,Área Metropolitana do Porto,10.172774,0.003388169,0,0
11902,Sao Pedro de Casteloes,Vale de Cambra,2025-04-01,2025,4,1134168.988,13.941411653270334,1070166.572,64002.416,,0,6.0,True,0,0,0,0,0,0,0.8660254037844387,-0.4999999999999998,Spring,2,Área Metropolitana do Porto,13.273026,0.0033661479,3,1
11902,Sao Pedro de Casteloes,Vale de Cambra,2025-05-01,2025,5,1072061.408,13.885094835336284,1012523.022,59538.386,,0,7.0,True,0,0,0,0,0,0,0.4999999999999999,-0.8660254037844387,Spring,2,Área Metropolitana do Porto,15.528979,0.001731744,1,1
11902,Sao Pedro de Casteloes,Vale de Cambra,2025-06-01,2025,6,1075584.975,13.888376164057918,1019025.261,56559.714,,0,8.0,True,0,0,0,0,0,0,1.2246467991473532e-16,-1.0,Summer,2,Área Metropolitana do Porto,20.434196,0.00032358133,2,1
11902,Sao Pedro de Casteloes,Vale de Cambra,2025-07-01,2025,7,1188854.816,13.98850190339122,1124942.721,63912.095,,0,9.0,True,0,0,0,0,0,0,-0.4999999999999997,-0.8660254037844388,Summer,3,Área Metropolitana do Porto,22.331018,0.00031805877,0,0
11902,Sao Pedro de Casteloes,Vale de Cambra,2025-08-01,2025,8,1187227.733,13.98713235342718,1124338.251,62889.482,,0,10.0,True,0,0,0,0,0,0,-0.8660254037844385,-0.5000000000000004,Summer,3,Área Metropolitana do Porto,22.836533,0.0002019474,1,1
11902,Sao Pedro de Casteloes,Vale de Cambra,2025-09-01,2025,9,1060100.15,13.873874886063922,1001330.094,58770.056,,0,11.0,True,0,0,0,0,0,0,-1.0,-1.8369701987210292e-16,Autumn,3,Área Metropolitana do Porto,17.928814,0.00091738044,0,0
11902,Sao Pedro de Casteloes,Vale de Cambra,2025-10-01,2025,10,1146422.456,13.952157615859011,1078676.542,67745.914,,0,12.0,True,0,0,0,0,0,0,-0.8660254037844386,0.5000000000000001,Autumn,4,Área Metropolitana do Porto,17.418585,0.003017875,1,1
11903,Cepelos,Vale de Cambra,2024-10-01,2024,10,158574.885,11.97398852744191,158574.885,0.0,,0,0.0,True,0,0,0,0,0,0,-0.8660254037844386,0.5000000000000001,Autumn,4,Área Metropolitana do Porto,15.107495,0.004678519,1,1
11903,Cepelos,Vale de Cambra,2024-11-01,2024,11,165685.627,12.01785349406239,165685.627,0.0,,0,1.0,True,0,0,0,0,0,0,-0.5000000000000004,0.8660254037844384,Autumn,4,Área Metropolitana do Porto,13.211173,0.0015234057,1,1
11903,Cepelos,Vale de Cambra,2024-12-01,2024,12,207575.403,12.24325475811016,207575.403,0.0,,0,2.0,True,0,0,0,0,0,0,-2.4492935982947064e-16,1.0,Winter,4,Área Metropolitana do Porto,7.7426705,0.00039157248,3,1
11903,Cepelos,Vale de Cambra,2025-01-01,2025,1,210124.143,12.25545855125798,210124.143,0.0,,0,3.0,True,0,0,0,0,0,0,0.4999999999999999,0.8660254037844387,Winter,1,Área Metropolitana do Porto,8.440853,0.005913487,1,1
11903,Cepelos,Vale de Cambra,2025-02-01,2025,2,180019.054,12.1008235347777,180019.054,0.0,,0,4.0,True,0,0,0,0,0,0,0.8660254037844386,0.5000000000000001,Winter,1,Área Metropolitana do Porto,8.915667,0.0016093627,0,0
11903,Cepelos,Vale de Cambra,2025-03-01,2025,3,188261.264,12.1455912909505,188261.264,0.0,,0,5.0,True,0,0,0,0,0,0,1.0,6.123233995736766e-17,Spring,1,Área Metropolitana do Porto,9.253236,0.0035953282,0,0
11903,Cepelos,Vale de Cambra,2025-04-01,2025,4,162554.494,11.998774723992012,162554.494,0.0,,0,6.0,True,0,0,0,0,0,0,0.8660254037844387,-0.4999999999999998,Spring,2,Área Metropolitana do Porto,12.4546995,0.0034641975,3,1
11903,Cepelos,Vale de Cambra,2025-05-01,2025,5,150388.812,11.92098594884176,150388.812,0.0,,0,7.0,True,0,0,0,0,0,0,0.4999999999999999,-0.8660254037844387,Spring,2,Área Metropolitana do Porto,14.881227,0.0018491559,1,1
11903,Cepelos,Vale de Cambra,2025-06-01,2025,6,139860.436,11.848407468615417,139860.436,0.0,,0,8.0,True,0,0,0,0,0,0,1.2246467991473532e-16,-1.0,Summer,2,Área Metropolitana do Porto,20.287304,0.0003240437,2,1
11903,Cepelos,Vale de Cambra,2025-07-01,2025,7,162138.017,11.996209375861422,162138.017,0.0,,0,9.0,True,0,0,0,0,0,0,-0.4999999999999997,-0.8660254037844388,Summer,3,Área Metropolitana do Porto,22.157728,0.00033135255,0,0
11903,Cepelos,Vale de Cambra,2025-08-01,2025,8,173645.299,12.064775744959205,173645.299,0.0,,0,10.0,True,0,0,0,0,0,0,-0.8660254037844385,-0.5000000000000004,Summer,3,Área Metropolitana do Porto,22.828388,0.00019740287,1,1
11903,Cepelos,Vale de Cambra,2025-09-01,2025,9,145013.509,11.884589078465805,145013.509,0.0,,0,11.0,True,0,0,0,0,0,0,-1.0,-1.8369701987210292e-16,Autumn,3,Área Metropolitana do Porto,17.413197,0.0009714102,0,0
11903,Cepelos,Vale de Cambra,2025-10-01,2025,10,155478.481,11.954269046910678,155478.481,0.0,,0,12.0,True,0,0,0,0,0,0,-0.8660254037844386,0.5000000000000001,Autumn,4,Área Metropolitana do Porto,16.818819,0.0032333408,1,1
11905,Junqueira,Vale de Cambra,2024-10-01,2024,10,110644.495,11.614086630687414,110644.495,0.0,,0,0.0,True,0,0,0,0,0,0,-0.8660254037844386,0.5000000000000001,Autumn,4,Área Metropolitana do Porto,15.107495,0.004678519,1,1
11905,Junqueira,Vale de Cambra,2024-11-01,2024,11,108983.328,11.598959371057456,108983.328,0.0,,0,1.0,True,0,0,0,0,0,0,-0.5000000000000004,0.8660254037844384,Autumn,4,Área Metropolitana do Porto,13.211173,0.0015234057,1,1
11905,Junqueira,Vale de Cambra,2024-12-01,2024,12,129540.858,11.771759335694108,129540.858,0.0,,0,2.0,True,0,0,0,0,0,0,-2.4492935982947064e-16,1.0,Winter,4,Área Metropolitana do Porto,7.7426705,0.00039157248,3,1
11905,Junqueira,Vale de Cambra,2025-01-01,2025,1,130294.071,11.77755693430841,130294.071,0.0,,0,3.0,True,0,0,0,0,0,0,0.4999999999999999,0.8660254037844387,Winter,1,Área Metropolitana do Porto,8.440853,0.005913487,1,1
11905,Junqueira,Vale de Cambra,2025-02-01,2025,2,111137.389,11.618531451497615,111137.389,0.0,,0,4.0,True,0,0,0,0,0,0,0.8660254037844386,0.5000000000000001,Winter,1,Área Metropolitana do Porto,8.915667,0.0016093627,0,0
11905,Junqueira,Vale de Cambra,2025-03-01,2025,3,117172.868,11.671414161980426,117172.868,0.0,,0,5.0,True,0,0,0,0,0,0,1.0,6.123233995736766e-17,Spring,1,Área Metropolitana do Porto,9.253236,0.0035953282,0,0
11905,Junqueira,Vale de Cambra,2025-04-01,2025,4,105510.779,11.56657787495504,105510.779,0.0,,0,6.0,True,0,0,0,0,0,0,0.8660254037844387,-0.4999999999999998,Spring,2,Área Metropolitana do Porto,12.4546995,0.0034641975,3,1
11905,Junqueira,Vale de Cambra,2025-05-01,2025,5,104706.593,11.558926915719043,104706.593,0.0,,0,7.0,True,0,0,0,0,0,0,0.4999999999999999,-0.8660254037844387,Spring,2,Área Metropolitana do Porto,14.881227,0.0018491559,1,1
11905,Junqueira,Vale de Cambra,2025-06-01,2025,6,104100.903,11.553125534935493,104100.903,0.0,,0,8.0,True,0,0,0,0,0,0,1.2246467991473532e-16,-1.0,Summer,2,Área Metropolitana do Porto,20.287304,0.0003240437,2,1
11905,Junqueira,Vale de Cambra,2025-07-01,2025,7,112661.848,11.632154991731523,112661.848,0.0,,0,9.0,True,0,0,0,0,0,0,-0.4999999999999997,-0.8660254037844388,Summer,3,Área Metropolitana do Porto,22.157728,0.00033135255,0,0
11905,Junqueira,Vale de Cambra,2025-08-01,2025,8,117137.435,11.671111719472574,117137.435,0.0,,0,10.0,True,0,0,0,0,0,0,-0.8660254037844385,-0.5000000000000004,Summer,3,Área Metropolitana do Porto,22.828388,0.00019740287,1,1
11905,Junqueira,Vale de Cambra,2025-09-01,2025,9,100292.429,11.515855458344303,100292.429,0.0,,0,11.0,True,0,0,0,0,0,0,-1.0,-1.8369701987210292e-16,Autumn,3,Área Metropolitana do Porto,17.413197,0.0009714102,0,0
11905,Junqueira,Vale de Cambra,2025-10-01,2025,10,103815.605,11.55038120801818,103815.605,0.0,,0,12.0,True,0,0,0,0,0,0,-0.8660254037844386,0.5000000000000001,Autumn,4,Área Metropolitana do Porto,16.818819,0.0032333408,1,1
11906,Macieira de Cambra,Vale de Cambra,2024-10-01,2024,10,1060571.7289999998,13.874319630550511,755106.315,305465.414,,0,0.0,True,0,0,0,0,0,0,-0.8660254037844386,0.5000000000000001,Autumn,4,Área Metropolitana do Porto,15.744009,0.00423872,1,1
11906,Macieira de Cambra,Vale de Cambra,2024-11-01,2024,11,1060563.847,13.87431219868934,777509.761,283054.086,,0,1.0,True,0,0,0,0,0,0,-0.5000000000000004,0.8660254037844384,Autumn,4,Área Metropolitana do Porto,13.982864,0.0015205485,1,1
11906,Macieira de Cambra,Vale de Cambra,2024-12-01,2024,12,1141642.957,13.94797984913368,907922.623,233720.334,,0,2.0,True,0,0,0,0,0,0,-2.4492935982947064e-16,1.0,Winter,4,Área Metropolitana do Porto,8.58018,0.00037672336,3,1
11906,Macieira de Cambra,Vale de Cambra,2025-01-01,2025,1,1280007.514,14.062377287436178,996575.995,283431.519,,0,3.0,True,0,0,0,0,0,0,0.4999999999999999,0.8660254037844387,Winter,1,Área Metropolitana do Porto,9.274772,0.0053360593,1,1
11906,Macieira de Cambra,Vale de Cambra,2025-02-01,2025,2,1151709.042,13.956758388903522,894838.379,256870.663,,0,4.0,True,0,0,0,0,0,0,0.8660254037844386,0.5000000000000001,Winter,1,Área Metropolitana do Porto,9.698678,0.0016567151,0,0
11906,Macieira de Cambra,Vale de Cambra,2025-03-01,2025,3,1225509.769,14.018868269345395,930257.407,295252.362,,0,5.0,True,0,0,0,0,0,0,1.0,6.123233995736766e-17,Spring,1,Área Metropolitana do Porto,9.976795,0.003374357,0,0
11906,Macieira de Cambra,Vale de Cambra,2025-04-01,2025,4,1043453.39,13.858047295871405,790668.867,252784.523,,0,6.0,True,0,0,0,0,0,0,0.8660254037844387,-0.4999999999999998,Spring,2,Área Metropolitana do Porto,13.109539,0.0035500634,3,1
11906,Macieira de Cambra,Vale de Cambra,2025-05-01,2025,5,1016920.146,13.832290136134764,759382.086,257538.06,,0,7.0,True,0,0,0,0,0,0,0.4999999999999999,-0.8660254037844387,Spring,2,Área Metropolitana do Porto,15.376108,0.0018171753,1,1
11906,Macieira de Cambra,Vale de Cambra,2025-06-01,2025,6,987597.811,13.80303183252372,724472.742,263125.069,,0,8.0,True,0,0,0,0,0,0,1.2246467991473532e-16,-1.0,Summer,2,Área Metropolitana do Porto,20.219036,0.00037337025,2,1
11906,Macieira de Cambra,Vale de Cambra,2025-07-01,2025,7,1095565.113,13.906781785808745,810912.599,284652.514,,0,9.0,True,0,0,0,0,0,0,-0.4999999999999997,-0.8660254037844388,Summer,3,Área Metropolitana do Porto,22.166523,0.00034431345,0,0
11906,Macieira de Cambra,Vale de Cambra,2025-08-01,2025,8,1031270.204,13.84630277787419,786853.175,244417.029,,0,10.0,True,0,0,0,0,0,0,-0.8660254037844385,-0.5000000000000004,Summer,3,Área Metropolitana do Porto,22.69302,0.00023151968,1,1
11906,Macieira de Cambra,Vale de Cambra,2025-09-01,2025,9,980982.716,13.79631113902135,728486.722,252495.994,,0,11.0,True,0,0,0,0,0,0,-1.0,-1.8369701987210292e-16,Autumn,3,Área Metropolitana do Porto,17.74069,0.0008528424,0,0
11906,Macieira de Cambra,Vale de Cambra,2025-10-01,2025,10,1058404.461,13.872274051444553,783770.999,274633.462,,0,12.0,True,0,0,0,0,0,0,-0.8660254037844386,0.5000000000000001,Autumn,4,Área Metropolitana do Porto,17.241293,0.0030553113,1,1
11907,Roge,Vale de Cambra,2024-10-01,2024,10,199455.656,12.203352228549102,199455.656,0.0,,0,0.0,True,0,0,0,0,0,0,-0.8660254037844386,0.5000000000000001,Autumn,4,Área Metropolitana do Porto,14.912726,0.0046680737,1,1
11907,Roge,Vale de Cambra,2024-11-01,2024,11,204827.322,12.229927453601794,204827.322,0.0,,0,1.0,True,0,0,0,0,0,0,-0.5000000000000004,0.8660254037844384,Autumn,4,Área Metropolitana do Porto,13.08134,0.0015948766,1,1
11907,Roge,Vale de Cambra,2024-12-01,2024,12,241763.29,12.395718522220074,241763.29,0.0,,0,2.0,True,0,0,0,0,0,0,-2.4492935982947064e-16,1.0,Winter,4,Área Metropolitana do Porto,7.595286,0.0004110176,3,1
11907,Roge,Vale de Cambra,2025-01-01,2025,1,244115.949,12.405402688628504,244115.949,0.0,,0,3.0,True,0,0,0,0,0,0,0.4999999999999999,0.8660254037844387,Winter,1,Área Metropolitana do Porto,8.323687,0.0056857904,1,1
11907,Roge,Vale de Cambra,2025-02-01,2025,2,215206.842,12.279359547126273,215206.842,0.0,,0,4.0,True,0,0,0,0,0,0,0.8660254037844386,0.5000000000000001,Winter,1,Área Metropolitana do Porto,8.808396,0.0016311111,0,0
11907,Roge,Vale de Cambra,2025-03-01,2025,3,231073.147,12.350493920683991,231073.147,0.0,,0,5.0,True,0,0,0,0,0,0,1.0,6.123233995736766e-17,Spring,1,Área Metropolitana do Porto,9.048118,0.0035833663,0,0
11907,Roge,Vale de Cambra,2025-04-01,2025,4,203440.34,12.223132986782922,203440.34,0.0,,0,6.0,True,0,0,0,0,0,0,0.8660254037844387,-0.4999999999999998,Spring,2,Área Metropolitana do Porto,12.288259,0.0035608427,3,1
11907,Roge,Vale de Cambra,2025-05-01,2025,5,191163.661,12.16089043511089,191163.661,0.0,,0,7.0,True,0,0,0,0,0,0,0.4999999999999999,-0.8660254037844387,Spring,2,Área Metropolitana do Porto,14.719595,0.0019883069,1,1
11907,Roge,Vale de Cambra,2025-06-01,2025,6,186733.946,12.1374454893041,186733.946,0.0,,0,8.0,True,0,0,0,0,0,0,1.2246467991473532e-16,-1.0,Summer,2,Área Metropolitana do Porto,19.98709,0.00039903127,2,1
11907,Roge,Vale de Cambra,2025-07-01,2025,7,214237.897,12.27484701248008,214237.897,0.0,,0,9.0,True,0,0,0,0,0,0,-0.4999999999999997,-0.8660254037844388,Summer,3,Área Metropolitana do Porto,21.884632,0.0003629185,0,0
11907,Roge,Vale de Cambra,2025-08-01,2025,8,217563.201,12.290249262966206,217563.201,0.0,,0,10.0,True,0,0,0,0,0,0,-0.8660254037844385,-0.5000000000000004,Summer,3,Área Metropolitana do Porto,22.581627,0.00024087119,1,1
11907,Roge,Vale de Cambra,2025-09-01,2025,9,188637.8,12.14758935442781,188637.8,0.0,,0,11.0,True,0,0,0,0,0,0,-1.0,-1.8369701987210292e-16,Autumn,3,Área Metropolitana do Porto,17.148111,0.0008887363,0,0
11907,Roge,Vale de Cambra,2025-10-01,2025,10,198109.432,12.196579891572728,198109.432,0.0,,0,12.0,True,0,0,0,0,0,0,-0.8660254037844386,0.5000000000000001,Autumn,4,Área Metropolitana do Porto,16.600636,0.0032668225,1,1
11910,"Vila Chã, Codal e Vila Cova de Perrinho",Vale de Cambra,2024-10-01,2024,10,6237294.573,15.6460572446371,1039802.248,5197492.325,,0,0.0,True,0,0,0,0,0,0,-0.8660254037844386,0.5000000000000001,Autumn,4,Área Metropolitana do Porto,15.744009,0.00423872,1,1
11910,"Vila Chã, Codal e Vila Cova de Perrinho",Vale de Cambra,2024-11-01,2024,11,5938994.119999999,15.597050505310508,1086932.242,4852061.878,,0,1.0,True,0,0,0,0,0,0,-0.5000000000000004,0.8660254037844384,Autumn,4,Área Metropolitana do Porto,13.982864,0.0015205485,1,1
11910,"Vila Chã, Codal e Vila Cova de Perrinho",Vale de Cambra,2024-12-01,2024,12,5388598.7190000005,15.499796116739969,1303858.287,4084740.432,,0,2.0,True,0,0,0,0,0,0,-2.4492935982947064e-16,1.0,Winter,4,Área Metropolitana do Porto,8.58018,0.00037672336,3,1
11910,"Vila Chã, Codal e Vila Cova de Perrinho",Vale de Cambra,2025-01-01,2025,1,6545033.739,15.694217265027865,1421606.007,5123427.732,,0,3.0,True,0,0,0,0,0,0,0.4999999999999999,0.8660254037844387,Winter,1,Área Metropolitana do Porto,9.274772,0.0053360593,1,1
11910,"Vila Chã, Codal e Vila Cova de Perrinho",Vale de Cambra,2025-02-01,2025,2,5966625.766,15.601692294857944,1232994.26,4733631.506,,0,4.0,True,0,0,0,0,0,0,0.8660254037844386,0.5000000000000001,Winter,1,Área Metropolitana do Porto,9.698678,0.0016567151,0,0
11910,"Vila Chã, Codal e Vila Cova de Perrinho",Vale de Cambra,2025-03-01,2025,3,6186915.18,15.63794732665992,1257938.293,4928976.887,,0,5.0,True,0,0,0,0,0,0,1.0,6.123233995736766e-17,Spring,1,Área Metropolitana do Porto,9.976795,0.003374357,0,0
11910,"Vila Chã, Codal e Vila Cova de Perrinho",Vale de Cambra,2025-04-01,2025,4,5508026.476000001,15.521717127198778,1051242.087,4456784.389,,0,6.0,True,0,0,0,0,0,0,0.8660254037844387,-0.4999999999999998,Spring,2,Área Metropolitana do Porto,13.109539,0.0035500634,3,1
11910,"Vila Chã, Codal e Vila Cova de Perrinho",Vale de Cambra,2025-05-01,2025,5,5131431.874,15.450895490816997,1001023.042,4130408.832,,0,7.0,True,0,0,0,0,0,0,0.4999999999999999,-0.8660254037844387,Spring,2,Área Metropolitana do Porto,15.376108,0.0018171753,1,1
11910,"Vila Chã, Codal e Vila Cova de Perrinho",Vale de Cambra,2025-06-01,2025,6,4789655.782,15.381969313792755,999369.359,3790286.423,,0,8.0,True,0,0,0,0,0,0,1.2246467991473532e-16,-1.0,Summer,2,Área Metropolitana do Porto,20.219036,0.00037337025,2,1
11910,"Vila Chã, Codal e Vila Cova de Perrinho",Vale de Cambra,2025-07-01,2025,7,5751999.202,15.56505821350124,1099161.34,4652837.862,,0,9.0,True,0,0,0,0,0,0,-0.4999999999999997,-0.8660254037844388,Summer,3,Área Metropolitana do Porto,22.166523,0.00034431345,0,0
11910,"Vila Chã, Codal e Vila Cova de Perrinho",Vale de Cambra,2025-08-01,2025,8,4604525.213,15.342550337036466,1088997.75,3515527.463,,0,10.0,True,0,0,0,0,0,0,-0.8660254037844385,-0.5000000000000004,Summer,3,Área Metropolitana do Porto,22.69302,0.00023151968,1,1
11910,"Vila Chã, Codal e Vila Cova de Perrinho",Vale de Cambra,2025-09-01,2025,9,5282364.248,15.479884519013051,967745.211,4314619.037,,0,11.0,True,0,0,0,0,0,0,-1.0,-1.8369701987210292e-16,Autumn,3,Área Metropolitana do Porto,17.74069,0.0008528424,0,0
11910,"Vila Chã, Codal e Vila Cova de Perrinho",Vale de Cambra,2025-10-01,2025,10,5678194.251,15.55214400270808,1053270.747,4624923.504,,0,12.0,True,0,0,0,0,0,0,-0.8660254037844386,0.5000000000000001,Autumn,4,Área Metropolitana do Porto,17.241293,0.0030553113,1,1
130405,Lomba,Gondomar,2024-10-01,2024,10,172543.842,12.05841243529465,172543.842,0.0,,0,0.0,True,0,0,0,0,0,0,-0.8660254037844386,0.5000000000000001,Autumn,4,Área Metropolitana do Porto,16.295555,0.0039380263,1,1
130405,Lomba,Gondomar,2024-11-01,2024,11,179112.718,12.095776179197143,179112.718,0.0,,0,1.0,True,0,0,0,0,0,0,-0.5000000000000004,0.8660254037844384,Autumn,4,Área Metropolitana do Porto,14.481359,0.0014859602,1,1
130405,Lomba,Gondomar,2024-12-01,2024,12,221058.046,12.306185121285202,221058.046,0.0,,0,2.0,True,0,0,0,0,0,0,-2.4492935982947064e-16,1.0,Winter,4,Área Metropolitana do Porto,8.950568,0.0004126893,3,1
130405,Lomba,Gondomar,2025-01-01,2025,1,224584.591,12.322012165176874,224584.591,0.0,,0,3.0,True,0,0,0,0,0,0,0.4999999999999999,0.8660254037844387,Winter,1,Área Metropolitana do Porto,9.760672,0.0052243806,1,1
130405,Lomba,Gondomar,2025-02-01,2025,2,190885.87,12.159436227882734,190885.87,0.0,,0,4.0,True,0,0,0,0,0,0,0.8660254037844386,0.5000000000000001,Winter,1,Área Metropolitana do Porto,10.15468,0.0016518307,0,0
130405,Lomba,Gondomar,2025-03-01,2025,3,193880.088,12.175000301662156,193880.088,0.0,,0,5.0,True,0,0,0,0,0,0,1.0,6.123233995736766e-17,Spring,1,Área Metropolitana do Porto,10.5589075,0.0032213836,0,0
130405,Lomba,Gondomar,2025-04-01,2025,4,168495.49,12.034670197697054,168495.49,0.0,,0,6.0,True,0,0,0,0,0,0,0.8660254037844387,-0.4999999999999998,Spring,2,Área Metropolitana do Porto,13.673189,0.003465854,3,1
130405,Lomba,Gondomar,2025-05-01,2025,5,163999.739,12.007626212893744,163999.739,0.0,,0,7.0,True,0,0,0,0,0,0,0.4999999999999999,-0.8660254037844387,Spring,2,Área Metropolitana do Porto,16.007702,0.00177231,1,1
130405,Lomba,Gondomar,2025-06-01,2025,6,169418.366,12.04013237579934,169418.366,0.0,,0,8.0,True,0,0,0,0,0,0,1.2246467991473532e-16,-1.0,Summer,2,Área Metropolitana do Porto,20.615025,0.00042398,2,1
130405,Lomba,Gondomar,2025-07-01,2025,7,192465.191,12.167675786116185,192465.191,0.0,,0,9.0,True,0,0,0,0,0,0,-0.4999999999999997,-0.8660254037844388,Summer,3,Área Metropolitana do Porto,22.609709,0.00034423693,0,0
130405,Lomba,Gondomar,2025-08-01,2025,8,197338.799,12.192682389863968,197338.799,0.0,,0,10.0,True,0,0,0,0,0,0,-0.8660254037844385,-0.5000000000000004,Summer,3,Área Metropolitana do Porto,23.131292,0.0002484769,1,1
130405,Lomba,Gondomar,2025-09-01,2025,9,169855.948,12.04271187943444,169855.948,0.0,,0,11.0,True,0,0,0,0,0,0,-1.0,-1.8369701987210292e-16,Autumn,3,Área Metropolitana do Porto,18.205593,0.000803159,0,0
130405,Lomba,Gondomar,2025-10-01,2025,10,174259.829,12.06830847303323,174259.829,0.0,,0,12.0,True,0,0,0,0,0,0,-0.8660254037844386,0.5000000000000001,Autumn,4,Área Metropolitana do Porto,17.709452,0.0029542325,1,1
130408,Rio Tinto,Gondomar,2024-10-01,2024,10,9940662.314,16.112144308197035,7824440.775,2116221.539,,0,0.0,True,0,0,0,0,0,0,-0.8660254037844386,0.5000000000000001,Autumn,4,Área Metropolitana do Porto,17.282017,0.0028098521,1,1
130408,Rio Tinto,Gondomar,2024-11-01,2024,11,10018008.54,16.11989498518513,8049763.075,1968245.465,,0,1.0,True,0,0,0,0,0,0,-0.5000000000000004,0.8660254037844384,Autumn,4,Área Metropolitana do Porto,15.502607,0.0012079786,1,1
130408,Rio Tinto,Gondomar,2024-12-01,2024,12,11525874.661,16.26010512322318,9583671.397,1942203.264,,0,2.0,True,0,0,0,0,0,0,-2.4492935982947064e-16,1.0,Winter,4,Área Metropolitana do Porto,10.392857,0.00043093137,3,1
130408,Rio Tinto,Gondomar,2025-01-01,2025,1,12379402.959,16.331544678585118,10281634.054,2097768.905,,0,3.0,True,0,0,0,0,0,0,0.4999999999999999,0.8660254037844387,Winter,1,Área Metropolitana do Porto,10.978172,0.0044986596,1,1
130408,Rio Tinto,Gondomar,2025-02-01,2025,2,10718765.689,16.18750665932053,8849878.164,1868887.525,,0,4.0,True,0,0,0,0,0,0,0.8660254037844386,0.5000000000000001,Winter,1,Área Metropolitana do Porto,11.164984,0.0017280664,0,0
130408,Rio Tinto,Gondomar,2025-03-01,2025,3,10999689.412,16.21337768600295,9059068.008,1940621.404,,0,5.0,True,0,0,0,0,0,0,1.0,6.123233995736766e-17,Spring,1,Área Metropolitana do Porto,11.474471,0.0025778564,0,0
130408,Rio Tinto,Gondomar,2025-04-01,2025,4,9640731.983,16.081507699277083,7855582.238,1785149.745,,0,6.0,True,0,0,0,0,0,0,0.8660254037844387,-0.4999999999999998,Spring,2,Área Metropolitana do Porto,14.506544,0.003075119,3,1
130408,Rio Tinto,Gondomar,2025-05-01,2025,5,9594545.404,16.076705412101163,7730166.157,1864379.247,,0,7.0,True,0,0,0,0,0,0,0.4999999999999999,-0.8660254037844387,Spring,2,Área Metropolitana do Porto,16.55379,0.0014004215,1,1
130408,Rio Tinto,Gondomar,2025-06-01,2025,6,9531989.202,16.07016408929424,7495415.986,2036573.216,,0,8.0,True,0,0,0,0,0,0,1.2246467991473532e-16,-1.0,Summer,2,Área Metropolitana do Porto,20.46006,0.00044758894,2,1
130408,Rio Tinto,Gondomar,2025-07-01,2025,7,10132233.424,16.131232426827758,7875635.179,2256598.245,,0,9.0,True,0,0,0,0,0,0,-0.4999999999999997,-0.8660254037844388,Summer,3,Área Metropolitana do Porto,22.512743,0.00028591312,0,0
130408,Rio Tinto,Gondomar,2025-08-01,2025,8,9739155.296,16.091665049279495,7622324.911,2116830.385,,0,10.0,True,0,0,0,0,0,0,-0.8660254037844385,-0.5000000000000004,Summer,3,Área Metropolitana do Porto,22.588182,0.00022278869,1,1
130408,Rio Tinto,Gondomar,2025-09-01,2025,9,9210592.194,16.035864813757843,7282817.604,1927774.59,,0,11.0,True,0,0,0,0,0,0,-1.0,-1.8369701987210292e-16,Autumn,3,Área Metropolitana do Porto,18.788864,0.00065270625,0,0
130408,Rio Tinto,Gondomar,2025-10-01,2025,10,9900581.817,16.108104183776064,7880256.954,2020324.863,,0,12.0,True,0,0,0,0,0,0,-0.8660254037844386,0.5000000000000001,Autumn,4,Área Metropolitana do Porto,18.06098,0.0024081091,1,1
130412,Baguim do Monte (Rio Tinto),Gondomar,2024-07-01,2024,7,2506445.605,14.734376612845583,1746889.603,759556.002,2024-07-01,1,0.0,False,3,0,3,3,0,3,-0.4999999999999997,-0.8660254037844388,Summer,3,Área Metropolitana do Porto,21.340181,0.000393148,0,0
130412,Baguim do Monte (Rio Tinto),Gondomar,2024-08-01,2024,8,2466339.561,14.718246055766436,1719674.013,746665.548,2024-07-01,1,1.0,False,0,0,0,3,0,3,-0.8660254037844385,-0.5000000000000004,Summer,3,Área Metropolitana do Porto,21.863308,6.3961146e-05,1,1
130412,Baguim do Monte (Rio Tinto),Gondomar,2024-09-01,2024,9,2543604.6,14.749093159976992,1717050.186,826554.414,2024-07-01,1,2.0,False,0,0,0,3,0,3,-1.0,-1.8369701987210292e-16,Autumn,3,Área Metropolitana do Porto,18.614645,0.0018714388,0,0
130412,Baguim do Monte (Rio Tinto),Gondomar,2024-10-01,2024,10,2774371.666,14.835935213299528,1887123.883,887247.783,2024-07-01,1,3.0,False,0,0,0,3,0,3,-0.8660254037844386,0.5000000000000001,Autumn,4,Área Metropolitana do Porto,16.681381,0.0030999337,1,1
130412,Baguim do Monte (Rio Tinto),Gondomar,2024-11-01,2024,11,2842865.002,14.86032325691596,1943326.088,899538.914,2024-07-01,1,4.0,False,0,0,0,3,0,3,-0.5000000000000004,0.8660254037844384,Autumn,4,Área Metropolitana do Porto,14.802748,0.001296482,1,1
130412,Baguim do Monte (Rio Tinto),Gondomar,2024-12-01,2024,12,3245113.913,14.992661319819982,2350413.377,894700.536,2024-07-01,1,5.0,False,0,0,0,3,0,3,-2.4492935982947064e-16,1.0,Winter,4,Área Metropolitana do Porto,9.507708,0.00045679283,3,1
130412,Baguim do Monte (Rio Tinto),Gondomar,2025-01-01,2025,1,3467642.762,15.058985890153073,2523818.441,943824.321,2024-07-01,1,6.0,False,0,0,0,3,0,3,0.4999999999999999,0.8660254037844387,Winter,1,Área Metropolitana do Porto,10.2415085,0.0047495067,1,1
130412,Baguim do Monte (Rio Tinto),Gondomar,2025-02-01,2025,2,2938191.81,14.893305259839028,2137063.704,801128.106,2024-07-01,1,7.0,False,0,0,0,3,0,3,0.8660254037844386,0.5000000000000001,Winter,1,Área Metropolitana do Porto,10.507316,0.0016774003,0,0
130412,Baguim do Monte (Rio Tinto),Gondomar,2025-03-01,2025,3,3011537.538,14.917961648329076,2173285.824,838251.714,2024-07-01,1,8.0,False,0,0,0,3,0,3,1.0,6.123233995736766e-17,Spring,1,Área Metropolitana do Porto,10.845544,0.0026573816,0,0
130412,Baguim do Monte (Rio Tinto),Gondomar,2025-04-01,2025,4,2596414.445,14.769642376744926,1855364.514,741049.931,2024-07-01,1,9.0,False,0,0,0,3,0,3,0.8660254037844387,-0.4999999999999998,Spring,2,Área Metropolitana do Porto,13.918181,0.003164977,3,1
130412,Baguim do Monte (Rio Tinto),Gondomar,2025-05-01,2025,5,2601743.259,14.771692646905954,1790115.775,811627.484,2024-07-01,1,10.0,False,0,0,0,3,0,3,0.4999999999999999,-0.8660254037844387,Spring,2,Área Metropolitana do Porto,16.13314,0.0014337102,1,1
130412,Baguim do Monte (Rio Tinto),Gondomar,2025-06-01,2025,6,2513470.207,14.737175306707996,1719031.783,794438.424,2024-07-01,1,11.0,False,0,0,0,3,0,3,1.2246467991473532e-16,-1.0,Summer,2,Área Metropolitana do Porto,20.461306,0.0004902742,2,1
130412,Baguim do Monte (Rio Tinto),Gondomar,2025-07-01,2025,7,2647831.973,14.789252117387989,1800674.306,847157.667,2024-07-01,1,12.0,False,0,0,0,3,0,3,-0.4999999999999997,-0.8660254037844388,Summer,3,Área Metropolitana do Porto,22.512142,0.00030463867,0,0
130412,Baguim do Monte (Rio Tinto),Gondomar,2025-08-01,2025,8,2569380.96,14.75917594546058,1747686.058,821694.902,2024-07-01,1,13.0,False,0,0,0,3,0,3,-0.8660254037844385,-0.5000000000000004,Summer,3,Área Metropolitana do Porto,22.784597,0.00025160017,1,1
130412,Baguim do Monte (Rio Tinto),Gondomar,2025-09-01,2025,9,2579345.207,14.763046516644998,1679537.89,899807.317,2024-07-01,1,14.0,False,1,0,1,4,0,4,-1.0,-1.8369701987210292e-16,Autumn,3,Área Metropolitana do Porto,18.412134,0.00068893866,0,0
130412,Baguim do Monte (Rio Tinto),Gondomar,2025-10-01,2025,10,2904453.626,14.881756194326783,1854598.265,1049855.361,2024-07-01,1,15.0,False,0,0,0,4,0,4,-0.8660254037844386,0.5000000000000001,Autumn,4,Área Metropolitana do Porto,17.705864,0.0025772394,1,1
130413,Fânzeres e São Pedro da Cova,Gondomar,2024-01-01,2024,1,7762541.12,15.864820431296106,6092356.92,1670184.2,2024-01-01,1,0.0,False,1,0,1,1,0,1,0.4999999999999999,0.8660254037844387,Winter,1,Área Metropolitana do Porto,10.478033,0.0028269987,1,1
130413,Fânzeres e São Pedro da Cova,Gondomar,2024-02-01,2024,2,6846982.928,15.739318810795057,5280453.29,1566529.638,2024-01-01,1,1.0,False,0,0,0,1,0,1,0.8660254037844386,0.5000000000000001,Winter,1,Área Metropolitana do Porto,11.518811,0.0026185983,0,0
130413,Fânzeres e São Pedro da Cova,Gondomar,2024-03-01,2024,3,7136121.441,15.780680111306664,5430121.342,1706000.099,2024-01-01,1,2.0,False,0,0,0,1,0,1,1.0,6.123233995736766e-17,Spring,1,Área Metropolitana do Porto,11.369406,0.0036862444,2,1
130413,Fânzeres e São Pedro da Cova,Gondomar,2024-04-01,2024,4,6327155.339,15.660361457638816,4748547.646,1578607.693,2024-01-01,1,3.0,False,0,0,0,1,0,1,0.8660254037844387,-0.4999999999999998,Spring,2,Área Metropolitana do Porto,14.494278,0.001674607,1,1
130413,Fânzeres e São Pedro da Cova,Gondomar,2024-05-01,2024,5,6265589.172,15.65058334331218,4691184.802,1574404.37,2024-01-01,1,4.0,False,0,0,0,1,0,1,0.4999999999999999,-0.8660254037844387,Spring,2,Área Metropolitana do Porto,15.048747,0.0014274017,2,1
130413,Fânzeres e São Pedro da Cova,Gondomar,2024-06-01,2024,6,5967817.811,15.601892060317724,4430240.664,1537577.147,2024-01-01,1,5.0,False,0,0,0,1,0,1,1.2246467991473532e-16,-1.0,Summer,2,Área Metropolitana do Porto,18.688791,0.0013595872,1,1
130413,Fânzeres e São Pedro da Cova,Gondomar,2024-07-01,2024,7,6300641.814,15.656162220124903,4592722.136,1707919.678,2024-01-01,1,6.0,False,1,0,1,2,0,2,-0.4999999999999997,-0.8660254037844388,Summer,3,Área Metropolitana do Porto,21.340181,0.000393148,0,0
130413,Fânzeres e São Pedro da Cova,Gondomar,2024-08-01,2024,8,6041179.927,15.614110068515132,4490565.813,1550614.114,2024-01-01,1,7.0,False,0,0,0,2,0,2,-0.8660254037844385,-0.5000000000000004,Summer,3,Área Metropolitana do Porto,21.863308,6.3961146e-05,1,1
130413,Fânzeres e São Pedro da Cova,Gondomar,2024-09-01,2024,9,6042080.173,15.614259075628311,4493828.941,1548251.232,2024-01-01,1,8.0,False,0,0,0,2,0,2,-1.0,-1.8369701987210292e-16,Autumn,3,Área Metropolitana do Porto,18.614645,0.0018714388,0,0
130413,Fânzeres e São Pedro da Cova,Gondomar,2024-10-01,2024,10,6619530.817,15.705535202904684,4930106.38,1689424.437,2024-01-01,1,9.0,False,0,0,0,2,0,2,-0.8660254037844386,0.5000000000000001,Autumn,4,Área Metropolitana do Porto,16.681381,0.0030999337,1,1
130413,Fânzeres e São Pedro da Cova,Gondomar,2024-11-01,2024,11,6758350.509,15.72628955866517,5113960.452,1644390.057,2024-01-01,1,10.0,False,0,0,0,2,0,2,-0.5000000000000004,0.8660254037844384,Autumn,4,Área Metropolitana do Porto,14.802748,0.001296482,1,1
130413,Fânzeres e São Pedro da Cova,Gondomar,2024-12-01,2024,12,7583205.949,15.841446748488307,6034063.614,1549142.335,2024-01-01,1,11.0,False,0,0,0,2,0,2,-2.4492935982947064e-16,1.0,Winter,4,Área Metropolitana do Porto,9.507708,0.00045679283,3,1
130413,Fânzeres e São Pedro da Cova,Gondomar,2025-01-01,2025,1,8185804.63,15.917912191555176,6509282.204,1676522.426,2024-01-01,1,12.0,False,0,0,0,2,0,2,0.4999999999999999,0.8660254037844387,Winter,1,Área Metropolitana do Porto,10.2415085,0.0047495067,1,1
130413,Fânzeres e São Pedro da Cova,Gondomar,2025-02-01,2025,2,7131332.869000001,15.78000885329462,5581912.832,1549420.037,2024-01-01,1,13.0,False,0,0,0,2,0,2,0.8660254037844386,0.5000000000000001,Winter,1,Área Metropolitana do Porto,10.507316,0.0016774003,0,0
130413,Fânzeres e São Pedro da Cova,Gondomar,2025-03-01,2025,3,7266745.761,15.798819261186429,5701676.765,1565068.996,2024-01-01,1,14.0,False,0,0,0,2,0,2,1.0,6.123233995736766e-17,Spring,1,Área Metropolitana do Porto,10.845544,0.0026573816,0,0
130413,Fânzeres e São Pedro da Cova,Gondomar,2025-04-01,2025,4,6324061.618999999,15.659872379065131,4910786.412,1413275.207,2024-01-01,1,15.0,False,0,0,0,2,0,2,0.8660254037844387,-0.4999999999999998,Spring,2,Área Metropolitana do Porto,13.918181,0.003164977,3,1
130413,Fânzeres e São Pedro da Cova,Gondomar,2025-05-01,2025,5,6256848.117,15.649187280417731,4782151.367,1474696.75,2024-01-01,1,16.0,False,0,0,0,2,0,2,0.4999999999999999,-0.8660254037844387,Spring,2,Área Metropolitana do Porto,16.13314,0.0014337102,1,1
130413,Fânzeres e São Pedro da Cova,Gondomar,2025-06-01,2025,6,5962720.997,15.60103764568689,4594606.178,1368114.819,2024-01-01,1,17.0,False,0,0,0,2,0,2,1.2246467991473532e-16,-1.0,Summer,2,Área Metropolitana do Porto,20.461306,0.0004902742,2,1
130413,Fânzeres e São Pedro da Cova,Gondomar,2025-07-01,2025,7,6316360.165,15.65865383527506,4852646.319,1463713.846,2024-01-01,1,18.0,False,0,0,0,2,0,2,-0.4999999999999997,-0.8660254037844388,Summer,3,Área Metropolitana do Porto,22.512142,0.00030463867,0,0
130413,Fânzeres e São Pedro da Cova,Gondomar,2025-08-01,2025,8,6135633.307,15.629624022306656,4700664.876,1434968.431,2024-01-01,1,19.0,False,0,0,0,2,0,2,-0.8660254037844385,-0.5000000000000004,Summer,3,Área Metropolitana do Porto,22.784597,0.00025160017,1,1
130413,Fânzeres e São Pedro da Cova,Gondomar,2025-09-01,2025,9,5979235.907000001,15.603803510259198,4538975.502,1440260.405,2024-01-01,1,20.0,False,3,0,3,5,0,5,-1.0,-1.8369701987210292e-16,Autumn,3,Área Metropolitana do Porto,18.412134,0.00068893866,0,0
130413,Fânzeres e São Pedro da Cova,Gondomar,2025-10-01,2025,10,6608525.569999999,15.703871277751473,4979900.969,1628624.601,2024-01-01,1,21.0,False,0,0,0,5,0,5,-0.8660254037844386,0.5000000000000001,Autumn,4,Área Metropolitana do Porto,17.705864,0.0025772394,1,1
130414,Foz do Sousa e Covelo,Gondomar,2024-10-01,2024,10,1178833.739,13.980036999211247,994059.541,184774.198,,0,0.0,True,0,0,0,0,0,0,-0.8660254037844386,0.5000000000000001,Autumn,4,Área Metropolitana do Porto,16.829386,0.0032353026,1,1
130414,Foz do Sousa e Covelo,Gondomar,2024-11-01,2024,11,1217999.758,14.012721349583478,1031879.586,186120.172,,0,1.0,True,0,0,0,0,0,0,-0.5000000000000004,0.8660254037844384,Autumn,4,Área Metropolitana do Porto,15.020964,0.0013487627,1,1
130414,Foz do Sousa e Covelo,Gondomar,2024-12-01,2024,12,1436060.81,14.177415070839464,1264497.078,171563.732,,0,2.0,True,0,0,0,0,0,0,-2.4492935982947064e-16,1.0,Winter,4,Área Metropolitana do Porto,9.688309,0.00041358918,3,1
130414,Foz do Sousa e Covelo,Gondomar,2025-01-01,2025,1,1577941.647,14.271632434353556,1381888.78,196052.867,,0,3.0,True,0,0,0,0,0,0,0.4999999999999999,0.8660254037844387,Winter,1,Área Metropolitana do Porto,10.404397,0.004740125,1,1
130414,Foz do Sousa e Covelo,Gondomar,2025-02-01,2025,2,1352143.4670000002,14.117202384166474,1176161.195,175982.272,,0,4.0,True,0,0,0,0,0,0,0.8660254037844386,0.5000000000000001,Winter,1,Área Metropolitana do Porto,10.705645,0.0016672852,0,0
130414,Foz do Sousa e Covelo,Gondomar,2025-03-01,2025,3,1359627.848,14.122722314584294,1174343.02,185284.828,,0,5.0,True,0,0,0,0,0,0,1.0,6.123233995736766e-17,Spring,1,Área Metropolitana do Porto,11.062444,0.002877175,0,0
130414,Foz do Sousa e Covelo,Gondomar,2025-04-01,2025,4,1161779.095,13.96546395149657,995572.663,166206.432,,0,6.0,True,0,0,0,0,0,0,0.8660254037844387,-0.4999999999999998,Spring,2,Área Metropolitana do Porto,14.106821,0.0032629499,3,1
130414,Foz do Sousa e Covelo,Gondomar,2025-05-01,2025,5,1124201.352,13.932584321702343,955115.847,169085.505,,0,7.0,True,0,0,0,0,0,0,0.4999999999999999,-0.8660254037844387,Spring,2,Área Metropolitana do Porto,16.279089,0.0015814074,1,1
130414,Foz do Sousa e Covelo,Gondomar,2025-06-01,2025,6,1098655.852,13.90959894805106,926723.187,171932.665,,0,8.0,True,0,0,0,0,0,0,1.2246467991473532e-16,-1.0,Summer,2,Área Metropolitana do Porto,20.536451,0.00043517,2,1
130414,Foz do Sousa e Covelo,Gondomar,2025-07-01,2025,7,1160136.247,13.964048872463026,986828.137,173308.11,,0,9.0,True,0,0,0,0,0,0,-0.4999999999999997,-0.8660254037844388,Summer,3,Área Metropolitana do Porto,22.562885,0.000319403,0,0
130414,Foz do Sousa e Covelo,Gondomar,2025-08-01,2025,8,1154510.659,13.95918800646974,978108.243,176402.416,,0,10.0,True,0,0,0,0,0,0,-0.8660254037844385,-0.5000000000000004,Summer,3,Área Metropolitana do Porto,22.887823,0.0002401038,1,1
130414,Foz do Sousa e Covelo,Gondomar,2025-09-01,2025,9,1108129.336,13.918184771140243,929841.397,178287.939,,0,11.0,True,0,0,0,0,0,0,-1.0,-1.8369701987210292e-16,Autumn,3,Área Metropolitana do Porto,18.573277,0.0007085076,0,0
130414,Foz do Sousa e Covelo,Gondomar,2025-10-01,2025,10,1229868.156,14.022418344454367,1029567.22,200300.936,,0,12.0,True,0,0,0,0,0,0,-0.8660254037844386,0.5000000000000001,Autumn,4,Área Metropolitana do Porto,17.950867,0.002628024,1,1
130415,"Gondomar (São Cosme), Valbom e Jovim",Gondomar,2024-08-01,2024,8,9040322.746,16.017205544337724,6411736.21,2628586.536,2024-08-01,1,0.0,False,1,0,1,1,0,1,-0.8660254037844385,-0.5000000000000004,Summer,3,Área Metropolitana do Porto,21.828419,5.6057946e-05,1,1
130415,"Gondomar (São Cosme), Valbom e Jovim",Gondomar,2024-09-01,2024,9,9000965.762,16.012842547531594,6373665.49,2627300.272,2024-08-01,1,1.0,False,0,0,0,1,0,1,-1.0,-1.8369701987210292e-16,Autumn,3,Área Metropolitana do Porto,18.762293,0.001801074,0,0
130415,"Gondomar (São Cosme), Valbom e Jovim",Gondomar,2024-10-01,2024,10,9770953.261,16.0949246918184,6981614.691,2789338.57,2024-08-01,1,2.0,False,0,0,0,1,0,1,-0.8660254037844386,0.5000000000000001,Autumn,4,Área Metropolitana do Porto,16.829386,0.0032353026,1,1
130415,"Gondomar (São Cosme), Valbom e Jovim",Gondomar,2024-11-01,2024,11,9763755.697,16.094187791810903,7185300.254,2578455.443,2024-08-01,1,3.0,False,0,0,0,1,0,1,-0.5000000000000004,0.8660254037844384,Autumn,4,Área Metropolitana do Porto,15.020964,0.0013487627,1,1
130415,"Gondomar (São Cosme), Valbom e Jovim",Gondomar,2024-12-01,2024,12,11233361.928,16.234398741191068,8715221.527,2518140.401,2024-08-01,1,4.0,False,0,0,0,1,0,1,-2.4492935982947064e-16,1.0,Winter,4,Área Metropolitana do Porto,9.688309,0.00041358918,3,1
130415,"Gondomar (São Cosme), Valbom e Jovim",Gondomar,2025-01-01,2025,1,12179165.557,16.31523739072908,9354410.916,2824754.641,2024-08-01,1,5.0,False,0,0,0,1,0,1,0.4999999999999999,0.8660254037844387,Winter,1,Área Metropolitana do Porto,10.404397,0.004740125,1,1
130415,"Gondomar (São Cosme), Valbom e Jovim",Gondomar,2025-02-01,2025,2,10359418.274,16.153406738591286,7995314.847,2364103.427,2024-08-01,1,6.0,False,0,0,0,1,0,1,0.8660254037844386,0.5000000000000001,Winter,1,Área Metropolitana do Porto,10.705645,0.0016672852,0,0
130415,"Gondomar (São Cosme), Valbom e Jovim",Gondomar,2025-03-01,2025,3,10776543.87,16.192882559082847,8161150.526,2615393.344,2024-08-01,1,7.0,False,0,0,0,1,0,1,1.0,6.123233995736766e-17,Spring,1,Área Metropolitana do Porto,11.062444,0.002877175,0,0
130415,"Gondomar (São Cosme), Valbom e Jovim",Gondomar,2025-04-01,2025,4,9272620.633,16.04257670586567,6985868.923,2286751.71,2024-08-01,1,8.0,False,0,0,0,1,0,1,0.8660254037844387,-0.4999999999999998,Spring,2,Área Metropolitana do Porto,14.106821,0.0032629499,3,1
130415,"Gondomar (São Cosme), Valbom e Jovim",Gondomar,2025-05-01,2025,5,9174924.971,16.0319848833165,6790639.749,2384285.222,2024-08-01,1,9.0,False,0,0,0,1,0,1,0.4999999999999999,-0.8660254037844387,Spring,2,Área Metropolitana do Porto,16.279089,0.0015814074,1,1
130415,"Gondomar (São Cosme), Valbom e Jovim",Gondomar,2025-06-01,2025,6,9082878.019,16.02190177289768,6552614.795,2530263.224,2024-08-01,1,10.0,False,0,0,0,1,0,1,1.2246467991473532e-16,-1.0,Summer,2,Área Metropolitana do Porto,20.536451,0.00043517,2,1
130415,"Gondomar (São Cosme), Valbom e Jovim",Gondomar,2025-07-01,2025,7,9670012.919,16.084540306828647,6894733.877,2775279.042,2024-08-01,1,11.0,False,0,0,0,1,0,1,-0.4999999999999997,-0.8660254037844388,Summer,3,Área Metropolitana do Porto,22.562885,0.000319403,0,0
130415,"Gondomar (São Cosme), Valbom e Jovim",Gondomar,2025-08-01,2025,8,9463237.363,16.062925204119555,6698632.65,2764604.713,2024-08-01,1,12.0,False,1,0,1,2,0,2,-0.8660254037844385,-0.5000000000000004,Summer,3,Área Metropolitana do Porto,22.887823,0.0002401038,1,1
130415,"Gondomar (São Cosme), Valbom e Jovim",Gondomar,2025-09-01,2025,9,9240018.909,16.039054598269225,6431445.767,2808573.142,2024-08-01,1,13.0,False,0,0,0,2,0,2,-1.0,-1.8369701987210292e-16,Autumn,3,Área Metropolitana do Porto,18.573277,0.0007085076,0,0
130415,"Gondomar (São Cosme), Valbom e Jovim",Gondomar,2025-10-01,2025,10,9880834.243,16.106107604916033,7037678.255,2843155.988,2024-08-01,1,14.0,False,0,0,0,2,0,2,-0.8660254037844386,0.5000000000000001,Autumn,4,Área Metropolitana do Porto,17.950867,0.002628024,1,1
130416,Uf Melres e Medas,Gondomar,2024-10-01,2024,10,2835003.038,14.8575539194816,760801.465,2074201.573,,0,0.0,True,0,0,0,0,0,0,-0.8660254037844386,0.5000000000000001,Autumn,4,Área Metropolitana do Porto,16.589342,0.0034866836,1,1
130416,Uf Melres e Medas,Gondomar,2024-11-01,2024,11,2758203.6950000003,14.83009055321801,784439.8,1973763.895,,0,1.0,True,0,0,0,0,0,0,-0.5000000000000004,0.8660254037844384,Autumn,4,Área Metropolitana do Porto,14.683423,0.0014508868,1,1
130416,Uf Melres e Medas,Gondomar,2024-12-01,2024,12,2972458.7,14.90490034984373,952586.533,2019872.167,,0,2.0,True,0,0,0,0,0,0,-2.4492935982947064e-16,1.0,Winter,4,Área Metropolitana do Porto,9.097525,0.0004370539,3,1
130416,Uf Melres e Medas,Gondomar,2025-01-01,2025,1,3079179.422,14.940174022786488,1002719.211,2076460.211,,0,3.0,True,0,0,0,0,0,0,0.4999999999999999,0.8660254037844387,Winter,1,Área Metropolitana do Porto,10.010659,0.0049823145,1,1
130416,Uf Melres e Medas,Gondomar,2025-02-01,2025,2,2739914.065,14.823437479708618,856985.098,1882928.967,,0,4.0,True,0,0,0,0,0,0,0.8660254037844386,0.5000000000000001,Winter,1,Área Metropolitana do Porto,10.380714,0.001611355,0,0
130416,Uf Melres e Medas,Gondomar,2025-03-01,2025,3,2666313.198,14.796207626490016,867674.892,1798638.306,,0,5.0,True,0,0,0,0,0,0,1.0,6.123233995736766e-17,Spring,1,Área Metropolitana do Porto,10.815601,0.002988163,0,0
130416,Uf Melres e Medas,Gondomar,2025-04-01,2025,4,2585292.341,14.765349537629644,746656.671,1838635.67,,0,6.0,True,0,0,0,0,0,0,0.8660254037844387,-0.4999999999999998,Spring,2,Área Metropolitana do Porto,13.947156,0.0033739225,3,1
130416,Uf Melres e Medas,Gondomar,2025-05-01,2025,5,2731512.161,14.820366285038045,744777.961,1986734.2,,0,7.0,True,0,0,0,0,0,0,0.4999999999999999,-0.8660254037844387,Spring,2,Área Metropolitana do Porto,16.34677,0.001641082,1,1
130416,Uf Melres e Medas,Gondomar,2025-06-01,2025,6,2474499.706,14.7215491986842,740602.459,1733897.247,,0,8.0,True,0,0,0,0,0,0,1.2246467991473532e-16,-1.0,Summer,2,Área Metropolitana do Porto,20.832098,0.00048039563,2,1
130416,Uf Melres e Medas,Gondomar,2025-07-01,2025,7,2868411.885,14.869269433031786,796992.14,2071419.745,,0,9.0,True,0,0,0,0,0,0,-0.4999999999999997,-0.8660254037844388,Summer,3,Área Metropolitana do Porto,22.85307,0.0003343106,0,0
130416,Uf Melres e Medas,Gondomar,2025-08-01,2025,8,2888020.071,14.87608207502087,783320.48,2104699.591,,0,10.0,True,0,0,0,0,0,0,-0.8660254037844385,-0.5000000000000004,Summer,3,Área Metropolitana do Porto,23.316282,0.00027190088,1,1
130416,Uf Melres e Medas,Gondomar,2025-09-01,2025,9,2700706.3,14.809024259631215,729288.105,1971418.195,,0,11.0,True,0,0,0,0,0,0,-1.0,-1.8369701987210292e-16,Autumn,3,Área Metropolitana do Porto,18.435316,0.0007462717,0,0
130416,Uf Melres e Medas,Gondomar,2025-10-01,2025,10,2787426.0700000003,14.840629531179548,773242.041,2014184.029,,0,12.0,True,0,0,0,0,0,0,-0.8660254037844386,0.5000000000000001,Autumn,4,Área Metropolitana do Porto,17.909124,0.0027812526,1,1
130601,Águas Santas,Maia,2024-10-01,2024,10,7034941.28,15.766400043806136,3912117.938,3122823.342,,0,0.0,True,0,0,0,0,0,0,-0.8660254037844386,0.5000000000000001,Autumn,4,Área Metropolitana do Porto,17.282017,0.0028098521,1,1
130601,Águas Santas,Maia,2024-11-01,2024,11,7308531.973999999,15.80455312403422,4037017.585,3271514.389,,0,1.0,True,0,0,0,0,0,0,-0.5000000000000004,0.8660254037844384,Autumn,4,Área Metropolitana do Porto,15.502607,0.0012079786,1,1
130601,Águas Santas,Maia,2024-12-01,2024,12,8097207.252,15.90702989998676,4878389.353,3218817.899,,0,2.0,True,0,0,0,0,0,0,-2.4492935982947064e-16,1.0,Winter,4,Área Metropolitana do Porto,10.392857,0.00043093137,3,1
130601,Águas Santas,Maia,2025-01-01,2025,1,8651687.715,15.973265087021348,5248054.423,3403633.292,,0,3.0,True,0,0,0,0,0,0,0.4999999999999999,0.8660254037844387,Winter,1,Área Metropolitana do Porto,10.978172,0.0044986596,1,1
130601,Águas Santas,Maia,2025-02-01,2025,2,7554221.473,15.837617232840191,4480367.302,3073854.171,,0,4.0,True,0,0,0,0,0,0,0.8660254037844386,0.5000000000000001,Winter,1,Área Metropolitana do Porto,11.164984,0.0017280664,0,0
130601,Águas Santas,Maia,2025-03-01,2025,3,7804074.424000001,15.870156645465723,4576338.819,3227735.605,,0,5.0,True,0,0,0,0,0,0,1.0,6.123233995736766e-17,Spring,1,Área Metropolitana do Porto,11.474471,0.0025778564,0,0
130601,Águas Santas,Maia,2025-04-01,2025,4,6884692.411,15.744811159160664,3959514.18,2925178.231,,0,6.0,True,0,0,0,0,0,0,0.8660254037844387,-0.4999999999999998,Spring,2,Área Metropolitana do Porto,14.506544,0.003075119,3,1
130601,Águas Santas,Maia,2025-05-01,2025,5,7085085.463,15.773502634702178,3863662.939,3221422.524,,0,7.0,True,0,0,0,0,0,0,0.4999999999999999,-0.8660254037844387,Spring,2,Área Metropolitana do Porto,16.55379,0.0014004215,1,1
130601,Águas Santas,Maia,2025-06-01,2025,6,7084986.393999999,15.773488651853397,3729759.582,3355226.812,,0,8.0,True,0,0,0,0,0,0,1.2246467991473532e-16,-1.0,Summer,2,Área Metropolitana do Porto,20.46006,0.00044758894,2,1
130601,Águas Santas,Maia,2025-07-01,2025,7,7288323.164,15.80178419607656,3902917.088,3385406.076,,0,9.0,True,0,0,0,0,0,0,-0.4999999999999997,-0.8660254037844388,Summer,3,Área Metropolitana do Porto,22.512743,0.00028591312,0,0
130601,Águas Santas,Maia,2025-08-01,2025,8,7066115.498,15.770821593886742,3814358.212,3251757.286,,0,10.0,True,0,0,0,0,0,0,-0.8660254037844385,-0.5000000000000004,Summer,3,Área Metropolitana do Porto,22.588182,0.00022278869,1,1
130601,Águas Santas,Maia,2025-09-01,2025,9,7300042.926,15.80339092336079,3690188.217,3609854.709,,0,11.0,True,0,0,0,0,0,0,-1.0,-1.8369701987210292e-16,Autumn,3,Área Metropolitana do Porto,18.788864,0.00065270625,0,0
130601,Águas Santas,Maia,2025-10-01,2025,10,7646731.199,15.849788951012975,4018144.747,3628586.452,,0,12.0,True,0,0,0,0,0,0,-0.8660254037844386,0.5000000000000001,Autumn,4,Área Metropolitana do Porto,18.06098,0.0024081091,1,1
130603,Folgosa,Maia,2024-10-01,2024,10,8959459.852,16.008220610372803,741282.903,8218176.949,,0,0.0,True,0,0,0,0,0,0,-0.8660254037844386,0.5000000000000001,Autumn,4,Área Metropolitana do Porto,16.472824,0.0035632167,1,1
130603,Folgosa,Maia,2024-11-01,2024,11,7034255.448,15.766302549696656,758893.768,6275361.68,,0,1.0,True,0,0,0,0,0,0,-0.5000000000000004,0.8660254037844384,Autumn,4,Área Metropolitana do Porto,14.596025,0.0012326972,1,1
130603,Folgosa,Maia,2024-12-01,2024,12,6581003.379000001,15.69969793283843,850529.577,5730473.802,,0,2.0,True,0,0,0,0,0,0,-2.4492935982947064e-16,1.0,Winter,4,Área Metropolitana do Porto,9.342561,0.0005388929,3,1
130603,Folgosa,Maia,2025-01-01,2025,1,7322417.108,15.806451174009334,942801.297,6379615.811,,0,3.0,True,0,0,0,0,0,0,0.4999999999999999,0.8660254037844387,Winter,1,Área Metropolitana do Porto,10.018929,0.0052771126,1,1
130603,Folgosa,Maia,2025-02-01,2025,2,7196752.948,15.789140641771567,823266.612,6373486.336,,0,4.0,True,0,0,0,0,0,0,0.8660254037844386,0.5000000000000001,Winter,1,Área Metropolitana do Porto,10.285994,0.0017876341,0,0
130603,Folgosa,Maia,2025-03-01,2025,3,7537811.561,15.835442586620513,844762.51,6693049.051,,0,5.0,True,0,0,0,0,0,0,1.0,6.123233995736766e-17,Spring,1,Área Metropolitana do Porto,10.605065,0.0025614437,0,0
130603,Folgosa,Maia,2025-04-01,2025,4,6707205.021000001,15.71869303192038,731589.416,5975615.605,,0,6.0,True,0,0,0,0,0,0,0.8660254037844387,-0.4999999999999998,Spring,2,Área Metropolitana do Porto,13.736104,0.0030752067,3,1
130603,Folgosa,Maia,2025-05-01,2025,5,7371134.653,15.813082343610818,713088.904,6658045.749,,0,7.0,True,0,0,0,0,0,0,0.4999999999999999,-0.8660254037844387,Spring,2,Área Metropolitana do Porto,15.9828415,0.001354283,1,1
130603,Folgosa,Maia,2025-06-01,2025,6,5554652.557,15.53014661313443,703535.851,4851116.706,,0,8.0,True,0,0,0,0,0,0,1.2246467991473532e-16,-1.0,Summer,2,Área Metropolitana do Porto,20.388744,0.00054451596,2,1
130603,Folgosa,Maia,2025-07-01,2025,7,7587261.522,15.841981415276884,763737.488,6823524.034,,0,9.0,True,0,0,0,0,0,0,-0.4999999999999997,-0.8660254037844388,Summer,3,Área Metropolitana do Porto,22.469496,0.00027967864,0,0
130603,Folgosa,Maia,2025-08-01,2025,8,6676033.428,15.714034720730794,732845.598,5943187.83,,0,10.0,True,0,0,0,0,0,0,-0.8660254037844385,-0.5000000000000004,Summer,3,Área Metropolitana do Porto,22.773788,0.00024168655,1,1
130603,Folgosa,Maia,2025-09-01,2025,9,6585644.963,15.700402984475971,705985.185,5879659.778,,0,11.0,True,0,0,0,0,0,0,-1.0,-1.8369701987210292e-16,Autumn,3,Área Metropolitana do Porto,18.196184,0.00074626843,0,0
130603,Folgosa,Maia,2025-10-01,2025,10,7489869.075,15.829062008881,790865.371,6699003.704,,0,12.0,True,0,0,0,0,0,0,-0.8660254037844386,0.5000000000000001,Autumn,4,Área Metropolitana do Porto,17.411047,0.0027635104,1,1
130608,Milheirós,Maia,2024-08-01,2024,8,847201.946,13.6496955506004,698536.045,148665.901,,0,0.0,True,0,0,0,0,0,0,-0.8660254037844385,-0.5000000000000004,Summer,3,Área Metropolitana do Porto,21.75044,5.4246982e-05,1,1
130608,Milheirós,Maia,2024-09-01,2024,9,889471.1340000001,13.698383457885106,707267.062,182204.072,,0,1.0,True,0,0,0,0,0,0,-1.0,-1.8369701987210292e-16,Autumn,3,Área Metropolitana do Porto,18.964685,0.001671339,0,0
130608,Milheirós,Maia,2024-10-01,2024,10,1008636.93,13.824111394501037,780881.645,227755.285,,0,2.0,True,0,0,0,0,0,0,-0.8660254037844386,0.5000000000000001,Autumn,4,Área Metropolitana do Porto,17.282017,0.0028098521,1,1
130608,Milheirós,Maia,2024-11-01,2024,11,1031966.012,13.846977259396471,806499.46,225466.552,,0,3.0,True,0,0,0,0,0,0,-0.5000000000000004,0.8660254037844384,Autumn,4,Área Metropolitana do Porto,15.502607,0.0012079786,1,1
130608,Milheirós,Maia,2024-12-01,2024,12,1142733.418,13.948934560572695,948448.519,194284.899,,0,4.0,True,0,0,0,0,0,0,-2.4492935982947064e-16,1.0,Winter,4,Área Metropolitana do Porto,10.392857,0.00043093137,3,1
130608,Milheirós,Maia,2025-01-01,2025,1,1273609.038,14.057365975636673,1023902.072,249706.966,,0,5.0,True,0,0,0,0,0,0,0.4999999999999999,0.8660254037844387,Winter,1,Área Metropolitana do Porto,10.978172,0.0044986596,1,1
130608,Milheirós,Maia,2025-02-01,2025,2,1103816.108,13.91428482905206,881738.789,222077.319,,0,6.0,True,0,0,0,0,0,0,0.8660254037844386,0.5000000000000001,Winter,1,Área Metropolitana do Porto,11.164984,0.0017280664,0,0
130608,Milheirós,Maia,2025-03-01,2025,3,1122831.7140000002,13.931365259133768,893431.675,229400.039,,0,7.0,True,0,0,0,0,0,0,1.0,6.123233995736766e-17,Spring,1,Área Metropolitana do Porto,11.474471,0.0025778564,0,0
130608,Milheirós,Maia,2025-04-01,2025,4,957001.366,13.771561142741335,765549.391,191451.975,,0,8.0,True,0,0,0,0,0,0,0.8660254037844387,-0.4999999999999998,Spring,2,Área Metropolitana do Porto,14.506544,0.003075119,3,1
130608,Milheirós,Maia,2025-05-01,2025,5,922366.214,13.73469870307284,744588.511,177777.703,,0,9.0,True,0,0,0,0,0,0,0.4999999999999999,-0.8660254037844387,Spring,2,Área Metropolitana do Porto,16.55379,0.0014004215,1,1
130608,Milheirós,Maia,2025-06-01,2025,6,885898.903,13.694359246906949,730885.738,155013.165,,0,10.0,True,0,0,0,0,0,0,1.2246467991473532e-16,-1.0,Summer,2,Área Metropolitana do Porto,20.46006,0.00044758894,2,1
130608,Milheirós,Maia,2025-07-01,2025,7,941109.069,13.754815381971452,791421.528,149687.541,,0,11.0,True,0,0,0,0,0,0,-0.4999999999999997,-0.8660254037844388,Summer,3,Área Metropolitana do Porto,22.512743,0.00028591312,0,0
130608,Milheirós,Maia,2025-08-01,2025,8,888345.483,13.697117129431057,763073.385,125272.098,,0,12.0,True,0,0,0,0,0,0,-0.8660254037844385,-0.5000000000000004,Summer,3,Área Metropolitana do Porto,22.588182,0.00022278869,1,1
130609,Moreira,Maia,2024-05-01,2024,5,8384040.655,15.941840653922794,3180882.933,5203157.722,2024-05-01,1,0.0,False,1,0,1,1,0,1,0.4999999999999999,-0.8660254037844387,Spring,2,Área Metropolitana do Porto,15.634836,0.0012198252,2,1
130609,Moreira,Maia,2024-06-01,2024,6,8431397.497,15.947473211473984,3117059.788,5314337.709,2024-05-01,1,1.0,False,0,0,0,1,0,1,1.2246467991473532e-16,-1.0,Summer,2,Área Metropolitana do Porto,18.963675,0.0012781798,1,1
130609,Moreira,Maia,2024-07-01,2024,7,9317803.8,16.047437622438014,3248180.835,6069622.965,2024-05-01,1,2.0,False,1,0,1,2,0,2,-0.4999999999999997,-0.8660254037844388,Summer,3,Área Metropolitana do Porto,21.275011,0.00034911375,0,0
130609,Moreira,Maia,2024-08-01,2024,8,8950534.46,16.00722391639438,3213110.982,5737423.478,2024-05-01,1,3.0,False,0,0,0,2,0,2,-0.8660254037844385,-0.5000000000000004,Summer,3,Área Metropolitana do Porto,21.74077,4.9821858e-05,1,1
130609,Moreira,Maia,2024-09-01,2024,9,8601534.271,15.96745126517468,3153559.554,5447974.717,2024-05-01,1,4.0,False,0,0,0,2,0,2,-1.0,-1.8369701987210292e-16,Autumn,3,Área Metropolitana do Porto,19.107304,0.0015855592,0,0
130609,Moreira,Maia,2024-10-01,2024,10,9177130.602,16.032225252114586,3498599.409,5678531.193,2024-05-01,1,5.0,False,0,0,0,2,0,2,-0.8660254037844386,0.5000000000000001,Autumn,4,Área Metropolitana do Porto,17.48858,0.0027172754,1,1
130609,Moreira,Maia,2024-11-01,2024,11,8963450.424,16.008665914350694,3476499.451,5486950.973,2024-05-01,1,6.0,False,0,0,0,2,0,2,-0.5000000000000004,0.8660254037844384,Autumn,4,Área Metropolitana do Porto,15.738745,0.0011754362,1,1
130609,Moreira,Maia,2024-12-01,2024,12,9510498.946,16.067907003697098,3969630.981,5540867.965,2024-05-01,1,7.0,False,0,0,0,2,0,2,-2.4492935982947064e-16,1.0,Winter,4,Área Metropolitana do Porto,10.622377,0.00043714768,3,1
130609,Moreira,Maia,2025-01-01,2025,1,10150018.018,16.132986137144897,4272544.401,5877473.617,2024-05-01,1,8.0,False,0,0,0,2,0,2,0.4999999999999999,0.8660254037844387,Winter,1,Área Metropolitana do Porto,11.208,0.0044925422,1,1
130609,Moreira,Maia,2025-02-01,2025,2,9033541.535,16.016455155769744,3767064.688,5266476.847,2024-05-01,1,9.0,False,0,0,0,2,0,2,0.8660254037844386,0.5000000000000001,Winter,1,Área Metropolitana do Porto,11.37452,0.001762639,0,0
130609,Moreira,Maia,2025-03-01,2025,3,9664749.014,16.083995805209874,3900291.265,5764457.749,2024-05-01,1,10.0,False,0,0,0,2,0,2,1.0,6.123233995736766e-17,Spring,1,Área Metropolitana do Porto,11.702438,0.0025394668,0,0
130609,Moreira,Maia,2025-04-01,2025,4,8857893.706,15.996819676512716,3465206.474,5392687.232,2024-05-01,1,11.0,False,1,0,1,3,0,3,0.8660254037844387,-0.4999999999999998,Spring,2,Área Metropolitana do Porto,14.7171755,0.0030483028,3,1
130609,Moreira,Maia,2025-05-01,2025,5,9048790.404,16.018141760238642,3448676.158,5600114.246,2024-05-01,1,12.0,False,0,0,0,3,0,3,0.4999999999999999,-0.8660254037844387,Spring,2,Área Metropolitana do Porto,16.709084,0.0013782663,1,1
130609,Moreira,Maia,2025-06-01,2025,6,9431368.176,16.059551837707392,3438355.385,5993012.791,2024-05-01,1,13.0,False,0,0,0,3,0,3,1.2246467991473532e-16,-1.0,Summer,2,Área Metropolitana do Porto,20.472044,0.00045188915,2,1
130609,Moreira,Maia,2025-07-01,2025,7,10276789.594,16.145398570219793,3668111.71,6608677.884,2024-05-01,1,14.0,False,0,0,0,3,0,3,-0.4999999999999997,-0.8660254037844388,Summer,3,Área Metropolitana do Porto,22.53517,0.00026410405,0,0
130609,Moreira,Maia,2025-08-01,2025,8,10171051.87,16.135056289706505,3613961.951,6557089.919,2024-05-01,1,15.0,False,0,0,0,3,0,3,-0.8660254037844385,-0.5000000000000004,Summer,3,Área Metropolitana do Porto,22.547787,0.00021576657,1,1
130609,Moreira,Maia,2025-09-01,2025,9,9530733.199,16.070032313481363,3431929.077,6098804.122,2024-05-01,1,16.0,False,0,0,0,3,0,3,-1.0,-1.8369701987210292e-16,Autumn,3,Área Metropolitana do Porto,18.911943,0.00065210863,0,0
130609,Moreira,Maia,2025-10-01,2025,10,9974402.363,16.115532705718234,3725036.718,6249365.645,2024-05-01,1,17.0,False,1,0,1,4,0,4,-0.8660254037844386,0.5000000000000001,Autumn,4,Área Metropolitana do Porto,18.163393,0.0023483178,1,1
130613,São Pedro Fins,Maia,2024-09-01,2024,9,52415286.481,17.774708852562345,385470.785,52029815.696,,0,0.0,True,0,0,0,0,0,0,-1.0,-1.8369701987210292e-16,Autumn,3,Área Metropolitana do Porto,18.964685,0.001671339,0,0
130613,São Pedro Fins,Maia,2024-10-01,2024,10,57581675.413,17.868714957226047,421306.158,57160369.255,,0,1.0,True,0,0,0,0,0,0,-0.8660254037844386,0.5000000000000001,Autumn,4,Área Metropolitana do Porto,17.282017,0.0028098521,1,1
130613,São Pedro Fins,Maia,2024-11-01,2024,11,42729438.525,17.570398690871418,430054.979,42299383.546,,0,2.0,True,0,0,0,0,0,0,-0.5000000000000004,0.8660254037844384,Autumn,4,Área Metropolitana do Porto,15.502607,0.0012079786,1,1
130613,São Pedro Fins,Maia,2024-12-01,2024,12,41202015.232,17.53399775079225,490920.633,40711094.599,,0,3.0,True,0,0,0,0,0,0,-2.4492935982947064e-16,1.0,Winter,4,Área Metropolitana do Porto,10.392857,0.00043093137,3,1
130613,São Pedro Fins,Maia,2025-01-01,2025,1,55632797.466000006,17.83428348576555,521827.174,55110970.292,,0,4.0,True,0,0,0,0,0,0,0.4999999999999999,0.8660254037844387,Winter,1,Área Metropolitana do Porto,10.978172,0.0044986596,1,1
130613,São Pedro Fins,Maia,2025-02-01,2025,2,51384626.707,17.75484961384624,450114.32,50934512.387,,0,5.0,True,0,0,0,0,0,0,0.8660254037844386,0.5000000000000001,Winter,1,Área Metropolitana do Porto,11.164984,0.0017280664,0,0
130613,São Pedro Fins,Maia,2025-03-01,2025,3,61353845.291,17.93216842138582,464020.519,60889824.772,,0,6.0,True,0,0,0,0,0,0,1.0,6.123233995736766e-17,Spring,1,Área Metropolitana do Porto,11.474471,0.0025778564,0,0
130613,São Pedro Fins,Maia,2025-04-01,2025,4,55684235.425,17.835207656315212,403170.91,55281064.515,,0,7.0,True,0,0,0,0,0,0,0.8660254037844387,-0.4999999999999998,Spring,2,Área Metropolitana do Porto,14.506544,0.003075119,3,1
130613,São Pedro Fins,Maia,2025-05-01,2025,5,60241943.273,17.913879416383278,390094.367,59851848.906,,0,8.0,True,0,0,0,0,0,0,0.4999999999999999,-0.8660254037844387,Spring,2,Área Metropolitana do Porto,16.55379,0.0014004215,1,1
130613,São Pedro Fins,Maia,2025-06-01,2025,6,47249622.615,17.67095524605219,385254.186,46864368.429,,0,9.0,True,0,0,0,0,0,0,1.2246467991473532e-16,-1.0,Summer,2,Área Metropolitana do Porto,20.46006,0.00044758894,2,1
130613,São Pedro Fins,Maia,2025-07-01,2025,7,59750528.854,17.905688616585948,415398.077,59335130.777,,0,10.0,True,0,0,0,0,0,0,-0.4999999999999997,-0.8660254037844388,Summer,3,Área Metropolitana do Porto,22.512743,0.00028591312,0,0
130613,São Pedro Fins,Maia,2025-08-01,2025,8,19345909.032,16.777991587243434,403356.983,18942552.049,,0,11.0,True,0,0,0,0,0,0,-0.8660254037844385,-0.5000000000000004,Summer,3,Área Metropolitana do Porto,22.588182,0.00022278869,1,1
130613,São Pedro Fins,Maia,2025-09-01,2025,9,58727752.605,17.888422977235415,383563.266,58344189.339,,0,12.0,True,0,0,0,0,0,0,-1.0,-1.8369701987210292e-16,Autumn,3,Área Metropolitana do Porto,18.788864,0.00065270625,0,0
130616,Vila Nova da Telha,Maia,2024-09-01,2024,9,1282502.475,14.064324565575047,906683.579,375818.896,,0,0.0,True,0,0,0,0,0,0,-1.0,-1.8369701987210292e-16,Autumn,3,Área Metropolitana do Porto,19.107304,0.0015855592,0,0
130616,Vila Nova da Telha,Maia,2024-10-01,2024,10,1434891.984,14.176600828785205,1005800.134,429091.85,,0,1.0,True,0,0,0,0,0,0,-0.8660254037844386,0.5000000000000001,Autumn,4,Área Metropolitana do Porto,17.48858,0.0027172754,1,1
130616,Vila Nova da Telha,Maia,2024-11-01,2024,11,1459979.8199999998,14.193933856611928,1049270.538,410709.282,,0,2.0,True,0,0,0,0,0,0,-0.5000000000000004,0.8660254037844384,Autumn,4,Área Metropolitana do Porto,15.738745,0.0011754362,1,1
130616,Vila Nova da Telha,Maia,2024-12-01,2024,12,1634866.31,14.307072203056864,1261673.143,373193.167,,0,3.0,True,0,0,0,0,0,0,-2.4492935982947064e-16,1.0,Winter,4,Área Metropolitana do Porto,10.622377,0.00043714768,3,1
130616,Vila Nova da Telha,Maia,2025-01-01,2025,1,1788431.4279999998,14.39685005558643,1373968.14,414463.288,,0,4.0,True,0,0,0,0,0,0,0.4999999999999999,0.8660254037844387,Winter,1,Área Metropolitana do Porto,11.208,0.0044925422,1,1
130616,Vila Nova da Telha,Maia,2025-02-01,2025,2,1544373.363,14.250129443260338,1173327.65,371045.713,,0,5.0,True,0,0,0,0,0,0,0.8660254037844386,0.5000000000000001,Winter,1,Área Metropolitana do Porto,11.37452,0.001762639,0,0
130616,Vila Nova da Telha,Maia,2025-03-01,2025,3,1587144.4109999998,14.277447621650111,1193954.704,393189.707,,0,6.0,True,0,0,0,0,0,0,1.0,6.123233995736766e-17,Spring,1,Área Metropolitana do Porto,11.702438,0.0025394668,0,0
130616,Vila Nova da Telha,Maia,2025-04-01,2025,4,1332444.1,14.102526233422893,1008590.374,323853.726,,0,7.0,True,0,0,0,0,0,0,0.8660254037844387,-0.4999999999999998,Spring,2,Área Metropolitana do Porto,14.7171755,0.0030483028,3,1
130616,Vila Nova da Telha,Maia,2025-05-01,2025,5,1287279.14,14.068042131889474,964188.091,323091.049,,0,8.0,True,0,0,0,0,0,0,0.4999999999999999,-0.8660254037844387,Spring,2,Área Metropolitana do Porto,16.709084,0.0013782663,1,1
130616,Vila Nova da Telha,Maia,2025-06-01,2025,6,1234160.817,14.025902606941171,926634.699,307526.118,,0,9.0,True,0,0,0,0,0,0,1.2246467991473532e-16,-1.0,Summer,2,Área Metropolitana do Porto,20.472044,0.00045188915,2,1
130616,Vila Nova da Telha,Maia,2025-07-01,2025,7,1308792.524,14.084616296774367,970654.293,338138.231,,0,10.0,True,0,0,0,0,0,0,-0.4999999999999997,-0.8660254037844388,Summer,3,Área Metropolitana do Porto,22.53517,0.00026410405,0,0
130616,Vila Nova da Telha,Maia,2025-08-01,2025,8,1256356.262,14.043727029831196,950238.192,306118.07,,0,11.0,True,0,0,0,0,0,0,-0.8660254037844385,-0.5000000000000004,Summer,3,Área Metropolitana do Porto,22.547787,0.00021576657,1,1
130616,Vila Nova da Telha,Maia,2025-09-01,2025,9,1287892.429,14.068518440763546,928000.29,359892.139,,0,12.0,True,0,0,0,0,0,0,-1.0,-1.8369701987210292e-16,Autumn,3,Área Metropolitana do Porto,18.911943,0.00065210863,0,0
130617,Pedrouços,Maia,2024-10-01,2024,10,2035792.722,14.526396336195642,1885627.127,150165.595,,0,0.0,True,0,0,0,0,0,0,-0.8660254037844386,0.5000000000000001,Autumn,4,Área Metropolitana do Porto,17.282017,0.0028098521,1,1
130617,Pedrouços,Maia,2024-11-01,2024,11,2110582.41,14.562474964864156,1958983.439,151598.971,,0,1.0,True,0,0,0,0,0,0,-0.5000000000000004,0.8660254037844384,Autumn,4,Área Metropolitana do Porto,15.502607,0.0012079786,1,1
130617,Pedrouços,Maia,2024-12-01,2024,12,2467480.194,14.7187084287815,2321225.327,146254.867,,0,2.0,True,0,0,0,0,0,0,-2.4492935982947064e-16,1.0,Winter,4,Área Metropolitana do Porto,10.392857,0.00043093137,3,1
130617,Pedrouços,Maia,2025-01-01,2025,1,2710477.082,14.8126355913189,2553001.728,157475.354,,0,3.0,True,0,0,0,0,0,0,0.4999999999999999,0.8660254037844387,Winter,1,Área Metropolitana do Porto,10.978172,0.0044986596,1,1
130617,Pedrouços,Maia,2025-02-01,2025,2,2332654.822,14.66251801418827,2194724.604,137930.218,,0,4.0,True,0,0,0,0,0,0,0.8660254037844386,0.5000000000000001,Winter,1,Área Metropolitana do Porto,11.164984,0.0017280664,0,0
130617,Pedrouços,Maia,2025-03-01,2025,3,2376762.653,14.681250310603644,2240310.548,136452.105,,0,5.0,True,0,0,0,0,0,0,1.0,6.123233995736766e-17,Spring,1,Área Metropolitana do Porto,11.474471,0.0025778564,0,0
130617,Pedrouços,Maia,2025-04-01,2025,4,2018127.818,14.51768131234795,1900212.412,117915.406,,0,6.0,True,0,0,0,0,0,0,0.8660254037844387,-0.4999999999999998,Spring,2,Área Metropolitana do Porto,14.506544,0.003075119,3,1
130617,Pedrouços,Maia,2025-05-01,2025,5,1948689.103,14.482667962768868,1840033.733,108655.37,,0,7.0,True,0,0,0,0,0,0,0.4999999999999999,-0.8660254037844387,Spring,2,Área Metropolitana do Porto,16.55379,0.0014004215,1,1
130617,Pedrouços,Maia,2025-06-01,2025,6,1848688.738,14.429987696397452,1734156.09,114532.648,,0,8.0,True,0,0,0,0,0,0,1.2246467991473532e-16,-1.0,Summer,2,Área Metropolitana do Porto,20.46006,0.00044758894,2,1
130617,Pedrouços,Maia,2025-07-01,2025,7,1911058.665,14.463168444608382,1784483.377,126575.288,,0,9.0,True,0,0,0,0,0,0,-0.4999999999999997,-0.8660254037844388,Summer,3,Área Metropolitana do Porto,22.512743,0.00028591312,0,0
130617,Pedrouços,Maia,2025-08-01,2025,8,1871272.138,14.44212957963619,1733386.823,137885.315,,0,10.0,True,0,0,0,0,0,0,-0.8660254037844385,-0.5000000000000004,Summer,3,Área Metropolitana do Porto,22.588182,0.00022278869,1,1
130617,Pedrouços,Maia,2025-09-01,2025,9,1905673.052,14.460346337029646,1713331.635,192341.417,,0,11.0,True,0,0,0,0,0,0,-1.0,-1.8369701987210292e-16,Autumn,3,Área Metropolitana do Porto,18.788864,0.00065270625,0,0
130617,Pedrouços,Maia,2025-10-01,2025,10,2109098.626,14.561771696846868,1881666.814,227431.812,,0,12.0,True,0,0,0,0,0,0,-0.8660254037844386,0.5000000000000001,Autumn,4,Área Metropolitana do Porto,18.06098,0.0024081091,1,1
130618,Castêlo da Maia,Maia,2024-03-01,2024,3,7019915.522,15.764261884478298,4150064.311,2869851.211,2024-03-01,1,0.0,False,1,0,1,1,0,1,1.0,6.123233995736766e-17,Spring,1,Área Metropolitana do Porto,11.834578,0.0035267796,2,1
130618,Castêlo da Maia,Maia,2024-04-01,2024,4,6058737.933,15.617012239525652,3609066.843,2449671.09,2024-03-01,1,1.0,False,0,0,0,1,0,1,0.8660254037844387,-0.4999999999999998,Spring,2,Área Metropolitana do Porto,14.830692,0.0017149671,1,1
130618,Castêlo da Maia,Maia,2024-05-01,2024,5,6024836.256999999,15.611401025689874,3572219.891,2452616.366,2024-03-01,1,2.0,False,0,0,0,1,0,1,0.4999999999999999,-0.8660254037844387,Spring,2,Área Metropolitana do Porto,15.360105,0.0014974271,2,1
130618,Castêlo da Maia,Maia,2024-06-01,2024,6,5927384.075999999,15.595093708458752,3389692.141,2537691.935,2024-03-01,1,3.0,False,0,0,0,1,0,1,1.2246467991473532e-16,-1.0,Summer,2,Área Metropolitana do Porto,18.82077,0.0012570332,1,1
130618,Castêlo da Maia,Maia,2024-07-01,2024,7,6342812.074,15.662832930530213,3599393.237,2743418.837,2024-03-01,1,4.0,False,0,0,0,1,0,1,-0.4999999999999997,-0.8660254037844388,Summer,3,Área Metropolitana do Porto,21.213348,0.0004256006,0,0
130618,Castêlo da Maia,Maia,2024-08-01,2024,8,5925115.139,15.59471084631235,3534904.38,2390210.759,2024-03-01,1,5.0,False,0,0,0,1,0,1,-0.8660254037844385,-0.5000000000000004,Summer,3,Área Metropolitana do Porto,21.76582,4.8451395e-05,1,1
130618,Castêlo da Maia,Maia,2024-09-01,2024,9,6120591.216,15.627169417127115,3485238.228,2635352.988,2024-03-01,1,6.0,False,0,0,0,1,0,1,-1.0,-1.8369701987210292e-16,Autumn,3,Área Metropolitana do Porto,18.824226,0.0017417861,0,0
130618,Castêlo da Maia,Maia,2024-10-01,2024,10,6636842.88,15.708147089175492,3782684.952,2854157.928,2024-03-01,1,7.0,False,0,0,0,1,0,1,-0.8660254037844386,0.5000000000000001,Autumn,4,Área Metropolitana do Porto,17.120594,0.0031382972,1,1
130618,Castêlo da Maia,Maia,2024-11-01,2024,11,6653767.262,15.710693908083034,3893465.906,2760301.356,2024-03-01,1,8.0,False,0,0,0,1,0,1,-0.5000000000000004,0.8660254037844384,Autumn,4,Área Metropolitana do Porto,15.336624,0.001189044,1,1
130618,Castêlo da Maia,Maia,2024-12-01,2024,12,6878503.353,15.743911795724449,4467051.156,2411452.197,2024-03-01,1,9.0,False,0,0,0,1,0,1,-2.4492935982947064e-16,1.0,Winter,4,Área Metropolitana do Porto,10.137236,0.00050313806,3,1
130618,Castêlo da Maia,Maia,2025-01-01,2025,1,7654017.710999999,15.850741389568926,4847997.63,2806020.081,2024-03-01,1,10.0,False,1,0,1,2,0,2,0.4999999999999999,0.8660254037844387,Winter,1,Área Metropolitana do Porto,10.786856,0.0049654506,1,1
130618,Castêlo da Maia,Maia,2025-02-01,2025,2,6766046.731000001,15.7274276828353,4173942.274,2592104.457,2024-03-01,1,11.0,False,0,0,0,2,0,2,0.8660254037844386,0.5000000000000001,Winter,1,Área Metropolitana do Porto,10.992876,0.0018172193,0,0
130618,Castêlo da Maia,Maia,2025-03-01,2025,3,6969015.805,15.75698471181106,4278021.894,2690993.911,2024-03-01,1,12.0,False,1,0,1,3,0,3,1.0,6.123233995736766e-17,Spring,1,Área Metropolitana do Porto,11.333668,0.0025560507,0,0
130618,Castêlo da Maia,Maia,2025-04-01,2025,4,6186302.457,15.637848286471758,3683871.93,2502430.527,2024-03-01,1,13.0,False,0,0,0,3,0,3,0.8660254037844387,-0.4999999999999998,Spring,2,Área Metropolitana do Porto,14.383118,0.003054146,3,1
130618,Castêlo da Maia,Maia,2025-05-01,2025,5,6117206.431,15.626616248226831,3612921.881,2504284.55,2024-03-01,1,14.0,False,0,0,0,3,0,3,0.4999999999999999,-0.8660254037844387,Spring,2,Área Metropolitana do Porto,16.458231,0.001352692,1,1
130618,Castêlo da Maia,Maia,2025-06-01,2025,6,6176083.343,15.636195027167334,3554506.865,2621576.478,2024-03-01,1,15.0,False,0,0,0,3,0,3,1.2246467991473532e-16,-1.0,Summer,2,Área Metropolitana do Porto,20.408844,0.00050888455,2,1
130618,Castêlo da Maia,Maia,2025-07-01,2025,7,6644327.796,15.709274236148886,3802770.582,2841557.214,2024-03-01,1,16.0,False,0,0,0,3,0,3,-0.4999999999999997,-0.8660254037844388,Summer,3,Área Metropolitana do Porto,22.449768,0.00024826385,0,0
130618,Castêlo da Maia,Maia,2025-08-01,2025,8,6209884.68,15.6416530447225,3670398.698,2539485.982,2024-03-01,1,17.0,False,0,0,0,3,0,3,-0.8660254037844385,-0.5000000000000004,Summer,3,Área Metropolitana do Porto,22.553263,0.00022383373,1,1
130618,Castêlo da Maia,Maia,2025-09-01,2025,9,6154999.198,15.63277534976966,3531251.354,2623747.844,2024-03-01,1,18.0,False,2,0,2,5,0,5,-1.0,-1.8369701987210292e-16,Autumn,3,Área Metropolitana do Porto,18.601042,0.0007126568,0,0
130618,Castêlo da Maia,Maia,2025-10-01,2025,10,6919865.243000001,15.7499069983608,3871050.273,3048814.97,2024-03-01,1,19.0,False,2,0,2,7,0,7,-0.8660254037844386,0.5000000000000001,Autumn,4,Área Metropolitana do Porto,17.813175,0.002531177,1,1
130619,Cidade da Maia,Maia,2024-11-01,2024,11,19377260.129,16.779610829826627,7566052.627,11811207.502,2024-11-01,1,0.0,False,1,0,1,1,0,1,-0.5000000000000004,0.8660254037844384,Autumn,4,Área Metropolitana do Porto,15.502607,0.0012079786,1,1
130619,Cidade da Maia,Maia,2024-12-01,2024,12,17660377.989,16.686834213215594,8935308.622,8725069.367,2024-11-01,1,1.0,False,0,0,0,1,0,1,-2.4492935982947064e-16,1.0,Winter,4,Área Metropolitana do Porto,10.392857,0.00043093137,3,1
130619,Cidade da Maia,Maia,2025-01-01,2025,1,22406906.684,16.924879848036316,9603480.867,12803425.817,2024-11-01,1,2.0,False,0,0,0,1,0,1,0.4999999999999999,0.8660254037844387,Winter,1,Área Metropolitana do Porto,10.978172,0.0044986596,1,1
130619,Cidade da Maia,Maia,2025-02-01,2025,2,20115212.199,16.816986962315575,8292160.661,11823051.538,2024-11-01,1,3.0,False,0,0,0,1,0,1,0.8660254037844386,0.5000000000000001,Winter,1,Área Metropolitana do Porto,11.164984,0.0017280664,0,0
130619,Cidade da Maia,Maia,2025-03-01,2025,3,20363014.769,16.829230860927087,8504936.715,11858078.054,2024-11-01,1,4.0,False,0,0,0,1,0,1,1.0,6.123233995736766e-17,Spring,1,Área Metropolitana do Porto,11.474471,0.0025778564,0,0
130619,Cidade da Maia,Maia,2025-04-01,2025,4,18257613.277000003,16.720092771637972,7279310.069,10978303.208,2024-11-01,1,5.0,False,0,0,0,1,0,1,0.8660254037844387,-0.4999999999999998,Spring,2,Área Metropolitana do Porto,14.506544,0.003075119,3,1
130619,Cidade da Maia,Maia,2025-05-01,2025,5,17787801.417,16.694023522894188,7150248.197,10637553.22,2024-11-01,1,6.0,False,0,0,0,1,0,1,0.4999999999999999,-0.8660254037844387,Spring,2,Área Metropolitana do Porto,16.55379,0.0014004215,1,1
130619,Cidade da Maia,Maia,2025-06-01,2025,6,18286078.49,16.721650644738514,6954923.257,11331155.233,2024-11-01,1,7.0,False,0,0,0,1,0,1,1.2246467991473532e-16,-1.0,Summer,2,Área Metropolitana do Porto,20.46006,0.00044758894,2,1
130619,Cidade da Maia,Maia,2025-07-01,2025,7,20753734.075,16.84823679205673,7335074.236,13418659.839,2024-11-01,1,8.0,False,0,0,0,1,0,1,-0.4999999999999997,-0.8660254037844388,Summer,3,Área Metropolitana do Porto,22.512743,0.00028591312,0,0
130619,Cidade da Maia,Maia,2025-08-01,2025,8,16757291.919,16.634344119626334,6993125.178,9764166.741,2024-11-01,1,9.0,False,1,0,1,2,0,2,-0.8660254037844385,-0.5000000000000004,Summer,3,Área Metropolitana do Porto,22.588182,0.00022278869,1,1
130619,Cidade da Maia,Maia,2025-09-01,2025,9,20565247.022,16.839113219967807,6820381.492,13744865.53,2024-11-01,1,10.0,False,0,0,0,2,0,2,-1.0,-1.8369701987210292e-16,Autumn,3,Área Metropolitana do Porto,18.788864,0.00065270625,0,0
130619,Cidade da Maia,Maia,2025-10-01,2025,10,21834908.971,16.899020621742395,7456898.954,14378010.017,2024-11-01,1,11.0,False,0,0,0,2,0,2,-0.8660254037844386,0.5000000000000001,Autumn,4,Área Metropolitana do Porto,18.06098,0.0024081091,1,1
130620,Nogueira e Silva Escura,Maia,2024-10-01,2024,10,3255547.449,14.99587131374767,1534407.929,1721139.52,,0,0.0,True,0,0,0,0,0,0,-0.8660254037844386,0.5000000000000001,Autumn,4,Área Metropolitana do Porto,17.282017,0.0028098521,1,1
130620,Nogueira e Silva Escura,Maia,2024-11-01,2024,11,3321658.446,15.01597504915023,1576317.836,1745340.61,,0,1.0,True,0,0,0,0,0,0,-0.5000000000000004,0.8660254037844384,Autumn,4,Área Metropolitana do Porto,15.502607,0.0012079786,1,1
130620,Nogueira e Silva Escura,Maia,2024-12-01,2024,12,3151035.574,14.963242027780904,1843319.639,1307715.935,,0,2.0,True,0,0,0,0,0,0,-2.4492935982947064e-16,1.0,Winter,4,Área Metropolitana do Porto,10.392857,0.00043093137,3,1
130620,Nogueira e Silva Escura,Maia,2025-01-01,2025,1,3788186.861,15.14739832577538,2005680.331,1782506.53,,0,3.0,True,0,0,0,0,0,0,0.4999999999999999,0.8660254037844387,Winter,1,Área Metropolitana do Porto,10.978172,0.0044986596,1,1
130620,Nogueira e Silva Escura,Maia,2025-02-01,2025,2,3443300.503,15.05194130833852,1723819.675,1719480.828,,0,4.0,True,0,0,0,0,0,0,0.8660254037844386,0.5000000000000001,Winter,1,Área Metropolitana do Porto,11.164984,0.0017280664,0,0
130620,Nogueira e Silva Escura,Maia,2025-03-01,2025,3,3492793.744,15.06621275996679,1749535.356,1743258.388,,0,5.0,True,0,0,0,0,0,0,1.0,6.123233995736766e-17,Spring,1,Área Metropolitana do Porto,11.474471,0.0025778564,0,0
130620,Nogueira e Silva Escura,Maia,2025-04-01,2025,4,3029014.89,14.923748335951377,1490590.101,1538424.789,,0,6.0,True,0,0,0,0,0,0,0.8660254037844387,-0.4999999999999998,Spring,2,Área Metropolitana do Porto,14.506544,0.003075119,3,1
130620,Nogueira e Silva Escura,Maia,2025-05-01,2025,5,3001735.155,14.91470139757284,1457994.184,1543740.971,,0,7.0,True,0,0,0,0,0,0,0.4999999999999999,-0.8660254037844387,Spring,2,Área Metropolitana do Porto,16.55379,0.0014004215,1,1
130620,Nogueira e Silva Escura,Maia,2025-06-01,2025,6,2835852.449,14.857853490052117,1425967.727,1409884.722,,0,8.0,True,0,0,0,0,0,0,1.2246467991473532e-16,-1.0,Summer,2,Área Metropolitana do Porto,20.46006,0.00044758894,2,1
130620,Nogueira e Silva Escura,Maia,2025-07-01,2025,7,3161296.398,14.966493070290053,1508224.045,1653072.353,,0,9.0,True,0,0,0,0,0,0,-0.4999999999999997,-0.8660254037844388,Summer,3,Área Metropolitana do Porto,22.512743,0.00028591312,0,0
130620,Nogueira e Silva Escura,Maia,2025-08-01,2025,8,2322796.738,14.658282938654864,1455866.834,866929.904,,0,10.0,True,0,0,0,0,0,0,-0.8660254037844385,-0.5000000000000004,Summer,3,Área Metropolitana do Porto,22.588182,0.00022278869,1,1
130620,Nogueira e Silva Escura,Maia,2025-09-01,2025,9,3126729.6390000004,14.955498492339531,1418442.424,1708287.215,,0,11.0,True,0,0,0,0,0,0,-1.0,-1.8369701987210292e-16,Autumn,3,Área Metropolitana do Porto,18.788864,0.00065270625,0,0
130620,Nogueira e Silva Escura,Maia,2025-10-01,2025,10,3547734.222,15.081819992231129,1558415.502,1989318.72,,0,12.0,True,0,0,0,0,0,0,-0.8660254037844386,0.5000000000000001,Autumn,4,Área Metropolitana do Porto,18.06098,0.0024081091,1,1
131001,Aguiar de Sousa,Paredes,2024-10-01,2024,10,281449.587,12.547712176517996,231905.06,49544.527,,0,0.0,True,0,0,0,0,0,0,-0.8660254037844386,0.5000000000000001,Autumn,4,Área Metropolitana do Porto,16.589342,0.0034866836,1,1
131001,Aguiar de Sousa,Paredes,2024-11-01,2024,11,285857.52400000003,12.563252296083093,239622.382,46235.142,,0,1.0,True,0,0,0,0,0,0,-0.5000000000000004,0.8660254037844384,Autumn,4,Área Metropolitana do Porto,14.683423,0.0014508868,1,1
131001,Aguiar de Sousa,Paredes,2024-12-01,2024,12,335381.941,12.723028265420025,291707.31,43674.631,,0,2.0,True,0,0,0,0,0,0,-2.4492935982947064e-16,1.0,Winter,4,Área Metropolitana do Porto,9.097525,0.0004370539,3,1
131001,Aguiar de Sousa,Paredes,2025-01-01,2025,1,345193.128,12.751862227617996,301612.617,43580.511,,0,3.0,True,0,0,0,0,0,0,0.4999999999999999,0.8660254037844387,Winter,1,Área Metropolitana do Porto,10.010659,0.0049823145,1,1
131001,Aguiar de Sousa,Paredes,2025-02-01,2025,2,295134.359,12.595189374153003,255961.047,39173.312,,0,4.0,True,0,0,0,0,0,0,0.8660254037844386,0.5000000000000001,Winter,1,Área Metropolitana do Porto,10.380714,0.001611355,0,0
131001,Aguiar de Sousa,Paredes,2025-03-01,2025,3,305675.412,12.630282344286911,261814.396,43861.016,,0,5.0,True,0,0,0,0,0,0,1.0,6.123233995736766e-17,Spring,1,Área Metropolitana do Porto,10.815601,0.002988163,0,0
131001,Aguiar de Sousa,Paredes,2025-04-01,2025,4,270395.034,12.507642955883618,229595.573,40799.461,,0,6.0,True,0,0,0,0,0,0,0.8660254037844387,-0.4999999999999998,Spring,2,Área Metropolitana do Porto,13.947156,0.0033739225,3,1
131001,Aguiar de Sousa,Paredes,2025-05-01,2025,5,273355.31200000003,12.518531395331468,229615.29,43740.022,,0,7.0,True,0,0,0,0,0,0,0.4999999999999999,-0.8660254037844387,Spring,2,Área Metropolitana do Porto,16.34677,0.001641082,1,1
131001,Aguiar de Sousa,Paredes,2025-06-01,2025,6,269871.837,12.505706152963311,228275.426,41596.411,,0,8.0,True,0,0,0,0,0,0,1.2246467991473532e-16,-1.0,Summer,2,Área Metropolitana do Porto,20.832098,0.00048039563,2,1
131001,Aguiar de Sousa,Paredes,2025-07-01,2025,7,290037.08,12.577767503687037,246051.944,43985.136,,0,9.0,True,0,0,0,0,0,0,-0.4999999999999997,-0.8660254037844388,Summer,3,Área Metropolitana do Porto,22.85307,0.0003343106,0,0
131001,Aguiar de Sousa,Paredes,2025-08-01,2025,8,285189.999,12.560914406715684,242809.687,42380.312,,0,10.0,True,0,0,0,0,0,0,-0.8660254037844385,-0.5000000000000004,Summer,3,Área Metropolitana do Porto,23.316282,0.00027190088,1,1
131001,Aguiar de Sousa,Paredes,2025-09-01,2025,9,269495.947,12.504312340881125,225111.966,44383.981,,0,11.0,True,0,0,0,0,0,0,-1.0,-1.8369701987210292e-16,Autumn,3,Área Metropolitana do Porto,18.435316,0.0007462717,0,0
131001,Aguiar de Sousa,Paredes,2025-10-01,2025,10,288729.211,12.573248005136293,244188.729,44540.482,,0,12.0,True,0,0,0,0,0,0,-0.8660254037844386,0.5000000000000001,Autumn,4,Área Metropolitana do Porto,17.909124,0.0027812526,1,1
131002,Astromil,Paredes,2024-09-01,2024,9,198564.574,12.198874672163678,148069.539,50495.035,,0,0.0,True,0,0,0,0,0,0,-1.0,-1.8369701987210292e-16,Autumn,3,Área Metropolitana do Porto,18.409624,0.0020373198,0,0
131002,Astromil,Paredes,2024-10-01,2024,10,223606.021,12.317645419591226,163940.268,59665.753,,0,1.0,True,0,0,0,0,0,0,-0.8660254037844386,0.5000000000000001,Autumn,4,Área Metropolitana do Porto,16.22968,0.0033271178,1,1
131002,Astromil,Paredes,2024-11-01,2024,11,220601.393,12.304117233430826,169213.778,51387.615,,0,2.0,True,0,0,0,0,0,0,-0.5000000000000004,0.8660254037844384,Autumn,4,Área Metropolitana do Porto,14.259426,0.0013994919,1,1
131002,Astromil,Paredes,2024-12-01,2024,12,240500.994,12.390483659553873,201962.364,38538.63,,0,3.0,True,0,0,0,0,0,0,-2.4492935982947064e-16,1.0,Winter,4,Área Metropolitana do Porto,8.743335,0.00047791091,3,1
131002,Astromil,Paredes,2025-01-01,2025,1,269123.748,12.502930298298368,219436.876,49686.872,,0,4.0,True,0,0,0,0,0,0,0.4999999999999999,0.8660254037844387,Winter,1,Área Metropolitana do Porto,9.6608,0.004971073,1,1
131002,Astromil,Paredes,2025-02-01,2025,2,232455.047,12.356456440976968,185666.991,46788.056,,0,5.0,True,0,0,0,0,0,0,0.8660254037844386,0.5000000000000001,Winter,1,Área Metropolitana do Porto,10.001578,0.0016172507,0,0
131002,Astromil,Paredes,2025-03-01,2025,3,239484.558,12.386248393388646,189187.969,50296.589,,0,6.0,True,0,0,0,0,0,0,1.0,6.123233995736766e-17,Spring,1,Área Metropolitana do Porto,10.351887,0.0027559944,0,0
131002,Astromil,Paredes,2025-04-01,2025,4,203535.54,12.223600825485782,160388.522,43147.018,,0,7.0,True,0,0,0,0,0,0,0.8660254037844387,-0.4999999999999998,Spring,2,Área Metropolitana do Porto,13.523417,0.003280214,3,1
131002,Astromil,Paredes,2025-05-01,2025,5,201209.02,12.212104517160526,157793.329,43415.691,,0,8.0,True,0,0,0,0,0,0,0.4999999999999999,-0.8660254037844387,Spring,2,Área Metropolitana do Porto,15.952004,0.0014791833,1,1
131002,Astromil,Paredes,2025-06-01,2025,6,198581.642,12.19896062496076,159052.202,39529.44,,0,9.0,True,0,0,0,0,0,0,1.2246467991473532e-16,-1.0,Summer,2,Área Metropolitana do Porto,20.594307,0.00053634,2,1
131002,Astromil,Paredes,2025-07-01,2025,7,219318.947,12.298286887861927,175648.0,43670.947,,0,10.0,True,0,0,0,0,0,0,-0.4999999999999997,-0.8660254037844388,Summer,3,Área Metropolitana do Porto,22.635532,0.00031817265,0,0
131002,Astromil,Paredes,2025-08-01,2025,8,201582.215,12.213957552784562,170450.022,31132.193,,0,11.0,True,0,0,0,0,0,0,-0.8660254037844385,-0.5000000000000004,Summer,3,Área Metropolitana do Porto,23.075209,0.00028469297,1,1
131002,Astromil,Paredes,2025-09-01,2025,9,195972.276,12.18573358197779,155931.849,40040.427,,0,12.0,True,0,0,0,0,0,0,-1.0,-1.8369701987210292e-16,Autumn,3,Área Metropolitana do Porto,18.123695,0.0007252087,0,0
131003,Baltar,Paredes,2024-10-01,2024,10,1010027.546,13.825489151784378,742499.999,267527.547,,0,0.0,True,0,0,0,0,0,0,-0.8660254037844386,0.5000000000000001,Autumn,4,Área Metropolitana do Porto,16.22968,0.0033271178,1,1
131003,Baltar,Paredes,2024-11-01,2024,11,1022577.721,13.837838152688668,779353.004,243224.717,,0,1.0,True,0,0,0,0,0,0,-0.5000000000000004,0.8660254037844384,Autumn,4,Área Metropolitana do Porto,14.259426,0.0013994919,1,1
131003,Baltar,Paredes,2024-12-01,2024,12,1172014.242,13.974235254153983,946903.908,225110.334,,0,2.0,True,0,0,0,0,0,0,-2.4492935982947064e-16,1.0,Winter,4,Área Metropolitana do Porto,8.743335,0.00047791091,3,1
131003,Baltar,Paredes,2025-01-01,2025,1,1282408.09,14.064250968524348,1017455.185,264952.905,,0,3.0,True,0,0,0,0,0,0,0.4999999999999999,0.8660254037844387,Winter,1,Área Metropolitana do Porto,9.6608,0.004971073,1,1
131003,Baltar,Paredes,2025-02-01,2025,2,1113953.462,13.923426820716427,871341.153,242612.309,,0,4.0,True,0,0,0,0,0,0,0.8660254037844386,0.5000000000000001,Winter,1,Área Metropolitana do Porto,10.001578,0.0016172507,0,0
131003,Baltar,Paredes,2025-03-01,2025,3,1120803.191,13.929557013291303,882809.893,237993.298,,0,5.0,True,0,0,0,0,0,0,1.0,6.123233995736766e-17,Spring,1,Área Metropolitana do Porto,10.351887,0.0027559944,0,0
131003,Baltar,Paredes,2025-04-01,2025,4,947105.754,13.761167094431508,742133.934,204971.82,,0,6.0,True,0,0,0,0,0,0,0.8660254037844387,-0.4999999999999998,Spring,2,Área Metropolitana do Porto,13.523417,0.003280214,3,1
131003,Baltar,Paredes,2025-05-01,2025,5,903919.533,13.714496729536906,713905.413,190014.12,,0,7.0,True,0,0,0,0,0,0,0.4999999999999999,-0.8660254037844387,Spring,2,Área Metropolitana do Porto,15.952004,0.0014791833,1,1
131003,Baltar,Paredes,2025-06-01,2025,6,918760.349,13.73078168208595,703591.834,215168.515,,0,8.0,True,0,0,0,0,0,0,1.2246467991473532e-16,-1.0,Summer,2,Área Metropolitana do Porto,20.594307,0.00053634,2,1
131003,Baltar,Paredes,2025-07-01,2025,7,981083.867,13.796414245509029,765126.059,215957.808,,0,9.0,True,0,0,0,0,0,0,-0.4999999999999997,-0.8660254037844388,Summer,3,Área Metropolitana do Porto,22.635532,0.00031817265,0,0
131003,Baltar,Paredes,2025-08-01,2025,8,917651.839,13.729574427053969,748874.903,168776.936,,0,10.0,True,0,0,0,0,0,0,-0.8660254037844385,-0.5000000000000004,Summer,3,Área Metropolitana do Porto,23.075209,0.00028469297,1,1
131003,Baltar,Paredes,2025-09-01,2025,9,887202.448,13.695829601394871,678225.291,208977.157,,0,11.0,True,0,0,0,0,0,0,-1.0,-1.8369701987210292e-16,Autumn,3,Área Metropolitana do Porto,18.123695,0.0007252087,0,0
131003,Baltar,Paredes,2025-10-01,2025,10,1004013.771,13.819517291276984,746642.73,257371.041,,0,12.0,True,0,0,0,0,0,0,-0.8660254037844386,0.5000000000000001,Autumn,4,Área Metropolitana do Porto,17.480125,0.0027192943,1,1
131004,Beire,Paredes,2024-10-01,2024,10,445683.96700000006,13.00736762940014,272169.818,173514.149,,0,0.0,True,0,0,0,0,0,0,-0.8660254037844386,0.5000000000000001,Autumn,4,Área Metropolitana do Porto,16.07013,0.003516554,1,1
131004,Beire,Paredes,2024-11-01,2024,11,478709.114,13.078850503212555,288358.397,190350.717,,0,1.0,True,0,0,0,0,0,0,-0.5000000000000004,0.8660254037844384,Autumn,4,Área Metropolitana do Porto,13.9575,0.0014782802,1,1
131004,Beire,Paredes,2024-12-01,2024,12,518969.357,13.159602044909931,360981.524,157987.833,,0,2.0,True,0,0,0,0,0,0,-2.4492935982947064e-16,1.0,Winter,4,Área Metropolitana do Porto,8.251841,0.00048775942,3,1
131004,Beire,Paredes,2025-01-01,2025,1,584250.796,13.27808732642291,390828.795,193422.001,,0,3.0,True,0,0,0,0,0,0,0.4999999999999999,0.8660254037844387,Winter,1,Área Metropolitana do Porto,9.285685,0.0051116734,1,1
131004,Beire,Paredes,2025-02-01,2025,2,499092.331,13.120548393316737,326590.654,172501.677,,0,4.0,True,0,0,0,0,0,0,0.8660254037844386,0.5000000000000001,Winter,1,Área Metropolitana do Porto,9.741902,0.0015476311,0,0
131004,Beire,Paredes,2025-03-01,2025,3,489112.7,13.10035025676693,324822.74,164289.96,,0,5.0,True,0,0,0,0,0,0,1.0,6.123233995736766e-17,Spring,1,Área Metropolitana do Porto,10.17689,0.0028407648,0,0
131004,Beire,Paredes,2025-04-01,2025,4,392522.041,12.880350517666349,274667.951,117854.09,,0,6.0,True,0,0,0,0,0,0,0.8660254037844387,-0.4999999999999998,Spring,2,Área Metropolitana do Porto,13.425151,0.0033248088,3,1
131004,Beire,Paredes,2025-05-01,2025,5,388581.947,12.870261931792228,277781.417,110800.53,,0,7.0,True,0,0,0,0,0,0,0.4999999999999999,-0.8660254037844387,Spring,2,Área Metropolitana do Porto,16.017515,0.0015080208,1,1
131004,Beire,Paredes,2025-06-01,2025,6,402819.105,12.906245351689169,296813.497,106005.608,,0,8.0,True,0,0,0,0,0,0,1.2246467991473532e-16,-1.0,Summer,2,Área Metropolitana do Porto,20.908125,0.00056706177,2,1
131004,Beire,Paredes,2025-07-01,2025,7,428330.654,12.967653067013094,333264.648,95066.006,,0,9.0,True,0,0,0,0,0,0,-0.4999999999999997,-0.8660254037844388,Summer,3,Área Metropolitana do Porto,22.897678,0.0003213325,0,0
131004,Beire,Paredes,2025-08-01,2025,8,378612.489,12.844271145754476,316804.814,61807.675,,0,10.0,True,0,0,0,0,0,0,-0.8660254037844385,-0.5000000000000004,Summer,3,Área Metropolitana do Porto,23.460073,0.0003049052,1,1
131004,Beire,Paredes,2025-09-01,2025,9,394032.657,12.884191608489528,274504.604,119528.053,,0,11.0,True,0,0,0,0,0,0,-1.0,-1.8369701987210292e-16,Autumn,3,Área Metropolitana do Porto,18.068604,0.00074336526,0,0
131004,Beire,Paredes,2025-10-01,2025,10,449501.155,13.015895927098116,293489.4,156011.755,,0,12.0,True,0,0,0,0,0,0,-0.8660254037844386,0.5000000000000001,Autumn,4,Área Metropolitana do Porto,17.419785,0.0028162797,1,1
131008,Cete,Paredes,2024-08-01,2024,8,477435.625,13.07618670758142,477435.625,0.0,,0,0.0,True,0,0,0,0,0,0,-0.8660254037844385,-0.5000000000000004,Summer,3,Área Metropolitana do Porto,22.169651,7.434435e-05,1,1
131008,Cete,Paredes,2024-09-01,2024,9,470188.516,13.060891117944587,470188.516,0.0,,0,1.0,True,0,0,0,0,0,0,-1.0,-1.8369701987210292e-16,Autumn,3,Área Metropolitana do Porto,18.409624,0.0020373198,0,0
131008,Cete,Paredes,2024-10-01,2024,10,510529.113,13.143204902114562,510529.113,0.0,,0,2.0,True,0,0,0,0,0,0,-0.8660254037844386,0.5000000000000001,Autumn,4,Área Metropolitana do Porto,16.22968,0.0033271178,1,1
131008,Cete,Paredes,2024-11-01,2024,11,537957.096,13.19553594763462,537957.096,0.0,,0,3.0,True,0,0,0,0,0,0,-0.5000000000000004,0.8660254037844384,Autumn,4,Área Metropolitana do Porto,14.259426,0.0013994919,1,1
131008,Cete,Paredes,2024-12-01,2024,12,651857.938,13.38758346474042,651857.938,0.0,,0,4.0,True,0,0,0,0,0,0,-2.4492935982947064e-16,1.0,Winter,4,Área Metropolitana do Porto,8.743335,0.00047791091,3,1
131008,Cete,Paredes,2025-01-01,2025,1,695215.77,13.451978975197036,695215.77,0.0,,0,5.0,True,0,0,0,0,0,0,0.4999999999999999,0.8660254037844387,Winter,1,Área Metropolitana do Porto,9.6608,0.004971073,1,1
131008,Cete,Paredes,2025-02-01,2025,2,590434.466,13.288615621602412,590434.466,0.0,,0,6.0,True,0,0,0,0,0,0,0.8660254037844386,0.5000000000000001,Winter,1,Área Metropolitana do Porto,10.001578,0.0016172507,0,0
131008,Cete,Paredes,2025-03-01,2025,3,589335.113,13.286751950129451,589335.113,0.0,,0,7.0,True,0,0,0,0,0,0,1.0,6.123233995736766e-17,Spring,1,Área Metropolitana do Porto,10.351887,0.0027559944,0,0
131008,Cete,Paredes,2025-04-01,2025,4,495877.629,13.11408647616646,495877.629,0.0,,0,8.0,True,0,0,0,0,0,0,0.8660254037844387,-0.4999999999999998,Spring,2,Área Metropolitana do Porto,13.523417,0.003280214,3,1
131008,Cete,Paredes,2025-05-01,2025,5,493817.715,13.10992375513453,493817.715,0.0,,0,9.0,True,0,0,0,0,0,0,0.4999999999999999,-0.8660254037844387,Spring,2,Área Metropolitana do Porto,15.952004,0.0014791833,1,1
131008,Cete,Paredes,2025-06-01,2025,6,496471.948,13.115284275585196,496471.948,0.0,,0,10.0,True,0,0,0,0,0,0,1.2246467991473532e-16,-1.0,Summer,2,Área Metropolitana do Porto,20.594307,0.00053634,2,1
131008,Cete,Paredes,2025-07-01,2025,7,542333.899,13.20363898443732,542333.899,0.0,,0,11.0,True,0,0,0,0,0,0,-0.4999999999999997,-0.8660254037844388,Summer,3,Área Metropolitana do Porto,22.635532,0.00031817265,0,0
131008,Cete,Paredes,2025-08-01,2025,8,517203.741,13.156194092504492,517203.741,0.0,,0,12.0,True,0,0,0,0,0,0,-0.8660254037844385,-0.5000000000000004,Summer,3,Área Metropolitana do Porto,23.075209,0.00028469297,1,1
131009,Cristelo,Paredes,2024-10-01,2024,10,382851.63,12.855405416048823,287394.281,95457.349,,0,0.0,True,0,0,0,0,0,0,-0.8660254037844386,0.5000000000000001,Autumn,4,Área Metropolitana do Porto,16.22968,0.0033271178,1,1
131009,Cristelo,Paredes,2024-11-01,2024,11,400061.993,12.899377296191052,303980.109,96081.884,,0,1.0,True,0,0,0,0,0,0,-0.5000000000000004,0.8660254037844384,Autumn,4,Área Metropolitana do Porto,14.259426,0.0013994919,1,1
131009,Cristelo,Paredes,2024-12-01,2024,12,454124.195,13.026128198920604,366140.563,87983.632,,0,2.0,True,0,0,0,0,0,0,-2.4492935982947064e-16,1.0,Winter,4,Área Metropolitana do Porto,8.743335,0.00047791091,3,1
131009,Cristelo,Paredes,2025-01-01,2025,1,504865.53,13.132049376295178,401867.142,102998.388,,0,3.0,True,0,0,0,0,0,0,0.4999999999999999,0.8660254037844387,Winter,1,Área Metropolitana do Porto,9.6608,0.004971073,1,1
131009,Cristelo,Paredes,2025-02-01,2025,2,440029.715,12.994599810276243,345425.39,94604.325,,0,4.0,True,0,0,0,0,0,0,0.8660254037844386,0.5000000000000001,Winter,1,Área Metropolitana do Porto,10.001578,0.0016172507,0,0
131009,Cristelo,Paredes,2025-03-01,2025,3,445579.026,13.007132141635426,347750.094,97828.932,,0,5.0,True,0,0,0,0,0,0,1.0,6.123233995736766e-17,Spring,1,Área Metropolitana do Porto,10.351887,0.0027559944,0,0
131009,Cristelo,Paredes,2025-04-01,2025,4,370555.722,12.822761807816772,286374.735,84180.987,,0,6.0,True,0,0,0,0,0,0,0.8660254037844387,-0.4999999999999998,Spring,2,Área Metropolitana do Porto,13.523417,0.003280214,3,1
131009,Cristelo,Paredes,2025-05-01,2025,5,356651.796,12.784518027294128,279051.718,77600.078,,0,7.0,True,0,0,0,0,0,0,0.4999999999999999,-0.8660254037844387,Spring,2,Área Metropolitana do Porto,15.952004,0.0014791833,1,1
131009,Cristelo,Paredes,2025-06-01,2025,6,353365.607,12.77526134374107,274766.583,78599.024,,0,8.0,True,0,0,0,0,0,0,1.2246467991473532e-16,-1.0,Summer,2,Área Metropolitana do Porto,20.594307,0.00053634,2,1
131009,Cristelo,Paredes,2025-07-01,2025,7,386249.846,12.864242297482956,295716.709,90533.137,,0,9.0,True,0,0,0,0,0,0,-0.4999999999999997,-0.8660254037844388,Summer,3,Área Metropolitana do Porto,22.635532,0.00031817265,0,0
131009,Cristelo,Paredes,2025-08-01,2025,8,369982.045,12.821212459246116,287191.368,82790.677,,0,10.0,True,0,0,0,0,0,0,-0.8660254037844385,-0.5000000000000004,Summer,3,Área Metropolitana do Porto,23.075209,0.00028469297,1,1
131009,Cristelo,Paredes,2025-09-01,2025,9,351392.777,12.769662745414978,266277.66,85115.117,,0,11.0,True,0,0,0,0,0,0,-1.0,-1.8369701987210292e-16,Autumn,3,Área Metropolitana do Porto,18.123695,0.0007252087,0,0
131009,Cristelo,Paredes,2025-10-01,2025,10,401985.076,12.904172730185367,298457.258,103527.818,,0,12.0,True,0,0,0,0,0,0,-0.8660254037844386,0.5000000000000001,Autumn,4,Área Metropolitana do Porto,17.480125,0.0027192943,1,1
131010,Duas Igrejas,Paredes,2024-10-01,2024,10,510434.482,13.14301952662153,468070.668,42363.814,,0,0.0,True,0,0,0,0,0,0,-0.8660254037844386,0.5000000000000001,Autumn,4,Área Metropolitana do Porto,16.22968,0.0033271178,1,1
131010,Duas Igrejas,Paredes,2024-11-01,2024,11,541472.058,13.202048589799428,500543.072,40928.986,,0,1.0,True,0,0,0,0,0,0,-0.5000000000000004,0.8660254037844384,Autumn,4,Área Metropolitana do Porto,14.259426,0.0013994919,1,1
131010,Duas Igrejas,Paredes,2024-12-01,2024,12,649807.6680000001,13.38443324161724,608409.202,41398.466,,0,2.0,True,0,0,0,0,0,0,-2.4492935982947064e-16,1.0,Winter,4,Área Metropolitana do Porto,8.743335,0.00047791091,3,1
131010,Duas Igrejas,Paredes,2025-01-01,2025,1,690567.718,13.445270766068772,643812.948,46754.77,,0,3.0,True,0,0,0,0,0,0,0.4999999999999999,0.8660254037844387,Winter,1,Área Metropolitana do Porto,9.6608,0.004971073,1,1
131010,Duas Igrejas,Paredes,2025-02-01,2025,2,595191.3620000001,13.29663992975739,551368.719,43822.643,,0,4.0,True,0,0,0,0,0,0,0.8660254037844386,0.5000000000000001,Winter,1,Área Metropolitana do Porto,10.001578,0.0016172507,0,0
131010,Duas Igrejas,Paredes,2025-03-01,2025,3,600864.85,13.306126977287516,557444.102,43420.748,,0,5.0,True,0,0,0,0,0,0,1.0,6.123233995736766e-17,Spring,1,Área Metropolitana do Porto,10.351887,0.0027559944,0,0
131010,Duas Igrejas,Paredes,2025-04-01,2025,4,505529.105,13.133362870565485,468451.333,37077.772,,0,6.0,True,0,0,0,0,0,0,0.8660254037844387,-0.4999999999999998,Spring,2,Área Metropolitana do Porto,13.523417,0.003280214,3,1
131010,Duas Igrejas,Paredes,2025-05-01,2025,5,481670.061,13.085016714002334,441887.608,39782.453,,0,7.0,True,0,0,0,0,0,0,0.4999999999999999,-0.8660254037844387,Spring,2,Área Metropolitana do Porto,15.952004,0.0014791833,1,1
131010,Duas Igrejas,Paredes,2025-06-01,2025,6,468878.693,13.058101496398349,429388.912,39489.781,,0,8.0,True,0,0,0,0,0,0,1.2246467991473532e-16,-1.0,Summer,2,Área Metropolitana do Porto,20.594307,0.00053634,2,1
131010,Duas Igrejas,Paredes,2025-07-01,2025,7,514199.692,13.150368919592871,472284.7,41914.992,,0,9.0,True,0,0,0,0,0,0,-0.4999999999999997,-0.8660254037844388,Summer,3,Área Metropolitana do Porto,22.635532,0.00031817265,0,0
131010,Duas Igrejas,Paredes,2025-08-01,2025,8,488420.429,13.098933896177542,452174.653,36245.776,,0,10.0,True,0,0,0,0,0,0,-0.8660254037844385,-0.5000000000000004,Summer,3,Área Metropolitana do Porto,23.075209,0.00028469297,1,1
131010,Duas Igrejas,Paredes,2025-09-01,2025,9,457307.258,13.033112967650604,418779.759,38527.499,,0,11.0,True,0,0,0,0,0,0,-1.0,-1.8369701987210292e-16,Autumn,3,Área Metropolitana do Porto,18.123695,0.0007252087,0,0
131010,Duas Igrejas,Paredes,2025-10-01,2025,10,532557.498,13.185448025931116,486042.158,46515.34,,0,12.0,True,0,0,0,0,0,0,-0.8660254037844386,0.5000000000000001,Autumn,4,Área Metropolitana do Porto,17.480125,0.0027192943,1,1
131011,Gandra,Paredes,2024-10-01,2024,10,3138933.4510000004,14.95939395347799,1470767.412,1668166.039,,0,0.0,True,0,0,0,0,0,0,-0.8660254037844386,0.5000000000000001,Autumn,4,Área Metropolitana do Porto,16.22968,0.0033271178,1,1
131011,Gandra,Paredes,2024-11-01,2024,11,3092749.311,14.94457132128283,1511467.445,1581281.866,,0,1.0,True,0,0,0,0,0,0,-0.5000000000000004,0.8660254037844384,Autumn,4,Área Metropolitana do Porto,14.259426,0.0013994919,1,1
131011,Gandra,Paredes,2024-12-01,2024,12,3101299.88,14.947332220141352,1723578.717,1377721.163,,0,2.0,True,0,0,0,0,0,0,-2.4492935982947064e-16,1.0,Winter,4,Área Metropolitana do Porto,8.743335,0.00047791091,3,1
131011,Gandra,Paredes,2025-01-01,2025,1,3544168.453,15.080814403615973,1866992.008,1677176.445,,0,3.0,True,0,0,0,0,0,0,0.4999999999999999,0.8660254037844387,Winter,1,Área Metropolitana do Porto,9.6608,0.004971073,1,1
131011,Gandra,Paredes,2025-02-01,2025,2,3174524.247,14.970668650624493,1619672.709,1554851.538,,0,4.0,True,0,0,0,0,0,0,0.8660254037844386,0.5000000000000001,Winter,1,Área Metropolitana do Porto,10.001578,0.0016172507,0,0
131011,Gandra,Paredes,2025-03-01,2025,3,3231385.301,14.988421798476894,1658907.541,1572477.76,,0,5.0,True,0,0,0,0,0,0,1.0,6.123233995736766e-17,Spring,1,Área Metropolitana do Porto,10.351887,0.0027559944,0,0
131011,Gandra,Paredes,2025-04-01,2025,4,2757052.706,14.829673169685629,1401336.778,1355715.928,,0,6.0,True,0,0,0,0,0,0,0.8660254037844387,-0.4999999999999998,Spring,2,Área Metropolitana do Porto,13.523417,0.003280214,3,1
131011,Gandra,Paredes,2025-05-01,2025,5,2733230.157,14.820995041282297,1381733.245,1351496.912,,0,7.0,True,0,0,0,0,0,0,0.4999999999999999,-0.8660254037844387,Spring,2,Área Metropolitana do Porto,15.952004,0.0014791833,1,1
131011,Gandra,Paredes,2025-06-01,2025,6,2712715.921,14.813461244508929,1392157.935,1320557.986,,0,8.0,True,0,0,0,0,0,0,1.2246467991473532e-16,-1.0,Summer,2,Área Metropolitana do Porto,20.594307,0.00053634,2,1
131011,Gandra,Paredes,2025-07-01,2025,7,2851438.043,14.863334352180326,1512003.398,1339434.645,,0,9.0,True,0,0,0,0,0,0,-0.4999999999999997,-0.8660254037844388,Summer,3,Área Metropolitana do Porto,22.635532,0.00031817265,0,0
131011,Gandra,Paredes,2025-08-01,2025,8,2509331.99,14.735527534756704,1436145.592,1073186.398,,0,10.0,True,0,0,0,0,0,0,-0.8660254037844385,-0.5000000000000004,Summer,3,Área Metropolitana do Porto,23.075209,0.00028469297,1,1
131011,Gandra,Paredes,2025-09-01,2025,9,2832275.352,14.856591310955846,1357635.61,1474639.742,,0,11.0,True,0,0,0,0,0,0,-1.0,-1.8369701987210292e-16,Autumn,3,Área Metropolitana do Porto,18.123695,0.0007252087,0,0
131011,Gandra,Paredes,2025-10-01,2025,10,3187857.724,14.974860002979316,1509719.048,1678138.676,,0,12.0,True,0,0,0,0,0,0,-0.8660254037844386,0.5000000000000001,Autumn,4,Área Metropolitana do Porto,17.480125,0.0027192943,1,1
131013,Lordelo,Paredes,2024-10-01,2024,10,2815942.034,14.850807766652045,11395.398,2804546.636,,0,0.0,True,0,0,0,0,0,0,-0.8660254037844386,0.5000000000000001,Autumn,4,Área Metropolitana do Porto,16.22968,0.0033271178,1,1
131013,Lordelo,Paredes,2024-11-01,2024,11,2809804.747,14.8486259097389,11359.284,2798445.463,,0,1.0,True,0,0,0,0,0,0,-0.5000000000000004,0.8660254037844384,Autumn,4,Área Metropolitana do Porto,14.259426,0.0013994919,1,1
131013,Lordelo,Paredes,2024-12-01,2024,12,3022229.102,14.921505561206018,13474.435,3008754.667,,0,2.0,True,0,0,0,0,0,0,-2.4492935982947064e-16,1.0,Winter,4,Área Metropolitana do Porto,8.743335,0.00047791091,3,1
131013,Lordelo,Paredes,2025-01-01,2025,1,3415816.048,15.043927275079302,14437.045,3401379.003,,0,3.0,True,0,0,0,0,0,0,0.4999999999999999,0.8660254037844387,Winter,1,Área Metropolitana do Porto,9.6608,0.004971073,1,1
131013,Lordelo,Paredes,2025-02-01,2025,2,3046490.4450000003,14.929501140526254,12805.106,3033685.339,,0,4.0,True,0,0,0,0,0,0,0.8660254037844386,0.5000000000000001,Winter,1,Área Metropolitana do Porto,10.001578,0.0016172507,0,0
131013,Lordelo,Paredes,2025-03-01,2025,3,3111083.38,14.950481898623488,13751.045,3097332.335,,0,5.0,True,0,0,0,0,0,0,1.0,6.123233995736766e-17,Spring,1,Área Metropolitana do Porto,10.351887,0.0027559944,0,0
131013,Lordelo,Paredes,2025-04-01,2025,4,2652190.546,14.790896854678138,11860.724,2640329.822,,0,6.0,True,0,0,0,0,0,0,0.8660254037844387,-0.4999999999999998,Spring,2,Área Metropolitana do Porto,13.523417,0.003280214,3,1
131013,Lordelo,Paredes,2025-05-01,2025,5,2602099.4090000005,14.771829526472228,11618.044,2590481.365,,0,7.0,True,0,0,0,0,0,0,0.4999999999999999,-0.8660254037844387,Spring,2,Área Metropolitana do Porto,15.952004,0.0014791833,1,1
131013,Lordelo,Paredes,2025-06-01,2025,6,2528739.302,14.743231832360348,11466.234,2517273.068,,0,8.0,True,0,0,0,0,0,0,1.2246467991473532e-16,-1.0,Summer,2,Área Metropolitana do Porto,20.594307,0.00053634,2,1
131013,Lordelo,Paredes,2025-07-01,2025,7,2726845.907,14.81865652053786,12956.163,2713889.744,,0,9.0,True,0,0,0,0,0,0,-0.4999999999999997,-0.8660254037844388,Summer,3,Área Metropolitana do Porto,22.635532,0.00031817265,0,0
131013,Lordelo,Paredes,2025-08-01,2025,8,2284156.013,14.641507592141286,12506.104,2271649.909,,0,10.0,True,0,0,0,0,0,0,-0.8660254037844385,-0.5000000000000004,Summer,3,Área Metropolitana do Porto,23.075209,0.00028469297,1,1
131013,Lordelo,Paredes,2025-09-01,2025,9,2485036.5530000003,14.72579832926991,10482.169,2474554.384,,0,11.0,True,0,0,0,0,0,0,-1.0,-1.8369701987210292e-16,Autumn,3,Área Metropolitana do Porto,18.123695,0.0007252087,0,0
131013,Lordelo,Paredes,2025-10-01,2025,10,2953669.544,14.898559207079122,11899.579,2941769.965,,0,12.0,True,0,0,0,0,0,0,-0.8660254037844386,0.5000000000000001,Autumn,4,Área Metropolitana do Porto,17.480125,0.0027192943,1,1
131014,Louredo,Paredes,2024-10-01,2024,10,171968.991,12.055075269643536,171968.991,0.0,,0,0.0,True,0,0,0,0,0,0,-0.8660254037844386,0.5000000000000001,Autumn,4,Área Metropolitana do Porto,16.07013,0.003516554,1,1
131014,Louredo,Paredes,2024-11-01,2024,11,177735.478,12.088057271635352,177735.478,0.0,,0,1.0,True,0,0,0,0,0,0,-0.5000000000000004,0.8660254037844384,Autumn,4,Área Metropolitana do Porto,13.9575,0.0014782802,1,1
131014,Louredo,Paredes,2024-12-01,2024,12,215929.856,12.282713524308692,215929.856,0.0,,0,2.0,True,0,0,0,0,0,0,-2.4492935982947064e-16,1.0,Winter,4,Área Metropolitana do Porto,8.251841,0.00048775942,3,1
131014,Louredo,Paredes,2025-01-01,2025,1,230106.496,12.346301852633207,230106.496,0.0,,0,3.0,True,0,0,0,0,0,0,0.4999999999999999,0.8660254037844387,Winter,1,Área Metropolitana do Porto,9.285685,0.0051116734,1,1
131014,Louredo,Paredes,2025-02-01,2025,2,193403.258,12.17253787830499,193403.258,0.0,,0,4.0,True,0,0,0,0,0,0,0.8660254037844386,0.5000000000000001,Winter,1,Área Metropolitana do Porto,9.741902,0.0015476311,0,0
131014,Louredo,Paredes,2025-03-01,2025,3,196354.729,12.18768323706968,196354.729,0.0,,0,5.0,True,0,0,0,0,0,0,1.0,6.123233995736766e-17,Spring,1,Área Metropolitana do Porto,10.17689,0.0028407648,0,0
131014,Louredo,Paredes,2025-04-01,2025,4,174210.956,12.068027974799657,174210.956,0.0,,0,6.0,True,0,0,0,0,0,0,0.8660254037844387,-0.4999999999999998,Spring,2,Área Metropolitana do Porto,13.425151,0.0033248088,3,1
131014,Louredo,Paredes,2025-05-01,2025,5,170981.565,12.04931687122229,170981.565,0.0,,0,7.0,True,0,0,0,0,0,0,0.4999999999999999,-0.8660254037844387,Spring,2,Área Metropolitana do Porto,16.017515,0.0015080208,1,1
131014,Louredo,Paredes,2025-06-01,2025,6,172132.911,12.056028005206525,172132.911,0.0,,0,8.0,True,0,0,0,0,0,0,1.2246467991473532e-16,-1.0,Summer,2,Área Metropolitana do Porto,20.908125,0.00056706177,2,1
131014,Louredo,Paredes,2025-07-01,2025,7,192112.648,12.165842392563013,192112.648,0.0,,0,9.0,True,0,0,0,0,0,0,-0.4999999999999997,-0.8660254037844388,Summer,3,Área Metropolitana do Porto,22.897678,0.0003213325,0,0
131014,Louredo,Paredes,2025-08-01,2025,8,189497.568,12.152136746747834,189497.568,0.0,,0,10.0,True,0,0,0,0,0,0,-0.8660254037844385,-0.5000000000000004,Summer,3,Área Metropolitana do Porto,23.460073,0.0003049052,1,1
131014,Louredo,Paredes,2025-09-01,2025,9,167798.004,12.030522137359965,167798.004,0.0,,0,11.0,True,0,0,0,0,0,0,-1.0,-1.8369701987210292e-16,Autumn,3,Área Metropolitana do Porto,18.068604,0.00074336526,0,0
131014,Louredo,Paredes,2025-10-01,2025,10,181964.838,12.11157424514376,181964.838,0.0,,0,12.0,True,0,0,0,0,0,0,-0.8660254037844386,0.5000000000000001,Autumn,4,Área Metropolitana do Porto,17.419785,0.0028162797,1,1
131017,Parada de Todeia,Paredes,2024-10-01,2024,10,542904.05,13.2046897217475,269889.968,273014.082,,0,0.0,True,0,0,0,0,0,0,-0.8660254037844386,0.5000000000000001,Autumn,4,Área Metropolitana do Porto,16.22968,0.0033271178,1,1
131017,Parada de Todeia,Paredes,2024-11-01,2024,11,543411.209,13.20562344351735,277702.592,265708.617,,0,1.0,True,0,0,0,0,0,0,-0.5000000000000004,0.8660254037844384,Autumn,4,Área Metropolitana do Porto,14.259426,0.0013994919,1,1
131017,Parada de Todeia,Paredes,2024-12-01,2024,12,549598.078,13.216944342305172,342166.243,207431.835,,0,2.0,True,0,0,0,0,0,0,-2.4492935982947064e-16,1.0,Winter,4,Área Metropolitana do Porto,8.743335,0.00047791091,3,1
131017,Parada de Todeia,Paredes,2025-01-01,2025,1,609782.368,13.3208590386481,362468.464,247313.904,,0,3.0,True,0,0,0,0,0,0,0.4999999999999999,0.8660254037844387,Winter,1,Área Metropolitana do Porto,9.6608,0.004971073,1,1
131017,Parada de Todeia,Paredes,2025-02-01,2025,2,563654.393,13.242198338421227,307408.189,256246.204,,0,4.0,True,0,0,0,0,0,0,0.8660254037844386,0.5000000000000001,Winter,1,Área Metropolitana do Porto,10.001578,0.0016172507,0,0
131017,Parada de Todeia,Paredes,2025-03-01,2025,3,579001.955,13.269062860169052,317004.158,261997.797,,0,5.0,True,0,0,0,0,0,0,1.0,6.123233995736766e-17,Spring,1,Área Metropolitana do Porto,10.351887,0.0027559944,0,0
131017,Parada de Todeia,Paredes,2025-04-01,2025,4,507389.649,13.137036496730357,267724.454,239665.195,,0,6.0,True,0,0,0,0,0,0,0.8660254037844387,-0.4999999999999998,Spring,2,Área Metropolitana do Porto,13.523417,0.003280214,3,1
131017,Parada de Todeia,Paredes,2025-05-01,2025,5,510519.287,13.143185655268372,258801.549,251717.738,,0,7.0,True,0,0,0,0,0,0,0.4999999999999999,-0.8660254037844387,Spring,2,Área Metropolitana do Porto,15.952004,0.0014791833,1,1
131017,Parada de Todeia,Paredes,2025-06-01,2025,6,511455.68,13.14501816870513,260477.552,250978.128,,0,8.0,True,0,0,0,0,0,0,1.2246467991473532e-16,-1.0,Summer,2,Área Metropolitana do Porto,20.594307,0.00053634,2,1
131017,Parada de Todeia,Paredes,2025-07-01,2025,7,507619.051,13.137488515618246,288021.982,219597.069,,0,9.0,True,0,0,0,0,0,0,-0.4999999999999997,-0.8660254037844388,Summer,3,Área Metropolitana do Porto,22.635532,0.00031817265,0,0
131017,Parada de Todeia,Paredes,2025-08-01,2025,8,461513.429,13.042268597875076,283732.079,177781.35,,0,10.0,True,0,0,0,0,0,0,-0.8660254037844385,-0.5000000000000004,Summer,3,Área Metropolitana do Porto,23.075209,0.00028469297,1,1
131017,Parada de Todeia,Paredes,2025-09-01,2025,9,508976.215,13.140158530287096,260290.102,248686.113,,0,11.0,True,0,0,0,0,0,0,-1.0,-1.8369701987210292e-16,Autumn,3,Área Metropolitana do Porto,18.123695,0.0007252087,0,0
131017,Parada de Todeia,Paredes,2025-10-01,2025,10,508349.084,13.138925630943778,272032.322,236316.762,,0,12.0,True,0,0,0,0,0,0,-0.8660254037844386,0.5000000000000001,Autumn,4,Área Metropolitana do Porto,17.480125,0.0027192943,1,1
131018,Rebordosa,Paredes,2024-10-01,2024,10,2792497.5960000004,14.842447307150076,8447.572,2784050.024,,0,0.0,True,0,0,0,0,0,0,-0.8660254037844386,0.5000000000000001,Autumn,4,Área Metropolitana do Porto,16.22968,0.0033271178,1,1
131018,Rebordosa,Paredes,2024-11-01,2024,11,2797243.28,14.844145304802383,9343.409,2787899.871,,0,1.0,True,0,0,0,0,0,0,-0.5000000000000004,0.8660254037844384,Autumn,4,Área Metropolitana do Porto,14.259426,0.0013994919,1,1
131018,Rebordosa,Paredes,2024-12-01,2024,12,2989908.603,14.910753711799472,10141.534,2979767.069,,0,2.0,True,0,0,0,0,0,0,-2.4492935982947064e-16,1.0,Winter,4,Área Metropolitana do Porto,8.743335,0.00047791091,3,1
131018,Rebordosa,Paredes,2025-01-01,2025,1,3423042.237,15.046040548750106,9480.186,3413562.051,,0,3.0,True,0,0,0,0,0,0,0.4999999999999999,0.8660254037844387,Winter,1,Área Metropolitana do Porto,9.6608,0.004971073,1,1
131018,Rebordosa,Paredes,2025-02-01,2025,2,2978100.917,14.906796714944718,8685.823,2969415.094,,0,4.0,True,0,0,0,0,0,0,0.8660254037844386,0.5000000000000001,Winter,1,Área Metropolitana do Porto,10.001578,0.0016172507,0,0
131018,Rebordosa,Paredes,2025-03-01,2025,3,2980104.821,14.907469368253793,8383.544,2971721.277,,0,5.0,True,0,0,0,0,0,0,1.0,6.123233995736766e-17,Spring,1,Área Metropolitana do Porto,10.351887,0.0027559944,0,0
131018,Rebordosa,Paredes,2025-04-01,2025,4,2443036.0700000003,14.708752524091189,6969.39,2436066.68,,0,6.0,True,0,0,0,0,0,0,0.8660254037844387,-0.4999999999999998,Spring,2,Área Metropolitana do Porto,13.523417,0.003280214,3,1
131018,Rebordosa,Paredes,2025-05-01,2025,5,2327946.578,14.660497569538691,6573.003,2321373.575,,0,7.0,True,0,0,0,0,0,0,0.4999999999999999,-0.8660254037844387,Spring,2,Área Metropolitana do Porto,15.952004,0.0014791833,1,1
131018,Rebordosa,Paredes,2025-06-01,2025,6,2196893.269,14.602555225038008,6181.579,2190711.69,,0,8.0,True,0,0,0,0,0,0,1.2246467991473532e-16,-1.0,Summer,2,Área Metropolitana do Porto,20.594307,0.00053634,2,1
131018,Rebordosa,Paredes,2025-07-01,2025,7,2450486.692,14.711797620670689,6626.866,2443859.826,,0,9.0,True,0,0,0,0,0,0,-0.4999999999999997,-0.8660254037844388,Summer,3,Área Metropolitana do Porto,22.635532,0.00031817265,0,0
131018,Rebordosa,Paredes,2025-08-01,2025,8,2057886.83,14.537190689517535,6265.769,2051621.061,,0,10.0,True,0,0,0,0,0,0,-0.8660254037844385,-0.5000000000000004,Summer,3,Área Metropolitana do Porto,23.075209,0.00028469297,1,1
131018,Rebordosa,Paredes,2025-09-01,2025,9,2257426.917,14.629736633309449,5748.471,2251678.446,,0,11.0,True,0,0,0,0,0,0,-1.0,-1.8369701987210292e-16,Autumn,3,Área Metropolitana do Porto,18.123695,0.0007252087,0,0
131018,Rebordosa,Paredes,2025-10-01,2025,10,2692303.597,14.805908112305776,7195.903,2685107.694,,0,12.0,True,0,0,0,0,0,0,-0.8660254037844386,0.5000000000000001,Autumn,4,Área Metropolitana do Porto,17.480125,0.0027192943,1,1
131019,Recarei,Paredes,2024-10-01,2024,10,964854.339,13.779733461311809,702908.285,261946.054,,0,0.0,True,0,0,0,0,0,0,-0.8660254037844386,0.5000000000000001,Autumn,4,Área Metropolitana do Porto,16.22968,0.0033271178,1,1
131019,Recarei,Paredes,2024-11-01,2024,11,972185.315,13.787302747172676,734841.836,237343.479,,0,1.0,True,0,0,0,0,0,0,-0.5000000000000004,0.8660254037844384,Autumn,4,Área Metropolitana do Porto,14.259426,0.0013994919,1,1
131019,Recarei,Paredes,2024-12-01,2024,12,1139809.223,13.946372335460204,896268.024,243541.199,,0,2.0,True,0,0,0,0,0,0,-2.4492935982947064e-16,1.0,Winter,4,Área Metropolitana do Porto,8.743335,0.00047791091,3,1
131019,Recarei,Paredes,2025-01-01,2025,1,1249277.202,14.038076504096724,941653.749,307623.453,,0,3.0,True,0,0,0,0,0,0,0.4999999999999999,0.8660254037844387,Winter,1,Área Metropolitana do Porto,9.6608,0.004971073,1,1
131019,Recarei,Paredes,2025-02-01,2025,2,1073488.414,13.886425035050674,793801.584,279686.83,,0,4.0,True,0,0,0,0,0,0,0.8660254037844386,0.5000000000000001,Winter,1,Área Metropolitana do Porto,10.001578,0.0016172507,0,0
131019,Recarei,Paredes,2025-03-01,2025,3,1082669.568,13.89494129503738,802157.786,280511.782,,0,5.0,True,0,0,0,0,0,0,1.0,6.123233995736766e-17,Spring,1,Área Metropolitana do Porto,10.351887,0.0027559944,0,0
131019,Recarei,Paredes,2025-04-01,2025,4,937878.506,13.751376761314695,692725.172,245153.334,,0,6.0,True,0,0,0,0,0,0,0.8660254037844387,-0.4999999999999998,Spring,2,Área Metropolitana do Porto,13.523417,0.003280214,3,1
131019,Recarei,Paredes,2025-05-01,2025,5,920105.966,13.732245209657998,671290.202,248815.764,,0,7.0,True,0,0,0,0,0,0,0.4999999999999999,-0.8660254037844387,Spring,2,Área Metropolitana do Porto,15.952004,0.0014791833,1,1
131019,Recarei,Paredes,2025-06-01,2025,6,900403.379,13.710599251396935,664826.743,235576.636,,0,8.0,True,0,0,0,0,0,0,1.2246467991473532e-16,-1.0,Summer,2,Área Metropolitana do Porto,20.594307,0.00053634,2,1
131019,Recarei,Paredes,2025-07-01,2025,7,967570.832,13.782544946091294,710442.145,257128.687,,0,9.0,True,0,0,0,0,0,0,-0.4999999999999997,-0.8660254037844388,Summer,3,Área Metropolitana do Porto,22.635532,0.00031817265,0,0
131019,Recarei,Paredes,2025-08-01,2025,8,891441.958,13.70059672994212,687310.543,204131.415,,0,10.0,True,0,0,0,0,0,0,-0.8660254037844385,-0.5000000000000004,Summer,3,Área Metropolitana do Porto,23.075209,0.00028469297,1,1
131019,Recarei,Paredes,2025-09-01,2025,9,879859.3430000001,13.687518472723667,631949.376,247909.967,,0,11.0,True,0,0,0,0,0,0,-1.0,-1.8369701987210292e-16,Autumn,3,Área Metropolitana do Porto,18.123695,0.0007252087,0,0
131019,Recarei,Paredes,2025-10-01,2025,10,971549.254,13.786648274717049,697668.475,273880.779,,0,12.0,True,0,0,0,0,0,0,-0.8660254037844386,0.5000000000000001,Autumn,4,Área Metropolitana do Porto,17.480125,0.0027192943,1,1
131020,Sobreira,Paredes,2024-10-01,2024,10,638161.333,13.36634797040132,565744.059,72417.274,,0,0.0,True,0,0,0,0,0,0,-0.8660254037844386,0.5000000000000001,Autumn,4,Área Metropolitana do Porto,16.589342,0.0034866836,1,1
131020,Sobreira,Paredes,2024-11-01,2024,11,654782.7520000001,13.392060310487684,584856.768,69925.984,,0,1.0,True,0,0,0,0,0,0,-0.5000000000000004,0.8660254037844384,Autumn,4,Área Metropolitana do Porto,14.683423,0.0014508868,1,1
131020,Sobreira,Paredes,2024-12-01,2024,12,768706.571,13.552465904384595,718020.038,50686.533,,0,2.0,True,0,0,0,0,0,0,-2.4492935982947064e-16,1.0,Winter,4,Área Metropolitana do Porto,9.097525,0.0004370539,3,1
131020,Sobreira,Paredes,2025-01-01,2025,1,813977.0,13.609688617592411,748164.741,65812.259,,0,3.0,True,0,0,0,0,0,0,0.4999999999999999,0.8660254037844387,Winter,1,Área Metropolitana do Porto,10.010659,0.0049823145,1,1
131020,Sobreira,Paredes,2025-02-01,2025,2,697966.689,13.45592808984211,634295.019,63671.67,,0,4.0,True,0,0,0,0,0,0,0.8660254037844386,0.5000000000000001,Winter,1,Área Metropolitana do Porto,10.380714,0.001611355,0,0
131020,Sobreira,Paredes,2025-03-01,2025,3,706613.658,13.468240758101867,647952.942,58660.716,,0,5.0,True,0,0,0,0,0,0,1.0,6.123233995736766e-17,Spring,1,Área Metropolitana do Porto,10.815601,0.002988163,0,0
131020,Sobreira,Paredes,2025-04-01,2025,4,617619.243,13.333629054033793,565942.855,51676.388,,0,6.0,True,0,0,0,0,0,0,0.8660254037844387,-0.4999999999999998,Spring,2,Área Metropolitana do Porto,13.947156,0.0033739225,3,1
131020,Sobreira,Paredes,2025-05-01,2025,5,613656.253,13.327191831396854,555109.093,58547.16,,0,7.0,True,0,0,0,0,0,0,0.4999999999999999,-0.8660254037844387,Spring,2,Área Metropolitana do Porto,16.34677,0.001641082,1,1
131020,Sobreira,Paredes,2025-06-01,2025,6,605226.63,13.31335991418336,560782.256,44444.374,,0,8.0,True,0,0,0,0,0,0,1.2246467991473532e-16,-1.0,Summer,2,Área Metropolitana do Porto,20.832098,0.00048039563,2,1
131020,Sobreira,Paredes,2025-07-01,2025,7,665246.615,13.407914603715133,603786.924,61459.691,,0,9.0,True,0,0,0,0,0,0,-0.4999999999999997,-0.8660254037844388,Summer,3,Área Metropolitana do Porto,22.85307,0.0003343106,0,0
131020,Sobreira,Paredes,2025-08-01,2025,8,623891.33,13.343733084386509,601433.686,22457.644,,0,10.0,True,0,0,0,0,0,0,-0.8660254037844385,-0.5000000000000004,Summer,3,Área Metropolitana do Porto,23.316282,0.00027190088,1,1
131020,Sobreira,Paredes,2025-09-01,2025,9,609583.8629999999,13.320533452009531,554446.298,55137.565,,0,11.0,True,0,0,0,0,0,0,-1.0,-1.8369701987210292e-16,Autumn,3,Área Metropolitana do Porto,18.435316,0.0007462717,0,0
131020,Sobreira,Paredes,2025-10-01,2025,10,669137.882,13.413746913977768,600328.705,68809.177,,0,12.0,True,0,0,0,0,0,0,-0.8660254037844386,0.5000000000000001,Autumn,4,Área Metropolitana do Porto,17.909124,0.0027812526,1,1
131021,Sobrosa,Paredes,2024-10-01,2024,10,674141.8859999999,13.42119736445889,432480.05,241661.836,,0,0.0,True,0,0,0,0,0,0,-0.8660254037844386,0.5000000000000001,Autumn,4,Área Metropolitana do Porto,15.838085,0.0038891658,1,1
131021,Sobrosa,Paredes,2024-11-01,2024,11,699852.4890000001,13.45862629069037,446681.906,253170.583,,0,1.0,True,0,0,0,0,0,0,-0.5000000000000004,0.8660254037844384,Autumn,4,Área Metropolitana do Porto,13.852713,0.001312555,1,1
131021,Sobrosa,Paredes,2024-12-01,2024,12,738686.454,13.512630179481985,514482.004,224204.45,,0,2.0,True,0,0,0,0,0,0,-2.4492935982947064e-16,1.0,Winter,4,Área Metropolitana do Porto,8.432496,0.00056717044,3,1
131021,Sobrosa,Paredes,2025-01-01,2025,1,831238.289,13.63067298545565,570578.146,260660.143,,0,3.0,True,0,0,0,0,0,0,0.4999999999999999,0.8660254037844387,Winter,1,Área Metropolitana do Porto,9.274134,0.0055439323,1,1
131021,Sobrosa,Paredes,2025-02-01,2025,2,733222.258,13.50520551566662,495584.329,237637.929,,0,4.0,True,0,0,0,0,0,0,0.8660254037844386,0.5000000000000001,Winter,1,Área Metropolitana do Porto,9.58022,0.0017422116,0,0
131021,Sobrosa,Paredes,2025-03-01,2025,3,751132.2660000001,13.52933836640177,508819.014,242313.252,,0,5.0,True,0,0,0,0,0,0,1.0,6.123233995736766e-17,Spring,1,Área Metropolitana do Porto,9.917375,0.0026282007,0,0
131021,Sobrosa,Paredes,2025-04-01,2025,4,635224.5549999999,13.361735419528976,426472.479,208752.076,,0,6.0,True,0,0,0,0,0,0,0.8660254037844387,-0.4999999999999998,Spring,2,Área Metropolitana do Porto,13.1216755,0.0031499767,3,1
131021,Sobrosa,Paredes,2025-05-01,2025,5,614342.568,13.328309607638891,414118.71,200223.858,,0,7.0,True,0,0,0,0,0,0,0.4999999999999999,-0.8660254037844387,Spring,2,Área Metropolitana do Porto,15.5283575,0.0013788181,1,1
131021,Sobrosa,Paredes,2025-06-01,2025,6,604196.36,13.31165617851106,407264.114,196932.246,,0,8.0,True,0,0,0,0,0,0,1.2246467991473532e-16,-1.0,Summer,2,Área Metropolitana do Porto,20.36826,0.0005854023,2,1
131021,Sobrosa,Paredes,2025-07-01,2025,7,646384.032,13.379150629980323,440791.698,205592.334,,0,9.0,True,0,0,0,0,0,0,-0.4999999999999997,-0.8660254037844388,Summer,3,Área Metropolitana do Porto,22.399889,0.0003015534,0,0
131021,Sobrosa,Paredes,2025-08-01,2025,8,602137.004,13.308241940543825,418562.821,183574.183,,0,10.0,True,0,0,0,0,0,0,-0.8660254037844385,-0.5000000000000004,Summer,3,Área Metropolitana do Porto,22.863693,0.00026768996,1,1
131021,Sobrosa,Paredes,2025-09-01,2025,9,568476.699,13.250717363610862,382885.288,185591.411,,0,11.0,True,0,0,0,0,0,0,-1.0,-1.8369701987210292e-16,Autumn,3,Área Metropolitana do Porto,17.72542,0.0007820451,0,0
131021,Sobrosa,Paredes,2025-10-01,2025,10,671879.545,13.417835843287364,435545.715,236333.83,,0,12.0,True,0,0,0,0,0,0,-0.8660254037844386,0.5000000000000001,Autumn,4,Área Metropolitana do Porto,16.98427,0.0029476837,1,1
131022,Vandoma,Paredes,2024-08-01,2024,8,562560.112,13.240255050714984,397464.222,165095.89,,0,0.0,True,0,0,0,0,0,0,-0.8660254037844385,-0.5000000000000004,Summer,3,Área Metropolitana do Porto,22.169651,7.434435e-05,1,1
131022,Vandoma,Paredes,2024-09-01,2024,9,629234.702,13.35226119045097,392638.933,236595.769,,0,1.0,True,0,0,0,0,0,0,-1.0,-1.8369701987210292e-16,Autumn,3,Área Metropolitana do Porto,18.409624,0.0020373198,0,0
131022,Vandoma,Paredes,2024-10-01,2024,10,759215.892,13.540042775766898,430827.705,328388.187,,0,2.0,True,0,0,0,0,0,0,-0.8660254037844386,0.5000000000000001,Autumn,4,Área Metropolitana do Porto,16.22968,0.0033271178,1,1
131022,Vandoma,Paredes,2024-11-01,2024,11,781051.372,13.568397484192,450175.933,330875.439,,0,3.0,True,0,0,0,0,0,0,-0.5000000000000004,0.8660254037844384,Autumn,4,Área Metropolitana do Porto,14.259426,0.0013994919,1,1
131022,Vandoma,Paredes,2024-12-01,2024,12,786225.7450000001,13.575000509452858,515943.28,270282.465,,0,4.0,True,0,0,0,0,0,0,-2.4492935982947064e-16,1.0,Winter,4,Área Metropolitana do Porto,8.743335,0.00047791091,3,1
131022,Vandoma,Paredes,2025-01-01,2025,1,914372.932,13.725994882744908,560085.631,354287.301,,0,5.0,True,0,0,0,0,0,0,0.4999999999999999,0.8660254037844387,Winter,1,Área Metropolitana do Porto,9.6608,0.004971073,1,1
131022,Vandoma,Paredes,2025-02-01,2025,2,810716.3300000001,13.605674727335456,483933.831,326782.499,,0,6.0,True,0,0,0,0,0,0,0.8660254037844386,0.5000000000000001,Winter,1,Área Metropolitana do Porto,10.001578,0.0016172507,0,0
131022,Vandoma,Paredes,2025-03-01,2025,3,829393.94,13.628451725980051,498424.818,330969.122,,0,7.0,True,0,0,0,0,0,0,1.0,6.123233995736766e-17,Spring,1,Área Metropolitana do Porto,10.351887,0.0027559944,0,0
131022,Vandoma,Paredes,2025-04-01,2025,4,683156.754,13.434481084064512,424082.005,259074.749,,0,8.0,True,0,0,0,0,0,0,0.8660254037844387,-0.4999999999999998,Spring,2,Área Metropolitana do Porto,13.523417,0.003280214,3,1
131022,Vandoma,Paredes,2025-05-01,2025,5,633447.951,13.358934693018094,422871.401,210576.55,,0,9.0,True,0,0,0,0,0,0,0.4999999999999999,-0.8660254037844387,Spring,2,Área Metropolitana do Porto,15.952004,0.0014791833,1,1
131022,Vandoma,Paredes,2025-06-01,2025,6,637817.045,13.36580832572607,436684.634,201132.411,,0,10.0,True,0,0,0,0,0,0,1.2246467991473532e-16,-1.0,Summer,2,Área Metropolitana do Porto,20.594307,0.00053634,2,1
131022,Vandoma,Paredes,2025-07-01,2025,7,665785.06,13.408723666685493,472593.854,193191.206,,0,11.0,True,0,0,0,0,0,0,-0.4999999999999997,-0.8660254037844388,Summer,3,Área Metropolitana do Porto,22.635532,0.00031817265,0,0
131022,Vandoma,Paredes,2025-08-01,2025,8,616001.028,13.33100553471803,459329.64,156671.388,,0,12.0,True,0,0,0,0,0,0,-0.8660254037844385,-0.5000000000000004,Summer,3,Área Metropolitana do Porto,23.075209,0.00028469297,1,1
131024,Vilela,Paredes,2024-07-01,2024,7,1059908.317,13.87369391242864,767727.539,292180.778,2024-07-01,1,0.0,False,1,0,1,1,0,1,-0.4999999999999997,-0.8660254037844388,Summer,3,Área Metropolitana do Porto,21.50728,0.00045097407,0,0
131024,Vilela,Paredes,2024-08-01,2024,8,914568.164,13.726208374352348,717223.382,197344.782,2024-07-01,1,1.0,False,0,0,0,1,0,1,-0.8660254037844385,-0.5000000000000004,Summer,3,Área Metropolitana do Porto,22.169651,7.434435e-05,1,1
131024,Vilela,Paredes,2024-09-01,2024,9,981621.168,13.796961755660917,702835.766,278785.402,2024-07-01,1,2.0,False,0,0,0,1,0,1,-1.0,-1.8369701987210292e-16,Autumn,3,Área Metropolitana do Porto,18.409624,0.0020373198,0,0
131024,Vilela,Paredes,2024-10-01,2024,10,1185914.946,13.986025984190167,813813.908,372101.038,2024-07-01,1,3.0,False,0,0,0,1,0,1,-0.8660254037844386,0.5000000000000001,Autumn,4,Área Metropolitana do Porto,16.22968,0.0033271178,1,1
131024,Vilela,Paredes,2024-11-01,2024,11,1221557.401,14.01563797942528,848281.863,373275.538,2024-07-01,1,4.0,False,0,0,0,1,0,1,-0.5000000000000004,0.8660254037844384,Autumn,4,Área Metropolitana do Porto,14.259426,0.0013994919,1,1
131024,Vilela,Paredes,2024-12-01,2024,12,1273291.337,14.057116495323044,972264.475,301026.862,2024-07-01,1,5.0,False,0,0,0,1,0,1,-2.4492935982947064e-16,1.0,Winter,4,Área Metropolitana do Porto,8.743335,0.00047791091,3,1
131024,Vilela,Paredes,2025-01-01,2025,1,1435639.4019999998,14.177121580796337,1059501.721,376137.681,2024-07-01,1,6.0,False,0,0,0,1,0,1,0.4999999999999999,0.8660254037844387,Winter,1,Área Metropolitana do Porto,9.6608,0.004971073,1,1
131024,Vilela,Paredes,2025-02-01,2025,2,1252878.763,14.040955269976132,925653.372,327225.391,2024-07-01,1,7.0,False,0,0,0,1,0,1,0.8660254037844386,0.5000000000000001,Winter,1,Área Metropolitana do Porto,10.001578,0.0016172507,0,0
131024,Vilela,Paredes,2025-03-01,2025,3,1255421.668,14.042982861098922,939981.543,315440.125,2024-07-01,1,8.0,False,0,0,0,1,0,1,1.0,6.123233995736766e-17,Spring,1,Área Metropolitana do Porto,10.351887,0.0027559944,0,0
131024,Vilela,Paredes,2025-04-01,2025,4,1053639.564,13.867761929049738,797640.794,255998.77,2024-07-01,1,9.0,False,0,0,0,1,0,1,0.8660254037844387,-0.4999999999999998,Spring,2,Área Metropolitana do Porto,13.523417,0.003280214,3,1
131024,Vilela,Paredes,2025-05-01,2025,5,1026275.175,13.841447444904636,769737.565,256537.61,2024-07-01,1,10.0,False,0,0,0,1,0,1,0.4999999999999999,-0.8660254037844387,Spring,2,Área Metropolitana do Porto,15.952004,0.0014791833,1,1
131024,Vilela,Paredes,2025-06-01,2025,6,1014783.414,13.830186747897953,763424.957,251358.457,2024-07-01,1,11.0,False,0,0,0,1,0,1,1.2246467991473532e-16,-1.0,Summer,2,Área Metropolitana do Porto,20.594307,0.00053634,2,1
131024,Vilela,Paredes,2025-07-01,2025,7,1102349.559,13.91295532972347,832735.753,269613.806,2024-07-01,1,12.0,False,0,0,0,1,0,1,-0.4999999999999997,-0.8660254037844388,Summer,3,Área Metropolitana do Porto,22.635532,0.00031817265,0,0
131024,Vilela,Paredes,2025-08-01,2025,8,988055.204,13.803494861751698,780747.466,207307.738,2024-07-01,1,13.0,False,0,0,0,1,0,1,-0.8660254037844385,-0.5000000000000004,Summer,3,Área Metropolitana do Porto,23.075209,0.00028469297,1,1
131024,Vilela,Paredes,2025-09-01,2025,9,983874.772,13.799254920096963,730305.884,253568.888,2024-07-01,1,14.0,False,1,0,1,2,0,2,-1.0,-1.8369701987210292e-16,Autumn,3,Área Metropolitana do Porto,18.123695,0.0007252087,0,0
131024,Vilela,Paredes,2025-10-01,2025,10,1150482.163,13.955692553843736,836641.561,313840.602,2024-07-01,1,15.0,False,0,0,0,2,0,2,-0.8660254037844386,0.5000000000000001,Autumn,4,Área Metropolitana do Porto,17.480125,0.0027192943,1,1
131025,Paredes,Paredes,2024-07-01,2024,7,4469513.740999999,15.312790401636388,3615825.442,853688.299,2024-07-01,1,0.0,False,1,0,1,1,0,1,-0.4999999999999997,-0.8660254037844388,Summer,3,Área Metropolitana do Porto,21.761206,0.00049528223,0,0
131025,Paredes,Paredes,2024-08-01,2024,8,4434211.126,15.304860508789885,3594962.585,839248.541,2024-07-01,1,1.0,False,0,0,0,1,0,1,-0.8660254037844385,-0.5000000000000004,Summer,3,Área Metropolitana do Porto,22.505331,8.020681e-05,1,1
131025,Paredes,Paredes,2024-09-01,2024,9,4124916.831,15.23255665779494,3317872.055,807044.776,2024-07-01,1,2.0,False,0,0,0,1,0,1,-1.0,-1.8369701987210292e-16,Autumn,3,Área Metropolitana do Porto,18.349447,0.0021443684,0,0
131025,Paredes,Paredes,2024-10-01,2024,10,4408716.89,15.299094477262326,3536275.604,872441.286,2024-07-01,1,3.0,False,0,0,0,1,0,1,-0.8660254037844386,0.5000000000000001,Autumn,4,Área Metropolitana do Porto,16.07013,0.003516554,1,1
131025,Paredes,Paredes,2024-11-01,2024,11,4589404.852,15.339261129649415,3744185.999,845218.853,2024-07-01,1,4.0,False,0,0,0,1,0,1,-0.5000000000000004,0.8660254037844384,Autumn,4,Área Metropolitana do Porto,13.9575,0.0014782802,1,1
131025,Paredes,Paredes,2024-12-01,2024,12,5487862.034999999,15.518049490897122,4668563.236,819298.799,2024-07-01,1,5.0,False,0,0,0,1,0,1,-2.4492935982947064e-16,1.0,Winter,4,Área Metropolitana do Porto,8.251841,0.00048775942,3,1
131025,Paredes,Paredes,2025-01-01,2025,1,5902621.233999999,15.59090725657956,5017863.47,884757.764,2024-07-01,1,6.0,False,0,0,0,1,0,1,0.4999999999999999,0.8660254037844387,Winter,1,Área Metropolitana do Porto,9.285685,0.0051116734,1,1
131025,Paredes,Paredes,2025-02-01,2025,2,5057357.003,15.436354771109864,4243900.55,813456.453,2024-07-01,1,7.0,False,0,0,0,1,0,1,0.8660254037844386,0.5000000000000001,Winter,1,Área Metropolitana do Porto,9.741902,0.0015476311,0,0
131025,Paredes,Paredes,2025-03-01,2025,3,5077792.993000001,15.44038747189292,4235159.917,842633.076,2024-07-01,1,8.0,False,0,0,0,1,0,1,1.0,6.123233995736766e-17,Spring,1,Área Metropolitana do Porto,10.17689,0.0028407648,0,0
131025,Paredes,Paredes,2025-04-01,2025,4,4334278.481,15.282065944693835,3557139.087,777139.394,2024-07-01,1,9.0,False,0,0,0,1,0,1,0.8660254037844387,-0.4999999999999998,Spring,2,Área Metropolitana do Porto,13.425151,0.0033248088,3,1
131025,Paredes,Paredes,2025-05-01,2025,5,4326541.44,15.280279268295509,3490967.236,835574.204,2024-07-01,1,10.0,False,0,0,0,1,0,1,0.4999999999999999,-0.8660254037844387,Spring,2,Área Metropolitana do Porto,16.017515,0.0015080208,1,1
131025,Paredes,Paredes,2025-06-01,2025,6,4560249.195,15.332888047309972,3620295.051,939954.144,2024-07-01,1,11.0,False,0,0,0,1,0,1,1.2246467991473532e-16,-1.0,Summer,2,Área Metropolitana do Porto,20.908125,0.00056706177,2,1
131025,Paredes,Paredes,2025-07-01,2025,7,5049004.921,15.434701934547832,4010465.842,1038539.079,2024-07-01,1,12.0,False,0,0,0,1,0,1,-0.4999999999999997,-0.8660254037844388,Summer,3,Área Metropolitana do Porto,22.897678,0.0003213325,0,0
131025,Paredes,Paredes,2025-08-01,2025,8,4841017.563,15.3926357034528,3840842.651,1000174.912,2024-07-01,1,13.0,False,0,0,0,1,0,1,-0.8660254037844385,-0.5000000000000004,Summer,3,Área Metropolitana do Porto,23.460073,0.0003049052,1,1
131025,Paredes,Paredes,2025-09-01,2025,9,4275126.953,15.268324590431405,3371070.349,904056.604,2024-07-01,1,14.0,False,1,0,1,2,0,2,-1.0,-1.8369701987210292e-16,Autumn,3,Área Metropolitana do Porto,18.068604,0.00074336526,0,0
131025,Paredes,Paredes,2025-10-01,2025,10,4602911.448,15.34219980197977,3645374.363,957537.085,2024-07-01,1,15.0,False,0,0,0,2,0,2,-0.8660254037844386,0.5000000000000001,Autumn,4,Área Metropolitana do Porto,17.419785,0.0028162797,1,1
131202,Bonfim,Porto,2024-10-01,2024,10,7551332.561000001,15.837234736223888,6139583.201,1411749.36,,0,0.0,True,0,0,0,0,0,0,-0.8660254037844386,0.5000000000000001,Autumn,4,Área Metropolitana do Porto,17.282017,0.0028098521,1,1
131202,Bonfim,Porto,2024-11-01,2024,11,7823170.098999999,15.872600541705047,6452428.839,1370741.26,,0,1.0,True,0,0,0,0,0,0,-0.5000000000000004,0.8660254037844384,Autumn,4,Área Metropolitana do Porto,15.502607,0.0012079786,1,1
131202,Bonfim,Porto,2024-12-01,2024,12,9276758.722,16.04302287590115,7869138.238,1407620.484,,0,2.0,True,0,0,0,0,0,0,-2.4492935982947064e-16,1.0,Winter,4,Área Metropolitana do Porto,10.392857,0.00043093137,3,1
131202,Bonfim,Porto,2025-01-01,2025,1,10298334.149,16.147492804115938,8777332.03,1521002.119,,0,3.0,True,0,0,0,0,0,0,0.4999999999999999,0.8660254037844387,Winter,1,Área Metropolitana do Porto,10.978172,0.0044986596,1,1
131202,Bonfim,Porto,2025-02-01,2025,2,8999551.24,16.012685382951755,7628919.708,1370631.532,,0,4.0,True,0,0,0,0,0,0,0.8660254037844386,0.5000000000000001,Winter,1,Área Metropolitana do Porto,11.164984,0.0017280664,0,0
131202,Bonfim,Porto,2025-03-01,2025,3,9258329.081,16.04103425353467,7818723.38,1439605.701,,0,5.0,True,0,0,0,0,0,0,1.0,6.123233995736766e-17,Spring,1,Área Metropolitana do Porto,11.474471,0.0025778564,0,0
131202,Bonfim,Porto,2025-04-01,2025,4,7807267.891,15.87056576680468,6527539.067,1279728.824,,0,6.0,True,0,0,0,0,0,0,0.8660254037844387,-0.4999999999999998,Spring,2,Área Metropolitana do Porto,14.506544,0.003075119,3,1
131202,Bonfim,Porto,2025-05-01,2025,5,7567314.39,15.839348924469776,6233497.418,1333816.972,,0,7.0,True,0,0,0,0,0,0,0.4999999999999999,-0.8660254037844387,Spring,2,Área Metropolitana do Porto,16.55379,0.0014004215,1,1
131202,Bonfim,Porto,2025-06-01,2025,6,7318497.322,15.805915717624156,5941178.174,1377319.148,,0,8.0,True,0,0,0,0,0,0,1.2246467991473532e-16,-1.0,Summer,2,Área Metropolitana do Porto,20.46006,0.00044758894,2,1
131202,Bonfim,Porto,2025-07-01,2025,7,7638218.431,15.848675075210654,6132139.315,1506079.116,,0,9.0,True,0,0,0,0,0,0,-0.4999999999999997,-0.8660254037844388,Summer,3,Área Metropolitana do Porto,22.512743,0.00028591312,0,0
131202,Bonfim,Porto,2025-08-01,2025,8,7380411.684,15.814340114254426,5901229.063,1479182.621,,0,10.0,True,0,0,0,0,0,0,-0.8660254037844385,-0.5000000000000004,Summer,3,Área Metropolitana do Porto,22.588182,0.00022278869,1,1
131202,Bonfim,Porto,2025-09-01,2025,9,7075397.398,15.772134310579569,5722860.963,1352536.435,,0,11.0,True,0,0,0,0,0,0,-1.0,-1.8369701987210292e-16,Autumn,3,Área Metropolitana do Porto,18.788864,0.00065270625,0,0
131202,Bonfim,Porto,2025-10-01,2025,10,7717016.073,15.858938457825529,6271256.864,1445759.209,,0,12.0,True,0,0,0,0,0,0,-0.8660254037844386,0.5000000000000001,Autumn,4,Área Metropolitana do Porto,18.06098,0.0024081091,1,1
131203,Campanhã,Porto,2024-05-01,2024,5,10750972.118,16.190506831045674,5585332.417,5165639.701,2024-05-01,1,0.0,False,1,0,1,1,0,1,0.4999999999999999,-0.8660254037844387,Spring,2,Área Metropolitana do Porto,15.487796,0.0012214989,2,1
131203,Campanhã,Porto,2024-06-01,2024,6,10292240.498,16.146900916741206,5153867.826,5138372.672,2024-05-01,1,1.0,False,0,0,0,1,0,1,1.2246467991473532e-16,-1.0,Summer,2,Área Metropolitana do Porto,18.872892,0.0013054217,1,1
131203,Campanhã,Porto,2024-07-01,2024,7,10926172.393,16.20667169757208,5333473.807,5592698.586,2024-05-01,1,2.0,False,0,0,0,1,0,1,-0.4999999999999997,-0.8660254037844388,Summer,3,Área Metropolitana do Porto,21.279577,0.00034308093,0,0
131203,Campanhã,Porto,2024-08-01,2024,8,10893233.775,16.203652491664418,5250174.137,5643059.638,2024-05-01,1,3.0,False,1,0,1,2,0,2,-0.8660254037844385,-0.5000000000000004,Summer,3,Área Metropolitana do Porto,21.75044,5.4246982e-05,1,1
131203,Campanhã,Porto,2024-09-01,2024,9,10510420.871,16.16787788200949,5187491.319,5322929.552,2024-05-01,1,4.0,False,0,0,0,2,0,2,-1.0,-1.8369701987210292e-16,Autumn,3,Área Metropolitana do Porto,18.964685,0.001671339,0,0
131203,Campanhã,Porto,2024-10-01,2024,10,11221260.693,16.233320902093265,5689161.152,5532099.541,2024-05-01,1,5.0,False,0,0,0,2,0,2,-0.8660254037844386,0.5000000000000001,Autumn,4,Área Metropolitana do Porto,17.282017,0.0028098521,1,1
131203,Campanhã,Porto,2024-11-01,2024,11,11193840.233,16.230874295109704,5952709.115,5241131.118,2024-05-01,1,6.0,False,0,0,0,2,0,2,-0.5000000000000004,0.8660254037844384,Autumn,4,Área Metropolitana do Porto,15.502607,0.0012079786,1,1
131203,Campanhã,Porto,2024-12-01,2024,12,12452084.537,16.3373986798583,7100850.644,5351233.893,2024-05-01,1,7.0,False,0,0,0,2,0,2,-2.4492935982947064e-16,1.0,Winter,4,Área Metropolitana do Porto,10.392857,0.00043093137,3,1
131203,Campanhã,Porto,2025-01-01,2025,1,13088530.436,16.38724694182916,7642736.919,5445793.517,2024-05-01,1,8.0,False,0,0,0,2,0,2,0.4999999999999999,0.8660254037844387,Winter,1,Área Metropolitana do Porto,10.978172,0.0044986596,1,1
131203,Campanhã,Porto,2025-02-01,2025,2,11381228.772,16.247476045147305,6637794.359,4743434.413,2024-05-01,1,9.0,False,0,0,0,2,0,2,0.8660254037844386,0.5000000000000001,Winter,1,Área Metropolitana do Porto,11.164984,0.0017280664,0,0
131203,Campanhã,Porto,2025-03-01,2025,3,11969164.926,16.29784439473878,6840711.405,5128453.521,2024-05-01,1,10.0,False,0,0,0,2,0,2,1.0,6.123233995736766e-17,Spring,1,Área Metropolitana do Porto,11.474471,0.0025778564,0,0
131203,Campanhã,Porto,2025-04-01,2025,4,10735453.24,16.189062302326217,5905760.17,4829693.07,2024-05-01,1,11.0,False,0,0,0,2,0,2,0.8660254037844387,-0.4999999999999998,Spring,2,Área Metropolitana do Porto,14.506544,0.003075119,3,1
131203,Campanhã,Porto,2025-05-01,2025,5,10776634.52,16.192890970834465,5754701.221,5021933.299,2024-05-01,1,12.0,False,0,0,0,2,0,2,0.4999999999999999,-0.8660254037844387,Spring,2,Área Metropolitana do Porto,16.55379,0.0014004215,1,1
131203,Campanhã,Porto,2025-06-01,2025,6,10535840.651,16.170293492964294,5491936.734,5043903.917,2024-05-01,1,13.0,False,0,0,0,2,0,2,1.2246467991473532e-16,-1.0,Summer,2,Área Metropolitana do Porto,20.46006,0.00044758894,2,1
131203,Campanhã,Porto,2025-07-01,2025,7,11537570.912,16.26111939066656,5688232.91,5849338.002,2024-05-01,1,14.0,False,0,0,0,2,0,2,-0.4999999999999997,-0.8660254037844388,Summer,3,Área Metropolitana do Porto,22.512743,0.00028591312,0,0
131203,Campanhã,Porto,2025-08-01,2025,8,11217285.659,16.23296659806439,5560707.334,5656578.325,2024-05-01,1,15.0,False,0,0,0,2,0,2,-0.8660254037844385,-0.5000000000000004,Summer,3,Área Metropolitana do Porto,22.588182,0.00022278869,1,1
131203,Campanhã,Porto,2025-09-01,2025,9,10554661.791,16.172078290956964,5384345.193,5170316.598,2024-05-01,1,16.0,False,1,0,1,3,0,3,-1.0,-1.8369701987210292e-16,Autumn,3,Área Metropolitana do Porto,18.788864,0.00065270625,0,0
131203,Campanhã,Porto,2025-10-01,2025,10,11475515.944,16.25572636248224,5849425.252,5626090.692,2024-05-01,1,17.0,False,0,0,0,3,0,3,-0.8660254037844386,0.5000000000000001,Autumn,4,Área Metropolitana do Porto,18.06098,0.0024081091,1,1
131210,Paranhos,Porto,2024-04-01,2024,4,17392087.025,16.67152594956537,9665224.497,7726862.528,2024-04-01,1,0.0,False,1,0,1,1,0,1,0.8660254037844387,-0.4999999999999998,Spring,2,Área Metropolitana do Porto,14.966909,0.0016053354,1,1
131210,Paranhos,Porto,2024-05-01,2024,5,17271088.519,16.66454453550989,9477746.328,7793342.191,2024-04-01,1,1.0,False,0,0,0,1,0,1,0.4999999999999999,-0.8660254037844387,Spring,2,Área Metropolitana do Porto,15.487796,0.0012214989,2,1
131210,Paranhos,Porto,2024-06-01,2024,6,16289364.704999998,16.6060230421283,8510457.576,7778907.129,2024-04-01,1,2.0,False,0,0,0,1,0,1,1.2246467991473532e-16,-1.0,Summer,2,Área Metropolitana do Porto,18.872892,0.0013054217,1,1
131210,Paranhos,Porto,2024-07-01,2024,7,17051962.242,16.65177590122335,8627955.706,8424006.536,2024-04-01,1,3.0,False,0,0,0,1,0,1,-0.4999999999999997,-0.8660254037844388,Summer,3,Área Metropolitana do Porto,21.279577,0.00034308093,0,0
131210,Paranhos,Porto,2024-08-01,2024,8,16574893.137,16.62339970710781,8302100.826,8272792.311,2024-04-01,1,4.0,False,0,0,0,1,0,1,-0.8660254037844385,-0.5000000000000004,Summer,3,Área Metropolitana do Porto,21.75044,5.4246982e-05,1,1
131210,Paranhos,Porto,2024-09-01,2024,9,16475997.661,16.61741525326838,8458380.931,8017616.73,2024-04-01,1,5.0,False,0,0,0,1,0,1,-1.0,-1.8369701987210292e-16,Autumn,3,Área Metropolitana do Porto,18.964685,0.001671339,0,0
131210,Paranhos,Porto,2024-10-01,2024,10,17966594.509,16.70402478666524,9471046.191,8495548.318,2024-04-01,1,6.0,False,0,0,0,1,0,1,-0.8660254037844386,0.5000000000000001,Autumn,4,Área Metropolitana do Porto,17.282017,0.0028098521,1,1
131210,Paranhos,Porto,2024-11-01,2024,11,18229116.764,16.718530750749828,9997631.419,8231485.345,2024-04-01,1,7.0,False,0,0,0,1,0,1,-0.5000000000000004,0.8660254037844384,Autumn,4,Área Metropolitana do Porto,15.502607,0.0012079786,1,1
131210,Paranhos,Porto,2024-12-01,2024,12,20404047.982,16.831243918629795,12145393.351,8258654.631,2024-04-01,1,8.0,False,0,0,0,1,0,1,-2.4492935982947064e-16,1.0,Winter,4,Área Metropolitana do Porto,10.392857,0.00043093137,3,1
131210,Paranhos,Porto,2025-01-01,2025,1,22426754.058,16.925765226302673,13460355.212,8966398.846,2024-04-01,1,9.0,False,0,0,0,1,0,1,0.4999999999999999,0.8660254037844387,Winter,1,Área Metropolitana do Porto,10.978172,0.0044986596,1,1
131210,Paranhos,Porto,2025-02-01,2025,2,19637508.025,16.792952021125792,11613266.89,8024241.135,2024-04-01,1,10.0,False,0,0,0,1,0,1,0.8660254037844386,0.5000000000000001,Winter,1,Área Metropolitana do Porto,11.164984,0.0017280664,0,0
131210,Paranhos,Porto,2025-03-01,2025,3,20435292.791,16.832774051730606,11868392.342,8566900.449,2024-04-01,1,11.0,False,0,0,0,1,0,1,1.0,6.123233995736766e-17,Spring,1,Área Metropolitana do Porto,11.474471,0.0025778564,0,0
131210,Paranhos,Porto,2025-04-01,2025,4,17733042.274,16.690940308780668,9902589.817,7830452.457,2024-04-01,1,12.0,False,0,0,0,1,0,1,0.8660254037844387,-0.4999999999999998,Spring,2,Área Metropolitana do Porto,14.506544,0.003075119,3,1
131210,Paranhos,Porto,2025-05-01,2025,5,17574300.559,16.681948254273884,9493995.628,8080304.931,2024-04-01,1,13.0,False,0,0,0,1,0,1,0.4999999999999999,-0.8660254037844387,Spring,2,Área Metropolitana do Porto,16.55379,0.0014004215,1,1
131210,Paranhos,Porto,2025-06-01,2025,6,17419143.456,16.673080415438587,8911601.793,8507541.663,2024-04-01,1,14.0,False,0,0,0,1,0,1,1.2246467991473532e-16,-1.0,Summer,2,Área Metropolitana do Porto,20.46006,0.00044758894,2,1
131210,Paranhos,Porto,2025-07-01,2025,7,18002543.228,16.706023651872034,9030146.199,8972397.029,2024-04-01,1,15.0,False,0,0,0,1,0,1,-0.4999999999999997,-0.8660254037844388,Summer,3,Área Metropolitana do Porto,22.512743,0.00028591312,0,0
131210,Paranhos,Porto,2025-08-01,2025,8,17477994.671,16.676453257486795,8629620.768,8848373.903,2024-04-01,1,16.0,False,0,0,0,1,0,1,-0.8660254037844385,-0.5000000000000004,Summer,3,Área Metropolitana do Porto,22.588182,0.00022278869,1,1
131210,Paranhos,Porto,2025-09-01,2025,9,17140957.928000003,16.656981416360075,8595853.277,8545104.651,2024-04-01,1,17.0,False,0,0,0,1,0,1,-1.0,-1.8369701987210292e-16,Autumn,3,Área Metropolitana do Porto,18.788864,0.00065270625,0,0
131210,Paranhos,Porto,2025-10-01,2025,10,18454471.462,16.730817308938786,9574675.641,8879795.821,2024-04-01,1,18.0,False,0,0,0,1,0,1,-0.8660254037844386,0.5000000000000001,Autumn,4,Área Metropolitana do Porto,18.06098,0.0024081091,1,1
131211,Ramalde,Porto,2024-07-01,2024,7,13858340.034,16.444397850045476,7148716.751,6709623.283,2024-07-01,1,0.0,False,1,0,1,1,0,1,-0.4999999999999997,-0.8660254037844388,Summer,3,Área Metropolitana do Porto,21.279577,0.00034308093,0,0
131211,Ramalde,Porto,2024-08-01,2024,8,13577552.646,16.423928519978894,6906242.652,6671309.994,2024-07-01,1,1.0,False,0,0,0,1,0,1,-0.8660254037844385,-0.5000000000000004,Summer,3,Área Metropolitana do Porto,21.75044,5.4246982e-05,1,1
131211,Ramalde,Porto,2024-09-01,2024,9,13477658.076,16.41654398931751,6961968.25,6515689.826,2024-07-01,1,2.0,False,0,0,0,1,0,1,-1.0,-1.8369701987210292e-16,Autumn,3,Área Metropolitana do Porto,18.964685,0.001671339,0,0
131211,Ramalde,Porto,2024-10-01,2024,10,14257179.686,16.472771245549513,7631195.519,6625984.167,2024-07-01,1,3.0,False,0,0,0,1,0,1,-0.8660254037844386,0.5000000000000001,Autumn,4,Área Metropolitana do Porto,17.282017,0.0028098521,1,1
131211,Ramalde,Porto,2024-11-01,2024,11,14231616.498,16.470976631772146,7907597.965,6324018.533,2024-07-01,1,4.0,False,0,0,0,1,0,1,-0.5000000000000004,0.8660254037844384,Autumn,4,Área Metropolitana do Porto,15.502607,0.0012079786,1,1
131211,Ramalde,Porto,2024-12-01,2024,12,15909059.624000002,16.58239935545332,9440005.969,6469053.655,2024-07-01,1,5.0,False,0,0,0,1,0,1,-2.4492935982947064e-16,1.0,Winter,4,Área Metropolitana do Porto,10.392857,0.00043093137,3,1
131211,Ramalde,Porto,2025-01-01,2025,1,16885653.324,16.641974962842504,10402432.429,6483220.895,2024-07-01,1,6.0,False,0,0,0,1,0,1,0.4999999999999999,0.8660254037844387,Winter,1,Área Metropolitana do Porto,10.978172,0.0044986596,1,1
131211,Ramalde,Porto,2025-02-01,2025,2,15132758.908999998,16.532372482149796,8977655.655,6155103.254,2024-07-01,1,7.0,False,0,0,0,1,0,1,0.8660254037844386,0.5000000000000001,Winter,1,Área Metropolitana do Porto,11.164984,0.0017280664,0,0
131211,Ramalde,Porto,2025-03-01,2025,3,15642884.39,16.565526763917312,9201512.373,6441372.017,2024-07-01,1,8.0,False,0,0,0,1,0,1,1.0,6.123233995736766e-17,Spring,1,Área Metropolitana do Porto,11.474471,0.0025778564,0,0
131211,Ramalde,Porto,2025-04-01,2025,4,13796962.923,16.439959120342944,7765764.557,6031198.366,2024-07-01,1,9.0,False,0,0,0,1,0,1,0.8660254037844387,-0.4999999999999998,Spring,2,Área Metropolitana do Porto,14.506544,0.003075119,3,1
131211,Ramalde,Porto,2025-05-01,2025,5,14279012.754,16.474301447644688,7529342.135,6749670.619,2024-07-01,1,10.0,False,0,0,0,1,0,1,0.4999999999999999,-0.8660254037844387,Spring,2,Área Metropolitana do Porto,16.55379,0.0014004215,1,1
131211,Ramalde,Porto,2025-06-01,2025,6,13464447.399,16.415563317848434,7172540.127,6291907.272,2024-07-01,1,11.0,False,1,0,1,2,0,2,1.2246467991473532e-16,-1.0,Summer,2,Área Metropolitana do Porto,20.46006,0.00044758894,2,1
131211,Ramalde,Porto,2025-07-01,2025,7,14436171.548,16.48524759729184,7405541.32,7030630.228,2024-07-01,1,12.0,False,0,0,0,2,0,2,-0.4999999999999997,-0.8660254037844388,Summer,3,Área Metropolitana do Porto,22.512743,0.00028591312,0,0
131211,Ramalde,Porto,2025-08-01,2025,8,14152135.966,16.46537619298295,7138303.556,7013832.41,2024-07-01,1,13.0,False,0,0,0,2,0,2,-0.8660254037844385,-0.5000000000000004,Summer,3,Área Metropolitana do Porto,22.588182,0.00022278869,1,1
131211,Ramalde,Porto,2025-09-01,2025,9,13947588.189,16.45081723330407,7076249.117,6871339.072,2024-07-01,1,14.0,False,0,0,0,2,0,2,-1.0,-1.8369701987210292e-16,Autumn,3,Área Metropolitana do Porto,18.788864,0.00065270625,0,0
131211,Ramalde,Porto,2025-10-01,2025,10,14609985.844,16.497215883247353,7768532.797,6841453.047,2024-07-01,1,15.0,False,0,0,0,2,0,2,-0.8660254037844386,0.5000000000000001,Autumn,4,Área Metropolitana do Porto,18.06098,0.0024081091,1,1
131216,"Aldoar, Foz do Douro e Nevogilde",Porto,2024-08-01,2024,8,7979240.929,15.892353968547637,6043970.528,1935270.401,2024-08-01,1,0.0,False,1,0,1,1,0,1,-0.8660254037844385,-0.5000000000000004,Summer,3,Área Metropolitana do Porto,21.74077,4.9821858e-05,1,1
131216,"Aldoar, Foz do Douro e Nevogilde",Porto,2024-09-01,2024,9,8251688.721,15.92592855200587,6329452.346,1922236.375,2024-08-01,1,1.0,False,0,0,0,1,0,1,-1.0,-1.8369701987210292e-16,Autumn,3,Área Metropolitana do Porto,19.107304,0.0015855592,0,0
131216,"Aldoar, Foz do Douro e Nevogilde",Porto,2024-10-01,2024,10,8999307.688,16.01265831990582,6978511.164,2020796.524,2024-08-01,1,2.0,False,0,0,0,1,0,1,-0.8660254037844386,0.5000000000000001,Autumn,4,Área Metropolitana do Porto,17.48858,0.0027172754,1,1
131216,"Aldoar, Foz do Douro e Nevogilde",Porto,2024-11-01,2024,11,9230235.172,16.037995193583967,7323092.845,1907142.327,2024-08-01,1,3.0,False,0,0,0,1,0,1,-0.5000000000000004,0.8660254037844384,Autumn,4,Área Metropolitana do Porto,15.738745,0.0011754362,1,1
131216,"Aldoar, Foz do Douro e Nevogilde",Porto,2024-12-01,2024,12,10929577.328000002,16.206983280085556,9003190.244,1926387.084,2024-08-01,1,4.0,False,0,0,0,1,0,1,-2.4492935982947064e-16,1.0,Winter,4,Área Metropolitana do Porto,10.622377,0.00043714768,3,1
131216,"Aldoar, Foz do Douro e Nevogilde",Porto,2025-01-01,2025,1,11981545.511,16.29887823338849,9966752.949,2014792.562,2024-08-01,1,5.0,False,0,0,0,1,0,1,0.4999999999999999,0.8660254037844387,Winter,1,Área Metropolitana do Porto,11.208,0.0044925422,1,1
131216,"Aldoar, Foz do Douro e Nevogilde",Porto,2025-02-01,2025,2,10380099.905,16.155401156753033,8562652.36,1817447.545,2024-08-01,1,6.0,False,0,0,0,1,0,1,0.8660254037844386,0.5000000000000001,Winter,1,Área Metropolitana do Porto,11.37452,0.001762639,0,0
131216,"Aldoar, Foz do Douro e Nevogilde",Porto,2025-03-01,2025,3,10626156.938,16.178829249236603,8667569.522,1958587.416,2024-08-01,1,7.0,False,0,0,0,1,0,1,1.0,6.123233995736766e-17,Spring,1,Área Metropolitana do Porto,11.702438,0.0025394668,0,0
131216,"Aldoar, Foz do Douro e Nevogilde",Porto,2025-04-01,2025,4,8985101.663,16.011078504177924,7164798.387,1820303.276,2024-08-01,1,8.0,False,0,0,0,1,0,1,0.8660254037844387,-0.4999999999999998,Spring,2,Área Metropolitana do Porto,14.7171755,0.0030483028,3,1
131216,"Aldoar, Foz do Douro e Nevogilde",Porto,2025-05-01,2025,5,8817865.304,15.992290483070406,6888408.432,1929456.872,2024-08-01,1,9.0,False,0,0,0,1,0,1,0.4999999999999999,-0.8660254037844387,Spring,2,Área Metropolitana do Porto,16.709084,0.0013782663,1,1
131216,"Aldoar, Foz do Douro e Nevogilde",Porto,2025-06-01,2025,6,8433449.268,15.94771653070426,6471005.136,1962444.132,2024-08-01,1,10.0,False,0,0,0,1,0,1,1.2246467991473532e-16,-1.0,Summer,2,Área Metropolitana do Porto,20.472044,0.00045188915,2,1
131216,"Aldoar, Foz do Douro e Nevogilde",Porto,2025-07-01,2025,7,8619684.368,15.969559141741708,6498303.587,2121380.781,2024-08-01,1,11.0,False,0,0,0,1,0,1,-0.4999999999999997,-0.8660254037844388,Summer,3,Área Metropolitana do Porto,22.53517,0.00026410405,0,0
131216,"Aldoar, Foz do Douro e Nevogilde",Porto,2025-08-01,2025,8,8069524.118,15.903605193161516,6099182.983,1970341.135,2024-08-01,1,12.0,False,0,0,0,1,0,1,-0.8660254037844385,-0.5000000000000004,Summer,3,Área Metropolitana do Porto,22.547787,0.00021576657,1,1
131216,"Aldoar, Foz do Douro e Nevogilde",Porto,2025-09-01,2025,9,8282849.764,15.929697762274545,6368548.346,1914301.418,2024-08-01,1,13.0,False,0,0,0,1,0,1,-1.0,-1.8369701987210292e-16,Autumn,3,Área Metropolitana do Porto,18.911943,0.00065210863,0,0
131216,"Aldoar, Foz do Douro e Nevogilde",Porto,2025-10-01,2025,10,9007806.182,16.01360222393713,7081535.739,1926270.443,2024-08-01,1,14.0,False,0,0,0,1,0,1,-0.8660254037844386,0.5000000000000001,Autumn,4,Área Metropolitana do Porto,18.163393,0.0023483178,1,1
131217,"Cedofeita, Ildefonso, Sé, Miragaia, Nicolau, Vitória",Porto,2024-09-01,2024,9,26993528.751,17.111107756398773,18290745.405,8702783.346,2024-09-01,1,0.0,False,1,0,1,1,0,1,-1.0,-1.8369701987210292e-16,Autumn,3,Área Metropolitana do Porto,18.964685,0.001671339,0,0
131217,"Cedofeita, Ildefonso, Sé, Miragaia, Nicolau, Vitória",Porto,2024-10-01,2024,10,28037330.867,17.14904746107394,19202826.538,8834504.329,2024-09-01,1,1.0,False,0,0,0,1,0,1,-0.8660254037844386,0.5000000000000001,Autumn,4,Área Metropolitana do Porto,17.282017,0.0028098521,1,1
131217,"Cedofeita, Ildefonso, Sé, Miragaia, Nicolau, Vitória",Porto,2024-11-01,2024,11,27513467.283,17.130186198491053,19254957.738,8258509.545,2024-09-01,1,2.0,False,0,0,0,1,0,1,-0.5000000000000004,0.8660254037844384,Autumn,4,Área Metropolitana do Porto,15.502607,0.0012079786,1,1
131217,"Cedofeita, Ildefonso, Sé, Miragaia, Nicolau, Vitória",Porto,2024-12-01,2024,12,31393576.546000004,17.262113893206397,22728072.034,8665504.512,2024-09-01,1,3.0,False,0,0,0,1,0,1,-2.4492935982947064e-16,1.0,Winter,4,Área Metropolitana do Porto,10.392857,0.00043093137,3,1
131217,"Cedofeita, Ildefonso, Sé, Miragaia, Nicolau, Vitória",Porto,2025-01-01,2025,1,33453680.16,17.325672388109805,24387572.378,9066107.782,2024-09-01,1,4.0,False,0,0,0,1,0,1,0.4999999999999999,0.8660254037844387,Winter,1,Área Metropolitana do Porto,10.978172,0.0044986596,1,1
131217,"Cedofeita, Ildefonso, Sé, Miragaia, Nicolau, Vitória",Porto,2025-02-01,2025,2,29449656.175,17.198192827077307,21408190.956,8041465.219,2024-09-01,1,5.0,False,0,0,0,1,0,1,0.8660254037844386,0.5000000000000001,Winter,1,Área Metropolitana do Porto,11.164984,0.0017280664,0,0
131217,"Cedofeita, Ildefonso, Sé, Miragaia, Nicolau, Vitória",Porto,2025-03-01,2025,3,31418719.996,17.26291448327957,22573888.311,8844831.685,2024-09-01,1,6.0,False,0,0,0,1,0,1,1.0,6.123233995736766e-17,Spring,1,Área Metropolitana do Porto,11.474471,0.0025778564,0,0
131217,"Cedofeita, Ildefonso, Sé, Miragaia, Nicolau, Vitória",Porto,2025-04-01,2025,4,27931284.58,17.14525796550511,19706734.578,8224550.002,2024-09-01,1,7.0,False,0,0,0,1,0,1,0.8660254037844387,-0.4999999999999998,Spring,2,Área Metropolitana do Porto,14.506544,0.003075119,3,1
131217,"Cedofeita, Ildefonso, Sé, Miragaia, Nicolau, Vitória",Porto,2025-05-01,2025,5,28261631.046000004,17.157015684650084,19597930.62,8663700.426,2024-09-01,1,8.0,False,0,0,0,1,0,1,0.4999999999999999,-0.8660254037844387,Spring,2,Área Metropolitana do Porto,16.55379,0.0014004215,1,1
131217,"Cedofeita, Ildefonso, Sé, Miragaia, Nicolau, Vitória",Porto,2025-06-01,2025,6,28720991.65,17.173138864569292,19485006.174,9235985.476,2024-09-01,1,9.0,False,0,0,0,1,0,1,1.2246467991473532e-16,-1.0,Summer,2,Área Metropolitana do Porto,20.46006,0.00044758894,2,1
131217,"Cedofeita, Ildefonso, Sé, Miragaia, Nicolau, Vitória",Porto,2025-07-01,2025,7,31241294.232,17.25725134276771,20938128.266,10303165.966,2024-09-01,1,10.0,False,0,0,0,1,0,1,-0.4999999999999997,-0.8660254037844388,Summer,3,Área Metropolitana do Porto,22.512743,0.00028591312,0,0
131217,"Cedofeita, Ildefonso, Sé, Miragaia, Nicolau, Vitória",Porto,2025-08-01,2025,8,30340209.33,17.227984464293062,20407427.961,9932781.369,2024-09-01,1,11.0,False,0,0,0,1,0,1,-0.8660254037844385,-0.5000000000000004,Summer,3,Área Metropolitana do Porto,22.588182,0.00022278869,1,1
131217,"Cedofeita, Ildefonso, Sé, Miragaia, Nicolau, Vitória",Porto,2025-09-01,2025,9,28003435.546000004,17.147837794394018,18984049.863,9019385.683,2024-09-01,1,12.0,False,0,0,0,1,0,1,-1.0,-1.8369701987210292e-16,Autumn,3,Área Metropolitana do Porto,18.788864,0.00065270625,0,0
131217,"Cedofeita, Ildefonso, Sé, Miragaia, Nicolau, Vitória",Porto,2025-10-01,2025,10,29103046.705,17.18635345878828,19911783.709,9191262.996,2024-09-01,1,13.0,False,0,0,0,1,0,1,-0.8660254037844386,0.5000000000000001,Autumn,4,Área Metropolitana do Porto,18.06098,0.0024081091,1,1
131218,Lordelo do Ouro e Massarelos,Porto,2024-06-01,2024,6,13038494.920000002,16.38341676425192,7114086.565,5924408.355,2024-06-01,1,0.0,False,1,0,1,1,0,1,1.2246467991473532e-16,-1.0,Summer,2,Área Metropolitana do Porto,18.8911,0.0013579618,1,1
131218,Lordelo do Ouro e Massarelos,Porto,2024-07-01,2024,7,13563464.16,16.422890350603893,7342035.45,6221428.71,2024-06-01,1,1.0,False,0,0,0,1,0,1,-0.4999999999999997,-0.8660254037844388,Summer,3,Área Metropolitana do Porto,21.314352,0.00033405167,0,0
131218,Lordelo do Ouro e Massarelos,Porto,2024-08-01,2024,8,13217342.93,16.3970404591915,7075997.815,6141345.115,2024-06-01,1,2.0,False,1,0,1,2,0,2,-0.8660254037844385,-0.5000000000000004,Summer,3,Área Metropolitana do Porto,21.733551,4.7774334e-05,1,1
131218,Lordelo do Ouro e Massarelos,Porto,2024-09-01,2024,9,12957022.147,16.377148527056832,7095806.761,5861215.386,2024-06-01,1,3.0,False,0,0,0,2,0,2,-1.0,-1.8369701987210292e-16,Autumn,3,Área Metropolitana do Porto,19.07441,0.0016157079,0,0
131218,Lordelo do Ouro e Massarelos,Porto,2024-10-01,2024,10,13711642.968,16.433755954488436,7705006.978,6006635.99,2024-06-01,1,4.0,False,0,0,0,2,0,2,-0.8660254037844386,0.5000000000000001,Autumn,4,Área Metropolitana do Porto,17.39241,0.0028214897,1,1
131218,Lordelo do Ouro e Massarelos,Porto,2024-11-01,2024,11,13478285.404,16.416590534002843,7949973.713,5528311.691,2024-06-01,1,5.0,False,0,0,0,2,0,2,-0.5000000000000004,0.8660254037844384,Autumn,4,Área Metropolitana do Porto,15.648907,0.0012519751,1,1
131218,Lordelo do Ouro e Massarelos,Porto,2024-12-01,2024,12,14890342.471,16.516223471620474,9376640.718,5513701.753,2024-06-01,1,6.0,False,0,0,0,2,0,2,-2.4492935982947064e-16,1.0,Winter,4,Área Metropolitana do Porto,10.536939,0.0003741847,3,1
131218,Lordelo do Ouro e Massarelos,Porto,2025-01-01,2025,1,15946218.81,16.58473235659776,10297289.455,5648929.355,2024-06-01,1,7.0,False,0,0,0,2,0,2,0.4999999999999999,0.8660254037844387,Winter,1,Área Metropolitana do Porto,11.120857,0.0043605575,1,1
131218,Lordelo do Ouro e Massarelos,Porto,2025-02-01,2025,2,14022367.603999998,16.456164369951676,8979102.031,5043265.573,2024-06-01,1,8.0,False,0,0,0,2,0,2,0.8660254037844386,0.5000000000000001,Winter,1,Área Metropolitana do Porto,11.340338,0.0016931776,0,0
131218,Lordelo do Ouro e Massarelos,Porto,2025-03-01,2025,3,14657305.766,16.500449524448598,9232921.091,5424384.675,2024-06-01,1,9.0,False,0,0,0,2,0,2,1.0,6.123233995736766e-17,Spring,1,Área Metropolitana do Porto,11.632641,0.002681712,0,0
131218,Lordelo do Ouro e Massarelos,Porto,2025-04-01,2025,4,12871810.681,16.370550337419928,7780050.151,5091760.53,2024-06-01,1,10.0,False,0,0,0,2,0,2,0.8660254037844387,-0.4999999999999998,Spring,2,Área Metropolitana do Porto,14.646182,0.0031815295,3,1
131218,Lordelo do Ouro e Massarelos,Porto,2025-05-01,2025,5,13118230.729,16.389513555643966,7604129.357,5514101.372,2024-06-01,1,11.0,False,0,0,0,2,0,2,0.4999999999999999,-0.8660254037844387,Spring,2,Área Metropolitana do Porto,16.633017,0.0014245462,1,1
131218,Lordelo do Ouro e Massarelos,Porto,2025-06-01,2025,6,13141763.579,16.39130585264383,7355342.269,5786421.31,2024-06-01,1,12.0,False,0,0,0,2,0,2,1.2246467991473532e-16,-1.0,Summer,2,Área Metropolitana do Porto,20.523325,0.0003947782,2,1
131218,Lordelo do Ouro e Massarelos,Porto,2025-07-01,2025,7,13747055.423,16.436335280831546,7612998.16,6134057.263,2024-06-01,1,13.0,False,0,0,0,2,0,2,-0.4999999999999997,-0.8660254037844388,Summer,3,Área Metropolitana do Porto,22.568066,0.00029465577,0,0
131218,Lordelo do Ouro e Massarelos,Porto,2025-08-01,2025,8,13264950.827,16.4006359139605,7264781.569,6000169.258,2024-06-01,1,14.0,False,0,0,0,2,0,2,-0.8660254037844385,-0.5000000000000004,Summer,3,Área Metropolitana do Porto,22.63484,0.00021681988,1,1
131218,Lordelo do Ouro e Massarelos,Porto,2025-09-01,2025,9,12679884.154,16.355527449676817,7160375.12,5519509.034,2024-06-01,1,15.0,False,0,0,0,2,0,2,-1.0,-1.8369701987210292e-16,Autumn,3,Área Metropolitana do Porto,18.897697,0.0006597855,0,0
131218,Lordelo do Ouro e Massarelos,Porto,2025-10-01,2025,10,13455413.322,16.414892134831437,7766512.344,5688900.978,2024-06-01,1,16.0,False,0,0,0,2,0,2,-0.8660254037844386,0.5000000000000001,Autumn,4,Área Metropolitana do Porto,18.260063,0.0023993833,1,1
131305,Balazar,Póvoa de Varzim,2024-10-01,2024,10,1927803.708,14.471892456491071,587163.051,1340640.657,,0,0.0,True,0,0,0,0,0,0,-0.8660254037844386,0.5000000000000001,Autumn,4,Área Metropolitana do Porto,17.120594,0.0031382972,1,1
131305,Balazar,Póvoa de Varzim,2024-11-01,2024,11,2062755.728,14.539553863626525,597947.119,1464808.609,,0,1.0,True,0,0,0,0,0,0,-0.5000000000000004,0.8660254037844384,Autumn,4,Área Metropolitana do Porto,15.336624,0.001189044,1,1
131305,Balazar,Póvoa de Varzim,2024-12-01,2024,12,1555593.028,14.25736804222319,707669.96,847923.068,,0,2.0,True,0,0,0,0,0,0,-2.4492935982947064e-16,1.0,Winter,4,Área Metropolitana do Porto,10.137236,0.00050313806,3,1
131305,Balazar,Póvoa de Varzim,2025-01-01,2025,1,1979585.51,14.498398547528668,742257.223,1237328.287,,0,3.0,True,0,0,0,0,0,0,0.4999999999999999,0.8660254037844387,Winter,1,Área Metropolitana do Porto,10.786856,0.0049654506,1,1
131305,Balazar,Póvoa de Varzim,2025-02-01,2025,2,2041282.865,14.52908951345375,628931.222,1412351.643,,0,4.0,True,0,0,0,0,0,0,0.8660254037844386,0.5000000000000001,Winter,1,Área Metropolitana do Porto,10.992876,0.0018172193,0,0
131305,Balazar,Póvoa de Varzim,2025-03-01,2025,3,2365235.431,14.676388545735945,635967.898,1729267.533,,0,5.0,True,0,0,0,0,0,0,1.0,6.123233995736766e-17,Spring,1,Área Metropolitana do Porto,11.333668,0.0025560507,0,0
131305,Balazar,Póvoa de Varzim,2025-04-01,2025,4,2276297.449,14.63806119436636,547230.412,1729067.037,,0,6.0,True,0,0,0,0,0,0,0.8660254037844387,-0.4999999999999998,Spring,2,Área Metropolitana do Porto,14.383118,0.003054146,3,1
131305,Balazar,Póvoa de Varzim,2025-05-01,2025,5,2356662.326,14.672757331664744,540825.438,1815836.888,,0,7.0,True,0,0,0,0,0,0,0.4999999999999999,-0.8660254037844387,Spring,2,Área Metropolitana do Porto,16.458231,0.001352692,1,1
131305,Balazar,Póvoa de Varzim,2025-06-01,2025,6,2219484.275,14.612785868857108,637648.562,1581835.713,,0,8.0,True,0,0,0,0,0,0,1.2246467991473532e-16,-1.0,Summer,2,Área Metropolitana do Porto,20.408844,0.00050888455,2,1
131305,Balazar,Póvoa de Varzim,2025-07-01,2025,7,2420292.266,14.699399275088163,818061.593,1602230.673,,0,9.0,True,0,0,0,0,0,0,-0.4999999999999997,-0.8660254037844388,Summer,3,Área Metropolitana do Porto,22.449768,0.00024826385,0,0
131305,Balazar,Póvoa de Varzim,2025-08-01,2025,8,1686165.214,14.337967997500908,733359.923,952805.291,,0,10.0,True,0,0,0,0,0,0,-0.8660254037844385,-0.5000000000000004,Summer,3,Área Metropolitana do Porto,22.553263,0.00022383373,1,1
131305,Balazar,Póvoa de Varzim,2025-09-01,2025,9,2103326.623,14.559031230948612,566002.255,1537324.368,,0,11.0,True,0,0,0,0,0,0,-1.0,-1.8369701987210292e-16,Autumn,3,Área Metropolitana do Porto,18.601042,0.0007126568,0,0
131305,Balazar,Póvoa de Varzim,2025-10-01,2025,10,2164256.947,14.58758811101306,603269.154,1560987.793,,0,12.0,True,0,0,0,0,0,0,-0.8660254037844386,0.5000000000000001,Autumn,4,Área Metropolitana do Porto,17.813175,0.002531177,1,1
131307,Estela,Póvoa de Varzim,2024-09-01,2024,9,893999.98,13.703462150351918,522268.547,371731.433,,0,0.0,True,0,0,0,0,0,0,-1.0,-1.8369701987210292e-16,Autumn,3,Área Metropolitana do Porto,18.997519,0.0015901008,0,0
131307,Estela,Póvoa de Varzim,2024-10-01,2024,10,916004.312,13.72777744276609,519190.141,396814.171,,0,1.0,True,0,0,0,0,0,0,-0.8660254037844386,0.5000000000000001,Autumn,4,Área Metropolitana do Porto,17.454159,0.0029070282,1,1
131307,Estela,Póvoa de Varzim,2024-11-01,2024,11,929659.403,13.742574640378482,503293.243,426366.16,,0,2.0,True,0,0,0,0,0,0,-0.5000000000000004,0.8660254037844384,Autumn,4,Área Metropolitana do Porto,15.715603,0.0011721377,1,1
131307,Estela,Póvoa de Varzim,2024-12-01,2024,12,1016887.692,13.832258221646596,573229.554,443658.138,,0,3.0,True,0,0,0,0,0,0,-2.4492935982947064e-16,1.0,Winter,4,Área Metropolitana do Porto,10.526538,0.00048404743,3,1
131307,Estela,Póvoa de Varzim,2025-01-01,2025,1,1103369.782,13.913880399498868,606694.672,496675.11,,0,4.0,True,0,0,0,0,0,0,0.4999999999999999,0.8660254037844387,Winter,1,Área Metropolitana do Porto,11.183696,0.004801324,1,1
131307,Estela,Póvoa de Varzim,2025-02-01,2025,2,976476.479,13.791706966052883,529481.639,446994.84,,0,5.0,True,0,0,0,0,0,0,0.8660254037844386,0.5000000000000001,Winter,1,Área Metropolitana do Porto,11.355239,0.0018305271,0,0
131307,Estela,Póvoa de Varzim,2025-03-01,2025,3,1014739.97,13.830143935918016,553253.236,461486.734,,0,6.0,True,0,0,0,0,0,0,1.0,6.123233995736766e-17,Spring,1,Área Metropolitana do Porto,11.713411,0.0025628177,0,0
131307,Estela,Póvoa de Varzim,2025-04-01,2025,4,916549.913,13.728372896273797,496819.997,419729.916,,0,7.0,True,0,0,0,0,0,0,0.8660254037844387,-0.4999999999999998,Spring,2,Área Metropolitana do Porto,14.719527,0.0030515105,3,1
131307,Estela,Póvoa de Varzim,2025-05-01,2025,5,937039.266,13.750481533616336,511231.333,425807.933,,0,8.0,True,0,0,0,0,0,0,0.4999999999999999,-0.8660254037844387,Spring,2,Área Metropolitana do Porto,16.704823,0.0013551611,1,1
131307,Estela,Póvoa de Varzim,2025-06-01,2025,6,973859.026,13.789022861825051,555671.557,418187.469,,0,9.0,True,0,0,0,0,0,0,1.2246467991473532e-16,-1.0,Summer,2,Área Metropolitana do Porto,20.418455,0.00049171963,2,1
131307,Estela,Póvoa de Varzim,2025-07-01,2025,7,1082780.071,13.89504335504011,642134.291,440645.78,,0,10.0,True,0,0,0,0,0,0,-0.4999999999999997,-0.8660254037844388,Summer,3,Área Metropolitana do Porto,22.42511,0.00023045657,0,0
131307,Estela,Póvoa de Varzim,2025-08-01,2025,8,1083539.424,13.895744407984331,603312.103,480227.321,,0,11.0,True,0,0,0,0,0,0,-0.8660254037844385,-0.5000000000000004,Summer,3,Área Metropolitana do Porto,22.419378,0.000215916,1,1
131307,Estela,Póvoa de Varzim,2025-09-01,2025,9,1000804.742,13.816315975528452,517379.779,483424.963,,0,12.0,True,0,0,0,0,0,0,-1.0,-1.8369701987210292e-16,Autumn,3,Área Metropolitana do Porto,18.797749,0.0006961012,0,0
131308,Laundos,Póvoa de Varzim,2024-02-01,2024,2,1670649.668,14.328723730067056,560231.519,1110418.149,,0,0.0,True,0,0,0,0,0,0,0.8660254037844386,0.5000000000000001,Winter,1,Área Metropolitana do Porto,12.387464,0.0023755906,0,0
131308,Laundos,Póvoa de Varzim,2024-03-01,2024,3,1754201.181,14.377524713800437,577653.359,1176547.822,,0,1.0,True,0,0,0,0,0,0,1.0,6.123233995736766e-17,Spring,1,Área Metropolitana do Porto,12.195551,0.0033734243,2,1
131308,Laundos,Póvoa de Varzim,2024-04-01,2024,4,1563047.86,14.262148869311693,501835.319,1061212.541,,0,2.0,True,0,0,0,0,0,0,0.8660254037844387,-0.4999999999999998,Spring,2,Área Metropolitana do Porto,15.097986,0.0016523999,1,1
131308,Laundos,Póvoa de Varzim,2024-05-01,2024,5,1601133.36,14.28622291100596,483563.451,1117569.909,,0,3.0,True,0,0,0,0,0,0,0.4999999999999999,-0.8660254037844387,Spring,2,Área Metropolitana do Porto,15.600833,0.0014213386,2,1
131308,Laundos,Póvoa de Varzim,2024-06-01,2024,6,1606713.785,14.28970214608033,462520.783,1144193.002,,0,4.0,True,0,0,0,0,0,0,1.2246467991473532e-16,-1.0,Summer,2,Área Metropolitana do Porto,18.922497,0.0012538676,1,1
131308,Laundos,Póvoa de Varzim,2024-07-01,2024,7,1881122.039,14.447379517627184,539035.163,1342086.876,,0,5.0,True,0,0,0,0,0,0,-0.4999999999999997,-0.8660254037844388,Summer,3,Área Metropolitana do Porto,21.178106,0.00041658172,0,0
131308,Laundos,Póvoa de Varzim,2024-08-01,2024,8,1861683.652,14.436992362648011,545323.004,1316360.648,,0,6.0,True,0,0,0,0,0,0,-0.8660254037844385,-0.5000000000000004,Summer,3,Área Metropolitana do Porto,21.650047,4.4922283e-05,1,1
131308,Laundos,Póvoa de Varzim,2024-09-01,2024,9,1752243.737,14.37640823079122,492658.494,1259585.243,,0,7.0,True,0,0,0,0,0,0,-1.0,-1.8369701987210292e-16,Autumn,3,Área Metropolitana do Porto,18.997519,0.0015901008,0,0
131308,Laundos,Póvoa de Varzim,2024-10-01,2024,10,1844473.301,14.427704863148696,524186.815,1320286.486,,0,8.0,True,0,0,0,0,0,0,-0.8660254037844386,0.5000000000000001,Autumn,4,Área Metropolitana do Porto,17.454159,0.0029070282,1,1
131308,Laundos,Póvoa de Varzim,2024-11-01,2024,11,1760909.871,14.38134177347743,529740.882,1231168.989,,0,9.0,True,0,0,0,0,0,0,-0.5000000000000004,0.8660254037844384,Autumn,4,Área Metropolitana do Porto,15.715603,0.0011721377,1,1
131308,Laundos,Póvoa de Varzim,2024-12-01,2024,12,1783795.6150000002,14.39425458057818,608486.859,1175308.756,,0,10.0,True,0,0,0,0,0,0,-2.4492935982947064e-16,1.0,Winter,4,Área Metropolitana do Porto,10.526538,0.00048404743,3,1
131308,Laundos,Póvoa de Varzim,2025-01-01,2025,1,1967697.825,14.492375308805885,663207.278,1304490.547,,0,11.0,True,0,0,0,0,0,0,0.4999999999999999,0.8660254037844387,Winter,1,Área Metropolitana do Porto,11.183696,0.004801324,1,1
131308,Laundos,Póvoa de Varzim,2025-02-01,2025,2,1710557.004,14.352330193377316,575430.017,1135126.987,,0,12.0,True,0,0,0,0,0,0,0.8660254037844386,0.5000000000000001,Winter,1,Área Metropolitana do Porto,11.355239,0.0018305271,0,0
131311,Rates,Póvoa de Varzim,2024-10-01,2024,10,719018.274,13.48564344301983,543249.092,175769.182,,0,0.0,True,0,0,0,0,0,0,-0.8660254037844386,0.5000000000000001,Autumn,4,Área Metropolitana do Porto,17.454159,0.0029070282,1,1
131311,Rates,Póvoa de Varzim,2024-11-01,2024,11,730362.6669999999,13.50129786304972,550901.418,179461.249,,0,1.0,True,0,0,0,0,0,0,-0.5000000000000004,0.8660254037844384,Autumn,4,Área Metropolitana do Porto,15.715603,0.0011721377,1,1
131311,Rates,Póvoa de Varzim,2024-12-01,2024,12,812303.47,13.607630511916923,640487.269,171816.201,,0,2.0,True,0,0,0,0,0,0,-2.4492935982947064e-16,1.0,Winter,4,Área Metropolitana do Porto,10.526538,0.00048404743,3,1
131311,Rates,Póvoa de Varzim,2025-01-01,2025,1,892045.427,13.701273458413963,697616.167,194429.26,,0,3.0,True,0,0,0,0,0,0,0.4999999999999999,0.8660254037844387,Winter,1,Área Metropolitana do Porto,11.183696,0.004801324,1,1
131311,Rates,Póvoa de Varzim,2025-02-01,2025,2,785957.395,13.574659137440392,604047.129,181910.266,,0,4.0,True,0,0,0,0,0,0,0.8660254037844386,0.5000000000000001,Winter,1,Área Metropolitana do Porto,11.355239,0.0018305271,0,0
131311,Rates,Póvoa de Varzim,2025-03-01,2025,3,790092.097,13.579906061803907,606087.266,184004.831,,0,5.0,True,0,0,0,0,0,0,1.0,6.123233995736766e-17,Spring,1,Área Metropolitana do Porto,11.713411,0.0025628177,0,0
131311,Rates,Póvoa de Varzim,2025-04-01,2025,4,679289.362,13.428803946943896,520446.35,158843.012,,0,6.0,True,0,0,0,0,0,0,0.8660254037844387,-0.4999999999999998,Spring,2,Área Metropolitana do Porto,14.719527,0.0030515105,3,1
131311,Rates,Póvoa de Varzim,2025-05-01,2025,5,668610.568,13.412958554643168,508597.934,160012.634,,0,7.0,True,0,0,0,0,0,0,0.4999999999999999,-0.8660254037844387,Spring,2,Área Metropolitana do Porto,16.704823,0.0013551611,1,1
131311,Rates,Póvoa de Varzim,2025-06-01,2025,6,760462.091,13.541682856959364,605900.092,154561.999,,0,8.0,True,0,0,0,0,0,0,1.2246467991473532e-16,-1.0,Summer,2,Área Metropolitana do Porto,20.418455,0.00049171963,2,1
131311,Rates,Póvoa de Varzim,2025-07-01,2025,7,914234.001,13.72584293007995,744690.294,169543.707,,0,9.0,True,0,0,0,0,0,0,-0.4999999999999997,-0.8660254037844388,Summer,3,Área Metropolitana do Porto,22.42511,0.00023045657,0,0
131311,Rates,Póvoa de Varzim,2025-08-01,2025,8,803201.093,13.5963616337429,641529.74,161671.353,,0,10.0,True,0,0,0,0,0,0,-0.8660254037844385,-0.5000000000000004,Summer,3,Área Metropolitana do Porto,22.419378,0.000215916,1,1
131311,Rates,Póvoa de Varzim,2025-09-01,2025,9,658542.3300000001,13.3977855990637,501002.787,157539.543,,0,11.0,True,0,0,0,0,0,0,-1.0,-1.8369701987210292e-16,Autumn,3,Área Metropolitana do Porto,18.797749,0.0006961012,0,0
131311,Rates,Póvoa de Varzim,2025-10-01,2025,10,758664.12,13.539315746893848,550137.562,208526.558,,0,12.0,True,0,0,0,0,0,0,-0.8660254037844386,0.5000000000000001,Autumn,4,Área Metropolitana do Porto,18.01437,0.0024052393,1,1
131401,Agrela,Santo Tirso,2024-10-01,2024,10,317246.68,12.667438072705137,227225.307,90021.373,,0,0.0,True,0,0,0,0,0,0,-0.8660254037844386,0.5000000000000001,Autumn,4,Área Metropolitana do Porto,16.472824,0.0035632167,1,1
131401,Agrela,Santo Tirso,2024-11-01,2024,11,316701.389,12.665717775914764,239750.301,76951.088,,0,1.0,True,0,0,0,0,0,0,-0.5000000000000004,0.8660254037844384,Autumn,4,Área Metropolitana do Porto,14.596025,0.0012326972,1,1
131401,Agrela,Santo Tirso,2024-12-01,2024,12,369735.616,12.820546182487208,296102.672,73632.944,,0,2.0,True,0,0,0,0,0,0,-2.4492935982947064e-16,1.0,Winter,4,Área Metropolitana do Porto,9.342561,0.0005388929,3,1
131401,Agrela,Santo Tirso,2025-01-01,2025,1,403992.105,12.909153089965963,324750.17,79241.935,,0,3.0,True,0,0,0,0,0,0,0.4999999999999999,0.8660254037844387,Winter,1,Área Metropolitana do Porto,10.018929,0.0052771126,1,1
131401,Agrela,Santo Tirso,2025-02-01,2025,2,354279.72000000003,12.777844872212295,278307.688,75972.032,,0,4.0,True,0,0,0,0,0,0,0.8660254037844386,0.5000000000000001,Winter,1,Área Metropolitana do Porto,10.285994,0.0017876341,0,0
131401,Agrela,Santo Tirso,2025-03-01,2025,3,362886.663,12.801848597032226,279491.373,83395.29,,0,5.0,True,0,0,0,0,0,0,1.0,6.123233995736766e-17,Spring,1,Área Metropolitana do Porto,10.605065,0.0025614437,0,0
131401,Agrela,Santo Tirso,2025-04-01,2025,4,313580.225,12.65581369640595,231145.782,82434.443,,0,6.0,True,0,0,0,0,0,0,0.8660254037844387,-0.4999999999999998,Spring,2,Área Metropolitana do Porto,13.736104,0.0030752067,3,1
131401,Agrela,Santo Tirso,2025-05-01,2025,5,303321.032,12.622550331988002,220420.959,82900.073,,0,7.0,True,0,0,0,0,0,0,0.4999999999999999,-0.8660254037844387,Spring,2,Área Metropolitana do Porto,15.9828415,0.001354283,1,1
131401,Agrela,Santo Tirso,2025-06-01,2025,6,290696.475,12.580038400578731,211509.866,79186.609,,0,8.0,True,0,0,0,0,0,0,1.2246467991473532e-16,-1.0,Summer,2,Área Metropolitana do Porto,20.388744,0.00054451596,2,1
131401,Agrela,Santo Tirso,2025-07-01,2025,7,314250.389,12.657948546490458,224366.257,89884.132,,0,9.0,True,0,0,0,0,0,0,-0.4999999999999997,-0.8660254037844388,Summer,3,Área Metropolitana do Porto,22.469496,0.00027967864,0,0
131401,Agrela,Santo Tirso,2025-08-01,2025,8,300632.386,12.613646814671393,220008.224,80624.162,,0,10.0,True,0,0,0,0,0,0,-0.8660254037844385,-0.5000000000000004,Summer,3,Área Metropolitana do Porto,22.773788,0.00024168655,1,1
131401,Agrela,Santo Tirso,2025-09-01,2025,9,268486.523,12.500559722577584,207510.9,60975.623,,0,11.0,True,0,0,0,0,0,0,-1.0,-1.8369701987210292e-16,Autumn,3,Área Metropolitana do Porto,18.196184,0.00074626843,0,0
131401,Agrela,Santo Tirso,2025-10-01,2025,10,296325.421,12.599216899346647,233599.88,62725.541,,0,12.0,True,0,0,0,0,0,0,-0.8660254037844386,0.5000000000000001,Autumn,4,Área Metropolitana do Porto,17.411047,0.0027635104,1,1
131402,Água Longa,Santo Tirso,2024-07-01,2024,7,4246951.779,15.261712290561592,422404.508,3824547.271,2024-07-01,1,0.0,False,1,0,1,1,0,1,-0.4999999999999997,-0.8660254037844388,Summer,3,Área Metropolitana do Porto,21.265545,0.00045029927,0,0
131402,Água Longa,Santo Tirso,2024-08-01,2024,8,4255440.564,15.263709089928474,415931.699,3839508.865,2024-07-01,1,1.0,False,0,0,0,1,0,1,-0.8660254037844385,-0.5000000000000004,Summer,3,Área Metropolitana do Porto,21.95894,5.57908e-05,1,1
131402,Água Longa,Santo Tirso,2024-09-01,2024,9,4355944.076,15.287052154140069,414054.055,3941890.021,2024-07-01,1,2.0,False,0,0,0,1,0,1,-1.0,-1.8369701987210292e-16,Autumn,3,Área Metropolitana do Porto,18.465391,0.0020204964,0,0
131402,Água Longa,Santo Tirso,2024-10-01,2024,10,4819833.007,15.388250047052026,463296.172,4356536.835,2024-07-01,1,3.0,False,0,0,0,1,0,1,-0.8660254037844386,0.5000000000000001,Autumn,4,Área Metropolitana do Porto,16.472824,0.0035632167,1,1
131402,Água Longa,Santo Tirso,2024-11-01,2024,11,4826453.699999999,15.389622739543553,479570.248,4346883.452,2024-07-01,1,4.0,False,0,0,0,1,0,1,-0.5000000000000004,0.8660254037844384,Autumn,4,Área Metropolitana do Porto,14.596025,0.0012326972,1,1
131402,Água Longa,Santo Tirso,2024-12-01,2024,12,4185084.729,15.247037746522665,564612.741,3620471.988,2024-07-01,1,5.0,False,0,0,0,1,0,1,-2.4492935982947064e-16,1.0,Winter,4,Área Metropolitana do Porto,9.342561,0.0005388929,3,1
131402,Água Longa,Santo Tirso,2025-01-01,2025,1,5219408.734,15.46789487568727,605575.153,4613833.581,2024-07-01,1,6.0,False,0,0,0,1,0,1,0.4999999999999999,0.8660254037844387,Winter,1,Área Metropolitana do Porto,10.018929,0.0052771126,1,1
131402,Água Longa,Santo Tirso,2025-02-01,2025,2,4851928.778,15.394887076146622,525287.999,4326640.779,2024-07-01,1,7.0,False,0,0,0,1,0,1,0.8660254037844386,0.5000000000000001,Winter,1,Área Metropolitana do Porto,10.285994,0.0017876341,0,0
131402,Água Longa,Santo Tirso,2025-03-01,2025,3,5015342.709,15.428012513221102,533542.62,4481800.089,2024-07-01,1,8.0,False,0,0,0,1,0,1,1.0,6.123233995736766e-17,Spring,1,Área Metropolitana do Porto,10.605065,0.0025614437,0,0
131402,Água Longa,Santo Tirso,2025-04-01,2025,4,4526573.634,15.325476059997646,462047.547,4064526.087,2024-07-01,1,9.0,False,0,0,0,1,0,1,0.8660254037844387,-0.4999999999999998,Spring,2,Área Metropolitana do Porto,13.736104,0.0030752067,3,1
131402,Água Longa,Santo Tirso,2025-05-01,2025,5,5075251.385,15.43988681269006,452743.145,4622508.24,2024-07-01,1,10.0,False,0,0,0,1,0,1,0.4999999999999999,-0.8660254037844387,Spring,2,Área Metropolitana do Porto,15.9828415,0.001354283,1,1
131402,Água Longa,Santo Tirso,2025-06-01,2025,6,5110400.631,15.446788556155878,450625.576,4659775.055,2024-07-01,1,11.0,False,0,0,0,1,0,1,1.2246467991473532e-16,-1.0,Summer,2,Área Metropolitana do Porto,20.388744,0.00054451596,2,1
131402,Água Longa,Santo Tirso,2025-07-01,2025,7,5399270.599,15.50177461336208,484744.011,4914526.588,2024-07-01,1,12.0,False,0,0,0,1,0,1,-0.4999999999999997,-0.8660254037844388,Summer,3,Área Metropolitana do Porto,22.469496,0.00027967864,0,0
131402,Água Longa,Santo Tirso,2025-08-01,2025,8,5380384.08,15.49827050578469,468178.758,4912205.322,2024-07-01,1,13.0,False,0,0,0,1,0,1,-0.8660254037844385,-0.5000000000000004,Summer,3,Área Metropolitana do Porto,22.773788,0.00024168655,1,1
131402,Água Longa,Santo Tirso,2025-09-01,2025,9,5212890.074,15.466645168461922,434389.981,4778500.093,2024-07-01,1,14.0,False,0,0,0,1,0,1,-1.0,-1.8369701987210292e-16,Autumn,3,Área Metropolitana do Porto,18.196184,0.00074626843,0,0
131402,Água Longa,Santo Tirso,2025-10-01,2025,10,5323980.911,15.48773206085801,478163.136,4845817.775,2024-07-01,1,15.0,False,0,0,0,1,0,1,-0.8660254037844386,0.5000000000000001,Autumn,4,Área Metropolitana do Porto,17.411047,0.0027635104,1,1
131405,Aves,Santo Tirso,2024-10-01,2024,10,5618691.527,15.541609548362212,1135103.228,4483588.299,,0,0.0,True,0,0,0,0,0,0,-0.8660254037844386,0.5000000000000001,Autumn,4,Área Metropolitana do Porto,15.838085,0.0038891658,1,1
131405,Aves,Santo Tirso,2024-11-01,2024,11,5430511.256,15.507544025582105,1191483.472,4239027.784,,0,1.0,True,0,0,0,0,0,0,-0.5000000000000004,0.8660254037844384,Autumn,4,Área Metropolitana do Porto,13.852713,0.001312555,1,1
131405,Aves,Santo Tirso,2024-12-01,2024,12,5146640.6620000005,15.453854955461304,1505442.511,3641198.151,,0,2.0,True,0,0,0,0,0,0,-2.4492935982947064e-16,1.0,Winter,4,Área Metropolitana do Porto,8.432496,0.00056717044,3,1
131405,Aves,Santo Tirso,2025-01-01,2025,1,5057351.509,15.43635368477131,1636545.955,3420805.554,,0,3.0,True,0,0,0,0,0,0,0.4999999999999999,0.8660254037844387,Winter,1,Área Metropolitana do Porto,9.274134,0.0055439323,1,1
131405,Aves,Santo Tirso,2025-02-01,2025,2,5568566.904,15.532648470048208,1391590.016,4176976.888,,0,4.0,True,0,0,0,0,0,0,0.8660254037844386,0.5000000000000001,Winter,1,Área Metropolitana do Porto,9.58022,0.0017422116,0,0
131405,Aves,Santo Tirso,2025-03-01,2025,3,4856288.903,15.395785309898312,1362521.442,3493767.461,,0,5.0,True,0,0,0,0,0,0,1.0,6.123233995736766e-17,Spring,1,Área Metropolitana do Porto,9.917375,0.0026282007,0,0
131405,Aves,Santo Tirso,2025-04-01,2025,4,4650186.6,15.35241812083576,1131307.467,3518879.133,,0,6.0,True,0,0,0,0,0,0,0.8660254037844387,-0.4999999999999998,Spring,2,Área Metropolitana do Porto,13.1216755,0.0031499767,3,1
131405,Aves,Santo Tirso,2025-05-01,2025,5,5353939.786,15.493343443232876,1114296.079,4239643.707,,0,7.0,True,0,0,0,0,0,0,0.4999999999999999,-0.8660254037844387,Spring,2,Área Metropolitana do Porto,15.5283575,0.0013788181,1,1
131405,Aves,Santo Tirso,2025-06-01,2025,6,5201888.235,15.464532431992028,1131581.444,4070306.791,,0,8.0,True,0,0,0,0,0,0,1.2246467991473532e-16,-1.0,Summer,2,Área Metropolitana do Porto,20.36826,0.0005854023,2,1
131405,Aves,Santo Tirso,2025-07-01,2025,7,5532176.660999999,15.526092086399334,1252724.163,4279452.498,,0,9.0,True,0,0,0,0,0,0,-0.4999999999999997,-0.8660254037844388,Summer,3,Área Metropolitana do Porto,22.399889,0.0003015534,0,0
131405,Aves,Santo Tirso,2025-08-01,2025,8,3258460.788,14.996765797817622,1183645.622,2074815.166,,0,10.0,True,0,0,0,0,0,0,-0.8660254037844385,-0.5000000000000004,Summer,3,Área Metropolitana do Porto,22.863693,0.00026768996,1,1
131405,Aves,Santo Tirso,2025-09-01,2025,9,4879760.575999999,15.40060691925872,1073643.208,3806117.368,,0,11.0,True,0,0,0,0,0,0,-1.0,-1.8369701987210292e-16,Autumn,3,Área Metropolitana do Porto,17.72542,0.0007820451,0,0
131405,Aves,Santo Tirso,2025-10-01,2025,10,5503430.413,15.52088234893493,1177519.079,4325911.334,,0,12.0,True,0,0,0,0,0,0,-0.8660254037844386,0.5000000000000001,Autumn,4,Área Metropolitana do Porto,16.98427,0.0029476837,1,1
131413,Monte Córdova,Santo Tirso,2024-04-01,2024,4,878281.617,13.685723708066403,489973.273,388308.344,,0,0.0,True,0,0,0,0,0,0,0.8660254037844387,-0.4999999999999998,Spring,2,Área Metropolitana do Porto,13.782144,0.0019075733,1,1
131413,Monte Córdova,Santo Tirso,2024-05-01,2024,5,869509.365,13.675685533349473,477295.932,392213.433,,0,1.0,True,0,0,0,0,0,0,0.4999999999999999,-0.8660254037844387,Spring,2,Área Metropolitana do Porto,14.326033,0.001859369,2,1
131413,Monte Córdova,Santo Tirso,2024-06-01,2024,6,813876.284,13.60956487686298,447520.917,366355.367,,0,2.0,True,0,0,0,0,0,0,1.2246467991473532e-16,-1.0,Summer,2,Área Metropolitana do Porto,18.359638,0.0013141466,1,1
131413,Monte Córdova,Santo Tirso,2024-07-01,2024,7,867145.191,13.672962858618776,481422.654,385722.537,,0,3.0,True,0,0,0,0,0,0,-0.4999999999999997,-0.8660254037844388,Summer,3,Área Metropolitana do Porto,21.266684,0.00049549283,0,0
131413,Monte Córdova,Santo Tirso,2024-08-01,2024,8,820749.037,13.617973880444556,479527.421,341221.616,,0,4.0,True,0,0,0,0,0,0,-0.8660254037844385,-0.5000000000000004,Summer,3,Área Metropolitana do Porto,22.048439,6.49049e-05,1,1
131413,Monte Córdova,Santo Tirso,2024-09-01,2024,9,824501.666,13.622535654451395,457587.422,366914.244,,0,5.0,True,0,0,0,0,0,0,-1.0,-1.8369701987210292e-16,Autumn,3,Área Metropolitana do Porto,18.043865,0.0022406047,0,0
131413,Monte Córdova,Santo Tirso,2024-10-01,2024,10,940369.314,13.75402902773167,504274.56,436094.754,,0,6.0,True,0,0,0,0,0,0,-0.8660254037844386,0.5000000000000001,Autumn,4,Área Metropolitana do Porto,15.838085,0.0038891658,1,1
131413,Monte Córdova,Santo Tirso,2024-11-01,2024,11,944312.867,13.758213876095152,524970.086,419342.781,,0,7.0,True,0,0,0,0,0,0,-0.5000000000000004,0.8660254037844384,Autumn,4,Área Metropolitana do Porto,13.852713,0.001312555,1,1
131413,Monte Córdova,Santo Tirso,2024-12-01,2024,12,981090.641,13.796421150086648,639622.94,341467.701,,0,8.0,True,0,0,0,0,0,0,-2.4492935982947064e-16,1.0,Winter,4,Área Metropolitana do Porto,8.432496,0.00056717044,3,1
131413,Monte Córdova,Santo Tirso,2025-01-01,2025,1,1088368.611,13.90019136470026,678982.968,409385.643,,0,9.0,True,0,0,0,0,0,0,0.4999999999999999,0.8660254037844387,Winter,1,Área Metropolitana do Porto,9.274134,0.0055439323,1,1
131413,Monte Córdova,Santo Tirso,2025-02-01,2025,2,955061.853,13.769532431956865,586631.958,368429.895,,0,10.0,True,0,0,0,0,0,0,0.8660254037844386,0.5000000000000001,Winter,1,Área Metropolitana do Porto,9.58022,0.0017422116,0,0
131413,Monte Córdova,Santo Tirso,2025-03-01,2025,3,1026707.249,13.84186836773418,598735.919,427971.33,,0,11.0,True,0,0,0,0,0,0,1.0,6.123233995736766e-17,Spring,1,Área Metropolitana do Porto,9.917375,0.0026282007,0,0
131413,Monte Córdova,Santo Tirso,2025-04-01,2025,4,909884.994,13.721074589325992,513077.827,396807.167,,0,12.0,True,0,0,0,0,0,0,0.8660254037844387,-0.4999999999999998,Spring,2,Área Metropolitana do Porto,13.1216755,0.0031499767,3,1
131416,Rebordoes,Santo Tirso,2024-10-01,2024,10,3515380.133,15.072658507789717,391378.704,3124001.429,,0,0.0,True,0,0,0,0,0,0,-0.8660254037844386,0.5000000000000001,Autumn,4,Área Metropolitana do Porto,15.838085,0.0038891658,1,1
131416,Rebordoes,Santo Tirso,2024-11-01,2024,11,3307355.99,15.011659935941216,423261.156,2884094.834,,0,1.0,True,0,0,0,0,0,0,-0.5000000000000004,0.8660254037844384,Autumn,4,Área Metropolitana do Porto,13.852713,0.001312555,1,1
131416,Rebordoes,Santo Tirso,2024-12-01,2024,12,3466589.202,15.058682018084845,551004.133,2915585.069,,0,2.0,True,0,0,0,0,0,0,-2.4492935982947064e-16,1.0,Winter,4,Área Metropolitana do Porto,8.432496,0.00056717044,3,1
131416,Rebordoes,Santo Tirso,2025-01-01,2025,1,3569077.437,15.087817979535368,579176.857,2989900.58,,0,3.0,True,0,0,0,0,0,0,0.4999999999999999,0.8660254037844387,Winter,1,Área Metropolitana do Porto,9.274134,0.0055439323,1,1
131416,Rebordoes,Santo Tirso,2025-02-01,2025,2,3425877.243,15.046868418122004,483101.931,2942775.312,,0,4.0,True,0,0,0,0,0,0,0.8660254037844386,0.5000000000000001,Winter,1,Área Metropolitana do Porto,9.58022,0.0017422116,0,0
131416,Rebordoes,Santo Tirso,2025-03-01,2025,3,3641266.4,15.10784236582315,475864.975,3165401.425,,0,5.0,True,0,0,0,0,0,0,1.0,6.123233995736766e-17,Spring,1,Área Metropolitana do Porto,9.917375,0.0026282007,0,0
131416,Rebordoes,Santo Tirso,2025-04-01,2025,4,3393387.794,15.037339624292835,393269.413,3000118.381,,0,6.0,True,0,0,0,0,0,0,0.8660254037844387,-0.4999999999999998,Spring,2,Área Metropolitana do Porto,13.1216755,0.0031499767,3,1
131416,Rebordoes,Santo Tirso,2025-05-01,2025,5,3320922.778,15.015753548574867,378885.637,2942037.141,,0,7.0,True,0,0,0,0,0,0,0.4999999999999999,-0.8660254037844387,Spring,2,Área Metropolitana do Porto,15.5283575,0.0013788181,1,1
131416,Rebordoes,Santo Tirso,2025-06-01,2025,6,3427324.384,15.047290743533674,386321.124,3041003.26,,0,8.0,True,0,0,0,0,0,0,1.2246467991473532e-16,-1.0,Summer,2,Área Metropolitana do Porto,20.36826,0.0005854023,2,1
131416,Rebordoes,Santo Tirso,2025-07-01,2025,7,3544433.623,15.080889219474576,430330.106,3114103.517,,0,9.0,True,0,0,0,0,0,0,-0.4999999999999997,-0.8660254037844388,Summer,3,Área Metropolitana do Porto,22.399889,0.0003015534,0,0
131416,Rebordoes,Santo Tirso,2025-08-01,2025,8,3487208.403,15.064612376335353,406344.954,3080863.449,,0,10.0,True,0,0,0,0,0,0,-0.8660254037844385,-0.5000000000000004,Summer,3,Área Metropolitana do Porto,22.863693,0.00026768996,1,1
131416,Rebordoes,Santo Tirso,2025-09-01,2025,9,3371688.897,15.030924629758672,365420.195,3006268.702,,0,11.0,True,0,0,0,0,0,0,-1.0,-1.8369701987210292e-16,Autumn,3,Área Metropolitana do Porto,17.72542,0.0007820451,0,0
131416,Rebordoes,Santo Tirso,2025-10-01,2025,10,3658908.974,15.1126758397085,409300.164,3249608.81,,0,12.0,True,0,0,0,0,0,0,-0.8660254037844386,0.5000000000000001,Autumn,4,Área Metropolitana do Porto,16.98427,0.0029476837,1,1
131418,Reguenga,Santo Tirso,2024-10-01,2024,10,203507.839,12.223464717810954,203507.839,0.0,,0,0.0,True,0,0,0,0,0,0,-0.8660254037844386,0.5000000000000001,Autumn,4,Área Metropolitana do Porto,15.838085,0.0038891658,1,1
131418,Reguenga,Santo Tirso,2024-11-01,2024,11,213998.2,12.273727555679244,213998.2,0.0,,0,1.0,True,0,0,0,0,0,0,-0.5000000000000004,0.8660254037844384,Autumn,4,Área Metropolitana do Porto,13.852713,0.001312555,1,1
131418,Reguenga,Santo Tirso,2024-12-01,2024,12,268533.24,12.500733708078124,268533.24,0.0,,0,2.0,True,0,0,0,0,0,0,-2.4492935982947064e-16,1.0,Winter,4,Área Metropolitana do Porto,8.432496,0.00056717044,3,1
131418,Reguenga,Santo Tirso,2025-01-01,2025,1,279052.603,12.5391591677978,279052.603,0.0,,0,3.0,True,0,0,0,0,0,0,0.4999999999999999,0.8660254037844387,Winter,1,Área Metropolitana do Porto,9.274134,0.0055439323,1,1
131418,Reguenga,Santo Tirso,2025-02-01,2025,2,235466.219,12.369326985297516,235466.219,0.0,,0,4.0,True,0,0,0,0,0,0,0.8660254037844386,0.5000000000000001,Winter,1,Área Metropolitana do Porto,9.58022,0.0017422116,0,0
131418,Reguenga,Santo Tirso,2025-03-01,2025,3,241388.411,12.39416672172904,241388.411,0.0,,0,5.0,True,0,0,0,0,0,0,1.0,6.123233995736766e-17,Spring,1,Área Metropolitana do Porto,9.917375,0.0026282007,0,0
131418,Reguenga,Santo Tirso,2025-04-01,2025,4,205120.686,12.231358672259445,205120.686,0.0,,0,6.0,True,0,0,0,0,0,0,0.8660254037844387,-0.4999999999999998,Spring,2,Área Metropolitana do Porto,13.1216755,0.0031499767,3,1
131418,Reguenga,Santo Tirso,2025-05-01,2025,5,200378.889,12.2079702888656,200378.889,0.0,,0,7.0,True,0,0,0,0,0,0,0.4999999999999999,-0.8660254037844387,Spring,2,Área Metropolitana do Porto,15.5283575,0.0013788181,1,1
131418,Reguenga,Santo Tirso,2025-06-01,2025,6,200861.441,12.21037557961669,200861.441,0.0,,0,8.0,True,0,0,0,0,0,0,1.2246467991473532e-16,-1.0,Summer,2,Área Metropolitana do Porto,20.36826,0.0005854023,2,1
131418,Reguenga,Santo Tirso,2025-07-01,2025,7,219829.232,12.300610854714566,219829.232,0.0,,0,9.0,True,0,0,0,0,0,0,-0.4999999999999997,-0.8660254037844388,Summer,3,Área Metropolitana do Porto,22.399889,0.0003015534,0,0
131418,Reguenga,Santo Tirso,2025-08-01,2025,8,217360.411,12.28931673561394,217360.411,0.0,,0,10.0,True,0,0,0,0,0,0,-0.8660254037844385,-0.5000000000000004,Summer,3,Área Metropolitana do Porto,22.863693,0.00026768996,1,1
131418,Reguenga,Santo Tirso,2025-09-01,2025,9,197011.44,12.191022152934549,197011.44,0.0,,0,11.0,True,0,0,0,0,0,0,-1.0,-1.8369701987210292e-16,Autumn,3,Área Metropolitana do Porto,17.72542,0.0007820451,0,0
131418,Reguenga,Santo Tirso,2025-10-01,2025,10,210932.634,12.259298832177327,210932.634,0.0,,0,12.0,True,0,0,0,0,0,0,-0.8660254037844386,0.5000000000000001,Autumn,4,Área Metropolitana do Porto,16.98427,0.0029476837,1,1
131419,Roriz,Santo Tirso,2024-10-01,2024,10,752792.525,13.531546265994212,0.0,752792.525,,0,0.0,True,0,0,0,0,0,0,-0.8660254037844386,0.5000000000000001,Autumn,4,Área Metropolitana do Porto,15.838085,0.0038891658,1,1
131419,Roriz,Santo Tirso,2024-11-01,2024,11,850246.209,13.653282420300105,0.0,850246.209,,0,1.0,True,0,0,0,0,0,0,-0.5000000000000004,0.8660254037844384,Autumn,4,Área Metropolitana do Porto,13.852713,0.001312555,1,1
131419,Roriz,Santo Tirso,2024-12-01,2024,12,935342.566,13.748669191044888,0.0,935342.566,,0,2.0,True,0,0,0,0,0,0,-2.4492935982947064e-16,1.0,Winter,4,Área Metropolitana do Porto,8.432496,0.00056717044,3,1
131419,Roriz,Santo Tirso,2025-01-01,2025,1,1105098.452,13.915445890694023,0.0,1105098.452,,0,3.0,True,0,0,0,0,0,0,0.4999999999999999,0.8660254037844387,Winter,1,Área Metropolitana do Porto,9.274134,0.0055439323,1,1
131419,Roriz,Santo Tirso,2025-02-01,2025,2,985813.547,13.801223529687448,0.0,985813.547,,0,4.0,True,0,0,0,0,0,0,0.8660254037844386,0.5000000000000001,Winter,1,Área Metropolitana do Porto,9.58022,0.0017422116,0,0
131419,Roriz,Santo Tirso,2025-03-01,2025,3,1057767.615,13.871672167103895,0.0,1057767.615,,0,5.0,True,0,0,0,0,0,0,1.0,6.123233995736766e-17,Spring,1,Área Metropolitana do Porto,9.917375,0.0026282007,0,0
131419,Roriz,Santo Tirso,2025-04-01,2025,4,874316.49,13.681198849543982,0.0,874316.49,,0,6.0,True,0,0,0,0,0,0,0.8660254037844387,-0.4999999999999998,Spring,2,Área Metropolitana do Porto,13.1216755,0.0031499767,3,1
131419,Roriz,Santo Tirso,2025-05-01,2025,5,913975.315,13.725559936533784,0.0,913975.315,,0,7.0,True,0,0,0,0,0,0,0.4999999999999999,-0.8660254037844387,Spring,2,Área Metropolitana do Porto,15.5283575,0.0013788181,1,1
131419,Roriz,Santo Tirso,2025-06-01,2025,6,912813.282,13.72428772377044,0.0,912813.282,,0,8.0,True,0,0,0,0,0,0,1.2246467991473532e-16,-1.0,Summer,2,Área Metropolitana do Porto,20.36826,0.0005854023,2,1
131419,Roriz,Santo Tirso,2025-07-01,2025,7,951453.491,13.765747135882972,0.0,951453.491,,0,9.0,True,0,0,0,0,0,0,-0.4999999999999997,-0.8660254037844388,Summer,3,Área Metropolitana do Porto,22.399889,0.0003015534,0,0
131419,Roriz,Santo Tirso,2025-08-01,2025,8,690150.257,13.444666065593252,0.0,690150.257,,0,10.0,True,0,0,0,0,0,0,-0.8660254037844385,-0.5000000000000004,Summer,3,Área Metropolitana do Porto,22.863693,0.00026768996,1,1
131419,Roriz,Santo Tirso,2025-09-01,2025,9,855934.283,13.659950048293792,0.0,855934.283,,0,11.0,True,0,0,0,0,0,0,-1.0,-1.8369701987210292e-16,Autumn,3,Área Metropolitana do Porto,17.72542,0.0007820451,0,0
131419,Roriz,Santo Tirso,2025-10-01,2025,10,999123.527,13.81463470151397,0.0,999123.527,,0,12.0,True,0,0,0,0,0,0,-0.8660254037844386,0.5000000000000001,Autumn,4,Área Metropolitana do Porto,16.98427,0.0029476837,1,1
131430,Negrelos (Sao Tome),Santo Tirso,2024-10-01,2024,10,679165.392,13.428621431011786,420506.89,258658.502,,0,0.0,True,0,0,0,0,0,0,-0.8660254037844386,0.5000000000000001,Autumn,4,Área Metropolitana do Porto,15.838085,0.0038891658,1,1
131430,Negrelos (Sao Tome),Santo Tirso,2024-11-01,2024,11,685680.3840000001,13.438168344004982,442138.53,243541.854,,0,1.0,True,0,0,0,0,0,0,-0.5000000000000004,0.8660254037844384,Autumn,4,Área Metropolitana do Porto,13.852713,0.001312555,1,1
131430,Negrelos (Sao Tome),Santo Tirso,2024-12-01,2024,12,794623.141,13.58562450322507,574782.575,219840.566,,0,2.0,True,0,0,0,0,0,0,-2.4492935982947064e-16,1.0,Winter,4,Área Metropolitana do Porto,8.432496,0.00056717044,3,1
131430,Negrelos (Sao Tome),Santo Tirso,2025-01-01,2025,1,855414.3119999999,13.65934237501221,596282.666,259131.646,,0,3.0,True,0,0,0,0,0,0,0.4999999999999999,0.8660254037844387,Winter,1,Área Metropolitana do Porto,9.274134,0.0055439323,1,1
131430,Negrelos (Sao Tome),Santo Tirso,2025-02-01,2025,2,732828.117,13.504667825450069,502159.158,230668.959,,0,4.0,True,0,0,0,0,0,0,0.8660254037844386,0.5000000000000001,Winter,1,Área Metropolitana do Porto,9.58022,0.0017422116,0,0
131430,Negrelos (Sao Tome),Santo Tirso,2025-03-01,2025,3,714203.363,13.478924423056895,499229.615,214973.748,,0,5.0,True,0,0,0,0,0,0,1.0,6.123233995736766e-17,Spring,1,Área Metropolitana do Porto,9.917375,0.0026282007,0,0
131430,Negrelos (Sao Tome),Santo Tirso,2025-04-01,2025,4,594061.4469999999,13.29473972244868,419467.735,174593.712,,0,6.0,True,0,0,0,0,0,0,0.8660254037844387,-0.4999999999999998,Spring,2,Área Metropolitana do Porto,13.1216755,0.0031499767,3,1
131430,Negrelos (Sao Tome),Santo Tirso,2025-05-01,2025,5,581421.728,13.273233358190112,414302.57,167119.158,,0,7.0,True,0,0,0,0,0,0,0.4999999999999999,-0.8660254037844387,Spring,2,Área Metropolitana do Porto,15.5283575,0.0013788181,1,1
131430,Negrelos (Sao Tome),Santo Tirso,2025-06-01,2025,6,619405.929,13.336517733090894,424739.237,194666.692,,0,8.0,True,0,0,0,0,0,0,1.2246467991473532e-16,-1.0,Summer,2,Área Metropolitana do Porto,20.36826,0.0005854023,2,1
131430,Negrelos (Sao Tome),Santo Tirso,2025-07-01,2025,7,681067.657,13.431418397964697,474115.736,206951.921,,0,9.0,True,0,0,0,0,0,0,-0.4999999999999997,-0.8660254037844388,Summer,3,Área Metropolitana do Porto,22.399889,0.0003015534,0,0
131430,Negrelos (Sao Tome),Santo Tirso,2025-08-01,2025,8,615476.852,13.330154240206168,456687.012,158789.84,,0,10.0,True,0,0,0,0,0,0,-0.8660254037844385,-0.5000000000000004,Summer,3,Área Metropolitana do Porto,22.863693,0.00026768996,1,1
131430,Negrelos (Sao Tome),Santo Tirso,2025-09-01,2025,9,585155.323,13.279634309320826,409542.365,175612.958,,0,11.0,True,0,0,0,0,0,0,-1.0,-1.8369701987210292e-16,Autumn,3,Área Metropolitana do Porto,17.72542,0.0007820451,0,0
131430,Negrelos (Sao Tome),Santo Tirso,2025-10-01,2025,10,654025.767,13.390903557736358,450461.661,203564.106,,0,12.0,True,0,0,0,0,0,0,-0.8660254037844386,0.5000000000000001,Autumn,4,Área Metropolitana do Porto,16.98427,0.0029476837,1,1
131432,Vilarinho,Santo Tirso,2024-10-01,2024,10,3606219.387,15.09817079762771,0.0,3606219.387,,0,0.0,True,0,0,0,0,0,0,-0.8660254037844386,0.5000000000000001,Autumn,4,Área Metropolitana do Porto,15.534163,0.004095943,1,1
131432,Vilarinho,Santo Tirso,2024-11-01,2024,11,3360302.413,15.027541829350548,0.0,3360302.413,,0,1.0,True,0,0,0,0,0,0,-0.5000000000000004,0.8660254037844384,Autumn,4,Área Metropolitana do Porto,13.411095,0.0013973541,1,1
131432,Vilarinho,Santo Tirso,2024-12-01,2024,12,3206938.266,14.980827540547727,0.0,3206938.266,,0,2.0,True,0,0,0,0,0,0,-2.4492935982947064e-16,1.0,Winter,4,Área Metropolitana do Porto,7.7923675,0.00058098993,3,1
131432,Vilarinho,Santo Tirso,2025-01-01,2025,1,3493150.393,15.066314864676247,0.0,3493150.393,,0,3.0,True,0,0,0,0,0,0,0.4999999999999999,0.8660254037844387,Winter,1,Área Metropolitana do Porto,8.760511,0.005712111,1,1
131432,Vilarinho,Santo Tirso,2025-02-01,2025,2,3009104.107,14.917153285876156,0.0,3009104.107,,0,4.0,True,0,0,0,0,0,0,0.8660254037844386,0.5000000000000001,Winter,1,Área Metropolitana do Porto,9.219715,0.0016765866,0,0
131432,Vilarinho,Santo Tirso,2025-03-01,2025,3,3174053.964,14.970520496868776,0.0,3174053.964,,0,5.0,True,0,0,0,0,0,0,1.0,6.123233995736766e-17,Spring,1,Área Metropolitana do Porto,9.575419,0.0027151203,0,0
131432,Vilarinho,Santo Tirso,2025-04-01,2025,4,2727823.068,14.819014804663496,0.0,2727823.068,,0,6.0,True,0,0,0,0,0,0,0.8660254037844387,-0.4999999999999998,Spring,2,Área Metropolitana do Porto,12.885022,0.0032135458,3,1
131432,Vilarinho,Santo Tirso,2025-05-01,2025,5,2505847.663,14.734138022750283,0.0,2505847.663,,0,7.0,True,0,0,0,0,0,0,0.4999999999999999,-0.8660254037844387,Spring,2,Área Metropolitana do Porto,15.463894,0.0014115964,1,1
131432,Vilarinho,Santo Tirso,2025-06-01,2025,6,2717349.41,14.815167849544242,0.0,2717349.41,,0,8.0,True,0,0,0,0,0,0,1.2246467991473532e-16,-1.0,Summer,2,Área Metropolitana do Porto,20.600859,0.00062042155,2,1
131432,Vilarinho,Santo Tirso,2025-07-01,2025,7,2939802.135,14.89385317618853,0.0,2939802.135,,0,9.0,True,0,0,0,0,0,0,-0.4999999999999997,-0.8660254037844388,Summer,3,Área Metropolitana do Porto,22.56991,0.00030831134,0,0
131432,Vilarinho,Santo Tirso,2025-08-01,2025,8,2461139.678,14.716135490681348,0.0,2461139.678,,0,10.0,True,0,0,0,0,0,0,-0.8660254037844385,-0.5000000000000004,Summer,3,Área Metropolitana do Porto,23.207497,0.00029149023,1,1
131432,Vilarinho,Santo Tirso,2025-09-01,2025,9,2948175.816,14.896697508783104,0.0,2948175.816,,0,11.0,True,0,0,0,0,0,0,-1.0,-1.8369701987210292e-16,Autumn,3,Área Metropolitana do Porto,17.5937,0.00080587657,0,0
131432,Vilarinho,Santo Tirso,2025-10-01,2025,10,3190672.541,14.975742593853134,0.0,3190672.541,,0,12.0,True,0,0,0,0,0,0,-0.8660254037844386,0.5000000000000001,Autumn,4,Área Metropolitana do Porto,16.823662,0.0030610987,1,1
131433,"Areias, Sequeiró, Lama e Palmeira",Santo Tirso,2024-09-01,2024,9,1251048.224,14.03949313639677,706728.225,544319.999,,0,0.0,True,0,0,0,0,0,0,-1.0,-1.8369701987210292e-16,Autumn,3,Área Metropolitana do Porto,18.465391,0.0020204964,0,0
131433,"Areias, Sequeiró, Lama e Palmeira",Santo Tirso,2024-10-01,2024,10,1467014.123,14.19874036586544,764521.554,702492.569,,0,1.0,True,0,0,0,0,0,0,-0.8660254037844386,0.5000000000000001,Autumn,4,Área Metropolitana do Porto,16.472824,0.0035632167,1,1
131433,"Areias, Sequeiró, Lama e Palmeira",Santo Tirso,2024-11-01,2024,11,1514800.0950000002,14.23079469787722,802265.067,712535.028,,0,2.0,True,0,0,0,0,0,0,-0.5000000000000004,0.8660254037844384,Autumn,4,Área Metropolitana do Porto,14.596025,0.0012326972,1,1
131433,"Areias, Sequeiró, Lama e Palmeira",Santo Tirso,2024-12-01,2024,12,1599036.642,14.284912532502108,1033757.542,565279.1,,0,3.0,True,0,0,0,0,0,0,-2.4492935982947064e-16,1.0,Winter,4,Área Metropolitana do Porto,9.342561,0.0005388929,3,1
131433,"Areias, Sequeiró, Lama e Palmeira",Santo Tirso,2025-01-01,2025,1,1868139.818,14.440454279297974,1099854.658,768285.16,,0,4.0,True,0,0,0,0,0,0,0.4999999999999999,0.8660254037844387,Winter,1,Área Metropolitana do Porto,10.018929,0.0052771126,1,1
131433,"Areias, Sequeiró, Lama e Palmeira",Santo Tirso,2025-02-01,2025,2,1689141.452,14.339731533263627,926707.506,762433.946,,0,5.0,True,0,0,0,0,0,0,0.8660254037844386,0.5000000000000001,Winter,1,Área Metropolitana do Porto,10.285994,0.0017876341,0,0
131433,"Areias, Sequeiró, Lama e Palmeira",Santo Tirso,2025-03-01,2025,3,1704138.816,14.348571034648538,923483.244,780655.572,,0,6.0,True,0,0,0,0,0,0,1.0,6.123233995736766e-17,Spring,1,Área Metropolitana do Porto,10.605065,0.0025614437,0,0
131433,"Areias, Sequeiró, Lama e Palmeira",Santo Tirso,2025-04-01,2025,4,1486336.0010000002,14.211825262532091,768127.179,718208.822,,0,7.0,True,0,0,0,0,0,0,0.8660254037844387,-0.4999999999999998,Spring,2,Área Metropolitana do Porto,13.736104,0.0030752067,3,1
131433,"Areias, Sequeiró, Lama e Palmeira",Santo Tirso,2025-05-01,2025,5,1495417.898,14.217916924889526,738981.012,756436.886,,0,8.0,True,0,0,0,0,0,0,0.4999999999999999,-0.8660254037844387,Spring,2,Área Metropolitana do Porto,15.9828415,0.001354283,1,1
131433,"Areias, Sequeiró, Lama e Palmeira",Santo Tirso,2025-06-01,2025,6,1479364.269,14.207123681450971,751753.222,727611.047,,0,9.0,True,0,0,0,0,0,0,1.2246467991473532e-16,-1.0,Summer,2,Área Metropolitana do Porto,20.388744,0.00054451596,2,1
131433,"Areias, Sequeiró, Lama e Palmeira",Santo Tirso,2025-07-01,2025,7,1620334.4840000002,14.298143774657513,842239.924,778094.56,,0,10.0,True,0,0,0,0,0,0,-0.4999999999999997,-0.8660254037844388,Summer,3,Área Metropolitana do Porto,22.469496,0.00027967864,0,0
131433,"Areias, Sequeiró, Lama e Palmeira",Santo Tirso,2025-08-01,2025,8,1356250.724,14.120235367422172,808173.457,548077.267,,0,11.0,True,0,0,0,0,0,0,-0.8660254037844385,-0.5000000000000004,Summer,3,Área Metropolitana do Porto,22.773788,0.00024168655,1,1
131433,"Areias, Sequeiró, Lama e Palmeira",Santo Tirso,2025-09-01,2025,9,1458066.1609999998,14.192622254275843,726634.455,731431.706,,0,12.0,True,0,0,0,0,0,0,-1.0,-1.8369701987210292e-16,Autumn,3,Área Metropolitana do Porto,18.196184,0.00074626843,0,0
131434,Vila Nova do Campo,Santo Tirso,2024-10-01,2024,10,2834374.659,14.857332244788369,707682.328,2126692.331,,0,0.0,True,0,0,0,0,0,0,-0.8660254037844386,0.5000000000000001,Autumn,4,Área Metropolitana do Porto,15.534163,0.004095943,1,1
131434,Vila Nova do Campo,Santo Tirso,2024-11-01,2024,11,2751342.575,14.827599923057232,745057.871,2006284.704,,0,1.0,True,0,0,0,0,0,0,-0.5000000000000004,0.8660254037844384,Autumn,4,Área Metropolitana do Porto,13.411095,0.0013973541,1,1
131434,Vila Nova do Campo,Santo Tirso,2024-12-01,2024,12,2551891.661,14.752345861825562,895000.299,1656891.362,,0,2.0,True,0,0,0,0,0,0,-2.4492935982947064e-16,1.0,Winter,4,Área Metropolitana do Porto,7.7923675,0.00058098993,3,1
131434,Vila Nova do Campo,Santo Tirso,2025-01-01,2025,1,3162964.1100000003,14.96702047155986,971834.848,2191129.262,,0,3.0,True,0,0,0,0,0,0,0.4999999999999999,0.8660254037844387,Winter,1,Área Metropolitana do Porto,8.760511,0.005712111,1,1
131434,Vila Nova do Campo,Santo Tirso,2025-02-01,2025,2,2870173.216,14.86988328833251,819968.347,2050204.869,,0,4.0,True,0,0,0,0,0,0,0.8660254037844386,0.5000000000000001,Winter,1,Área Metropolitana do Porto,9.219715,0.0016765866,0,0
131434,Vila Nova do Campo,Santo Tirso,2025-03-01,2025,3,2888517.965,14.876254459873438,810886.384,2077631.581,,0,5.0,True,0,0,0,0,0,0,1.0,6.123233995736766e-17,Spring,1,Área Metropolitana do Porto,9.575419,0.0027151203,0,0
131434,Vila Nova do Campo,Santo Tirso,2025-04-01,2025,4,2615509.805,14.776969972925542,681467.699,1934042.106,,0,6.0,True,0,0,0,0,0,0,0.8660254037844387,-0.4999999999999998,Spring,2,Área Metropolitana do Porto,12.885022,0.0032135458,3,1
131434,Vila Nova do Campo,Santo Tirso,2025-05-01,2025,5,2681028.692,14.801711492128794,682462.45,1998566.242,,0,7.0,True,0,0,0,0,0,0,0.4999999999999999,-0.8660254037844387,Spring,2,Área Metropolitana do Porto,15.463894,0.0014115964,1,1
131434,Vila Nova do Campo,Santo Tirso,2025-06-01,2025,6,2592904.092,14.7682894622312,716597.915,1876306.177,,0,8.0,True,0,0,0,0,0,0,1.2246467991473532e-16,-1.0,Summer,2,Área Metropolitana do Porto,20.600859,0.00062042155,2,1
131434,Vila Nova do Campo,Santo Tirso,2025-07-01,2025,7,2919015.975,14.886757465167063,801642.823,2117373.152,,0,9.0,True,0,0,0,0,0,0,-0.4999999999999997,-0.8660254037844388,Summer,3,Área Metropolitana do Porto,22.56991,0.00030831134,0,0
131434,Vila Nova do Campo,Santo Tirso,2025-08-01,2025,8,1896524.604,14.455534140679068,733571.949,1162952.655,,0,10.0,True,0,0,0,0,0,0,-0.8660254037844385,-0.5000000000000004,Summer,3,Área Metropolitana do Porto,23.207497,0.00029149023,1,1
131434,Vila Nova do Campo,Santo Tirso,2025-09-01,2025,9,2528863.319,14.743280874153577,648179.175,1880684.144,,0,11.0,True,0,0,0,0,0,0,-1.0,-1.8369701987210292e-16,Autumn,3,Área Metropolitana do Porto,17.5937,0.00080587657,0,0
131434,Vila Nova do Campo,Santo Tirso,2025-10-01,2025,10,2827117.0590000004,14.85476839703474,725408.087,2101708.972,,0,12.0,True,0,0,0,0,0,0,-0.8660254037844386,0.5000000000000001,Autumn,4,Área Metropolitana do Porto,16.823662,0.0030610987,1,1
131435,Uf Carreira Refojos Riba Ave,Santo Tirso,2024-10-01,2024,10,259079.806,12.464895284300198,259079.806,0.0,,0,0.0,True,0,0,0,0,0,0,-0.8660254037844386,0.5000000000000001,Autumn,4,Área Metropolitana do Porto,15.838085,0.0038891658,1,1
131435,Uf Carreira Refojos Riba Ave,Santo Tirso,2024-11-01,2024,11,264464.193,12.48546492615791,264464.193,0.0,,0,1.0,True,0,0,0,0,0,0,-0.5000000000000004,0.8660254037844384,Autumn,4,Área Metropolitana do Porto,13.852713,0.001312555,1,1
131435,Uf Carreira Refojos Riba Ave,Santo Tirso,2024-12-01,2024,12,328082.468,12.701023330602611,328082.468,0.0,,0,2.0,True,0,0,0,0,0,0,-2.4492935982947064e-16,1.0,Winter,4,Área Metropolitana do Porto,8.432496,0.00056717044,3,1
131435,Uf Carreira Refojos Riba Ave,Santo Tirso,2025-01-01,2025,1,356004.61,12.78270176813697,356004.61,0.0,,0,3.0,True,0,0,0,0,0,0,0.4999999999999999,0.8660254037844387,Winter,1,Área Metropolitana do Porto,9.274134,0.0055439323,1,1
131435,Uf Carreira Refojos Riba Ave,Santo Tirso,2025-02-01,2025,2,297277.857,12.602425889740156,297277.857,0.0,,0,4.0,True,0,0,0,0,0,0,0.8660254037844386,0.5000000000000001,Winter,1,Área Metropolitana do Porto,9.58022,0.0017422116,0,0
131435,Uf Carreira Refojos Riba Ave,Santo Tirso,2025-03-01,2025,3,302892.208,12.62113557352193,302892.208,0.0,,0,5.0,True,0,0,0,0,0,0,1.0,6.123233995736766e-17,Spring,1,Área Metropolitana do Porto,9.917375,0.0026282007,0,0
131435,Uf Carreira Refojos Riba Ave,Santo Tirso,2025-04-01,2025,4,253039.184,12.441303585137028,253039.184,0.0,,0,6.0,True,0,0,0,0,0,0,0.8660254037844387,-0.4999999999999998,Spring,2,Área Metropolitana do Porto,13.1216755,0.0031499767,3,1
131435,Uf Carreira Refojos Riba Ave,Santo Tirso,2025-05-01,2025,5,250417.235,12.430887739039008,250417.235,0.0,,0,7.0,True,0,0,0,0,0,0,0.4999999999999999,-0.8660254037844387,Spring,2,Área Metropolitana do Porto,15.5283575,0.0013788181,1,1
131435,Uf Carreira Refojos Riba Ave,Santo Tirso,2025-06-01,2025,6,252169.293,12.437859904139632,252169.293,0.0,,0,8.0,True,0,0,0,0,0,0,1.2246467991473532e-16,-1.0,Summer,2,Área Metropolitana do Porto,20.36826,0.0005854023,2,1
131435,Uf Carreira Refojos Riba Ave,Santo Tirso,2025-07-01,2025,7,277600.019,12.533940178357328,277600.019,0.0,,0,9.0,True,0,0,0,0,0,0,-0.4999999999999997,-0.8660254037844388,Summer,3,Área Metropolitana do Porto,22.399889,0.0003015534,0,0
131435,Uf Carreira Refojos Riba Ave,Santo Tirso,2025-08-01,2025,8,273163.91,12.517830957726776,273163.91,0.0,,0,10.0,True,0,0,0,0,0,0,-0.8660254037844385,-0.5000000000000004,Summer,3,Área Metropolitana do Porto,22.863693,0.00026768996,1,1
131435,Uf Carreira Refojos Riba Ave,Santo Tirso,2025-09-01,2025,9,245767.537,12.412145465480052,245767.537,0.0,,0,11.0,True,0,0,0,0,0,0,-1.0,-1.8369701987210292e-16,Autumn,3,Área Metropolitana do Porto,17.72542,0.0007820451,0,0
131435,Uf Carreira Refojos Riba Ave,Santo Tirso,2025-10-01,2025,10,265907.672,12.490908190463868,265907.672,0.0,,0,12.0,True,0,0,0,0,0,0,-0.8660254037844386,0.5000000000000001,Autumn,4,Área Metropolitana do Porto,16.98427,0.0029476837,1,1
131436,Lamelas e Guimarei,Santo Tirso,2024-08-01,2024,8,206597.151,12.238530885966446,206597.151,0.0,,0,0.0,True,0,0,0,0,0,0,-0.8660254037844385,-0.5000000000000004,Summer,3,Área Metropolitana do Porto,21.95894,5.57908e-05,1,1
131436,Lamelas e Guimarei,Santo Tirso,2024-09-01,2024,9,196594.318,12.188902671559132,196594.318,0.0,,0,1.0,True,0,0,0,0,0,0,-1.0,-1.8369701987210292e-16,Autumn,3,Área Metropolitana do Porto,18.465391,0.0020204964,0,0
131436,Lamelas e Guimarei,Santo Tirso,2024-10-01,2024,10,209183.638,12.250972576354265,209183.638,0.0,,0,2.0,True,0,0,0,0,0,0,-0.8660254037844386,0.5000000000000001,Autumn,4,Área Metropolitana do Porto,16.472824,0.0035632167,1,1
131436,Lamelas e Guimarei,Santo Tirso,2024-11-01,2024,11,217788.501,12.291284283544089,217788.501,0.0,,0,3.0,True,0,0,0,0,0,0,-0.5000000000000004,0.8660254037844384,Autumn,4,Área Metropolitana do Porto,14.596025,0.0012326972,1,1
131436,Lamelas e Guimarei,Santo Tirso,2024-12-01,2024,12,280496.549,12.544320265938795,280496.549,0.0,,0,4.0,True,0,0,0,0,0,0,-2.4492935982947064e-16,1.0,Winter,4,Área Metropolitana do Porto,9.342561,0.0005388929,3,1
131436,Lamelas e Guimarei,Santo Tirso,2025-01-01,2025,1,304339.369,12.62590198893312,304339.369,0.0,,0,5.0,True,0,0,0,0,0,0,0.4999999999999999,0.8660254037844387,Winter,1,Área Metropolitana do Porto,10.018929,0.0052771126,1,1
131436,Lamelas e Guimarei,Santo Tirso,2025-02-01,2025,2,256422.746,12.454586612844848,256422.746,0.0,,0,6.0,True,0,0,0,0,0,0,0.8660254037844386,0.5000000000000001,Winter,1,Área Metropolitana do Porto,10.285994,0.0017876341,0,0
131436,Lamelas e Guimarei,Santo Tirso,2025-03-01,2025,3,253407.855,12.442759491010005,253407.855,0.0,,0,7.0,True,0,0,0,0,0,0,1.0,6.123233995736766e-17,Spring,1,Área Metropolitana do Porto,10.605065,0.0025614437,0,0
131436,Lamelas e Guimarei,Santo Tirso,2025-04-01,2025,4,208944.286,12.249827707200415,208944.286,0.0,,0,8.0,True,0,0,0,0,0,0,0.8660254037844387,-0.4999999999999998,Spring,2,Área Metropolitana do Porto,13.736104,0.0030752067,3,1
131436,Lamelas e Guimarei,Santo Tirso,2025-05-01,2025,5,199277.023,12.20245622917228,199277.023,0.0,,0,9.0,True,0,0,0,0,0,0,0.4999999999999999,-0.8660254037844387,Spring,2,Área Metropolitana do Porto,15.9828415,0.001354283,1,1
131436,Lamelas e Guimarei,Santo Tirso,2025-06-01,2025,6,202486.018,12.21843105483171,202486.018,0.0,,0,10.0,True,0,0,0,0,0,0,1.2246467991473532e-16,-1.0,Summer,2,Área Metropolitana do Porto,20.388744,0.00054451596,2,1
131436,Lamelas e Guimarei,Santo Tirso,2025-07-01,2025,7,225896.36,12.32783601580082,225896.36,0.0,,0,11.0,True,0,0,0,0,0,0,-0.4999999999999997,-0.8660254037844388,Summer,3,Área Metropolitana do Porto,22.469496,0.00027967864,0,0
131436,Lamelas e Guimarei,Santo Tirso,2025-08-01,2025,8,221416.278,12.307804335958796,221416.278,0.0,,0,12.0,True,0,0,0,0,0,0,-0.8660254037844385,-0.5000000000000004,Summer,3,Área Metropolitana do Porto,22.773788,0.00024168655,1,1
131437,"St. Tirso, Couto (S. Cristina e S. Miguel) e Burgães",Santo Tirso,2024-01-01,2024,1,14209166.325,16.469397900537928,5138771.99,9070394.335,2024-01-01,1,0.0,False,1,0,1,1,0,1,0.4999999999999999,0.8660254037844387,Winter,1,Área Metropolitana do Porto,10.2522,0.003075918,1,1
131437,"St. Tirso, Couto (S. Cristina e S. Miguel) e Burgães",Santo Tirso,2024-02-01,2024,2,13082460.983,16.386783111281225,4312827.873,8769633.11,2024-01-01,1,1.0,False,0,0,0,1,0,1,0.8660254037844386,0.5000000000000001,Winter,1,Área Metropolitana do Porto,11.346143,0.0027398157,0,0
131437,"St. Tirso, Couto (S. Cristina e S. Miguel) e Burgães",Santo Tirso,2024-03-01,2024,3,13286768.178,16.40227929940479,4449190.747,8837577.431,2024-01-01,1,2.0,False,0,0,0,1,0,1,1.0,6.123233995736766e-17,Spring,1,Área Metropolitana do Porto,11.141657,0.0038493495,2,1
131437,"St. Tirso, Couto (S. Cristina e S. Miguel) e Burgães",Santo Tirso,2024-04-01,2024,4,11732319.521,16.27785802894154,3775997.131,7956322.39,2024-01-01,1,3.0,False,0,0,0,1,0,1,0.8660254037844387,-0.4999999999999998,Spring,2,Área Metropolitana do Porto,14.307771,0.001828071,1,1
131437,"St. Tirso, Couto (S. Cristina e S. Miguel) e Burgães",Santo Tirso,2024-05-01,2024,5,12440460.993,16.336464782286686,3764808.259,8675652.734,2024-01-01,1,4.0,False,0,0,0,1,0,1,0.4999999999999999,-0.8660254037844387,Spring,2,Área Metropolitana do Porto,14.872963,0.0016599075,2,1
131437,"St. Tirso, Couto (S. Cristina e S. Miguel) e Burgães",Santo Tirso,2024-06-01,2024,6,12691548.967,16.35644697305153,3667450.487,9024098.48,2024-01-01,1,5.0,False,0,0,0,1,0,1,1.2246467991473532e-16,-1.0,Summer,2,Área Metropolitana do Porto,18.610086,0.0012712607,1,1
131437,"St. Tirso, Couto (S. Cristina e S. Miguel) e Burgães",Santo Tirso,2024-07-01,2024,7,12758728.602,16.36172626995261,3993636.866,8765091.736,2024-01-01,1,6.0,False,0,0,0,1,0,1,-0.4999999999999997,-0.8660254037844388,Summer,3,Área Metropolitana do Porto,21.265545,0.00045029927,0,0
131437,"St. Tirso, Couto (S. Cristina e S. Miguel) e Burgães",Santo Tirso,2024-08-01,2024,8,10704810.931,16.18620391151904,3845884.921,6858926.01,2024-01-01,1,7.0,False,1,0,1,2,0,2,-0.8660254037844385,-0.5000000000000004,Summer,3,Área Metropolitana do Porto,21.95894,5.57908e-05,1,1
131437,"St. Tirso, Couto (S. Cristina e S. Miguel) e Burgães",Santo Tirso,2024-09-01,2024,9,12486580.395,16.34016513727117,3689764.621,8796815.774,2024-01-01,1,8.0,False,0,0,0,2,0,2,-1.0,-1.8369701987210292e-16,Autumn,3,Área Metropolitana do Porto,18.465391,0.0020204964,0,0
131437,"St. Tirso, Couto (S. Cristina e S. Miguel) e Burgães",Santo Tirso,2024-10-01,2024,10,13823356.43,16.44187028674078,3955479.977,9867876.453,2024-01-01,1,9.0,False,0,0,0,2,0,2,-0.8660254037844386,0.5000000000000001,Autumn,4,Área Metropolitana do Porto,16.472824,0.0035632167,1,1
131437,"St. Tirso, Couto (S. Cristina e S. Miguel) e Burgães",Santo Tirso,2024-11-01,2024,11,13708037.318,16.433492957274744,4156752.376,9551284.942,2024-01-01,1,10.0,False,0,0,0,2,0,2,-0.5000000000000004,0.8660254037844384,Autumn,4,Área Metropolitana do Porto,14.596025,0.0012326972,1,1
131437,"St. Tirso, Couto (S. Cristina e S. Miguel) e Burgães",Santo Tirso,2024-12-01,2024,12,13627010.357,16.427564510150557,5074687.752,8552322.605,2024-01-01,1,11.0,False,0,0,0,2,0,2,-2.4492935982947064e-16,1.0,Winter,4,Área Metropolitana do Porto,9.342561,0.0005388929,3,1
131437,"St. Tirso, Couto (S. Cristina e S. Miguel) e Burgães",Santo Tirso,2025-01-01,2025,1,15041778.254,16.52634217095167,5448495.551,9593282.703,2024-01-01,1,12.0,False,0,0,0,2,0,2,0.4999999999999999,0.8660254037844387,Winter,1,Área Metropolitana do Porto,10.018929,0.0052771126,1,1
131437,"St. Tirso, Couto (S. Cristina e S. Miguel) e Burgães",Santo Tirso,2025-02-01,2025,2,14147469.981,16.46504643682159,4657602.707,9489867.274,2024-01-01,1,13.0,False,0,0,0,2,0,2,0.8660254037844386,0.5000000000000001,Winter,1,Área Metropolitana do Porto,10.285994,0.0017876341,0,0
131437,"St. Tirso, Couto (S. Cristina e S. Miguel) e Burgães",Santo Tirso,2025-03-01,2025,3,15017740.21,16.524742807505213,4690747.548,10326992.662,2024-01-01,1,14.0,False,0,0,0,2,0,2,1.0,6.123233995736766e-17,Spring,1,Área Metropolitana do Porto,10.605065,0.0025614437,0,0
131437,"St. Tirso, Couto (S. Cristina e S. Miguel) e Burgães",Santo Tirso,2025-04-01,2025,4,12671756.806,16.35488628032213,3908748.546,8763008.26,2024-01-01,1,15.0,False,0,0,0,2,0,2,0.8660254037844387,-0.4999999999999998,Spring,2,Área Metropolitana do Porto,13.736104,0.0030752067,3,1
131437,"St. Tirso, Couto (S. Cristina e S. Miguel) e Burgães",Santo Tirso,2025-05-01,2025,5,13117377.363,16.38944850162027,3884358.314,9233019.049,2024-01-01,1,16.0,False,1,0,1,3,0,3,0.4999999999999999,-0.8660254037844387,Spring,2,Área Metropolitana do Porto,15.9828415,0.001354283,1,1
131437,"St. Tirso, Couto (S. Cristina e S. Miguel) e Burgães",Santo Tirso,2025-06-01,2025,6,13157672.267,16.392515664810425,3984618.575,9173053.692,2024-01-01,1,17.0,False,0,0,0,3,0,3,1.2246467991473532e-16,-1.0,Summer,2,Área Metropolitana do Porto,20.388744,0.00054451596,2,1
131437,"St. Tirso, Couto (S. Cristina e S. Miguel) e Burgães",Santo Tirso,2025-07-01,2025,7,13596369.293,16.42531342486416,4424941.34,9171427.953,2024-01-01,1,18.0,False,0,0,0,3,0,3,-0.4999999999999997,-0.8660254037844388,Summer,3,Área Metropolitana do Porto,22.469496,0.00027967864,0,0
131437,"St. Tirso, Couto (S. Cristina e S. Miguel) e Burgães",Santo Tirso,2025-08-01,2025,8,10777812.496,16.193000273187803,4102544.535,6675267.961,2024-01-01,1,19.0,False,0,0,0,3,0,3,-0.8660254037844385,-0.5000000000000004,Summer,3,Área Metropolitana do Porto,22.773788,0.00024168655,1,1
131437,"St. Tirso, Couto (S. Cristina e S. Miguel) e Burgães",Santo Tirso,2025-09-01,2025,9,12800529.582,16.364997179749498,3763704.507,9036825.075,2024-01-01,1,20.0,False,0,0,0,3,0,3,-1.0,-1.8369701987210292e-16,Autumn,3,Área Metropolitana do Porto,18.196184,0.00074626843,0,0
131437,"St. Tirso, Couto (S. Cristina e S. Miguel) e Burgães",Santo Tirso,2025-10-01,2025,10,13954863.153,16.451338690258098,4116051.164,9838811.989,2024-01-01,1,21.0,False,0,0,0,3,0,3,-0.8660254037844386,0.5000000000000001,Autumn,4,Área Metropolitana do Porto,17.411047,0.0027635104,1,1
131501,Alfena,Valongo,2024-07-01,2024,7,3690713.49,15.121330625999375,2165153.654,1525559.836,2024-07-01,1,0.0,False,1,0,1,1,0,1,-0.4999999999999997,-0.8660254037844388,Summer,3,Área Metropolitana do Porto,21.340181,0.000393148,0,0
131501,Alfena,Valongo,2024-08-01,2024,8,3575688.117,15.089668475534424,2135881.304,1439806.813,2024-07-01,1,1.0,False,0,0,0,1,0,1,-0.8660254037844385,-0.5000000000000004,Summer,3,Área Metropolitana do Porto,21.863308,6.3961146e-05,1,1
131501,Alfena,Valongo,2024-09-01,2024,9,3570972.5470000003,15.08834881882022,2116836.364,1454136.183,2024-07-01,1,2.0,False,0,0,0,1,0,1,-1.0,-1.8369701987210292e-16,Autumn,3,Área Metropolitana do Porto,18.614645,0.0018714388,0,0
131501,Alfena,Valongo,2024-10-01,2024,10,3903600.466,15.177410137800146,2336183.364,1567417.102,2024-07-01,1,3.0,False,0,0,0,1,0,1,-0.8660254037844386,0.5000000000000001,Autumn,4,Área Metropolitana do Porto,16.681381,0.0030999337,1,1
131501,Alfena,Valongo,2024-11-01,2024,11,3901278.231,15.176815065265746,2411576.229,1489702.002,2024-07-01,1,4.0,False,0,0,0,1,0,1,-0.5000000000000004,0.8660254037844384,Autumn,4,Área Metropolitana do Porto,14.802748,0.001296482,1,1
131501,Alfena,Valongo,2024-12-01,2024,12,4300957.162,15.27434838421333,2865506.164,1435450.998,2024-07-01,1,5.0,False,0,0,0,1,0,1,-2.4492935982947064e-16,1.0,Winter,4,Área Metropolitana do Porto,9.507708,0.00045679283,3,1
131501,Alfena,Valongo,2025-01-01,2025,1,4570028.601,15.335030240092298,3060616.278,1509412.323,2024-07-01,1,6.0,False,0,0,0,1,0,1,0.4999999999999999,0.8660254037844387,Winter,1,Área Metropolitana do Porto,10.2415085,0.0047495067,1,1
131501,Alfena,Valongo,2025-02-01,2025,2,3973032.701,15.195040517267682,2630426.55,1342606.151,2024-07-01,1,7.0,False,0,0,0,1,0,1,0.8660254037844386,0.5000000000000001,Winter,1,Área Metropolitana do Porto,10.507316,0.0016774003,0,0
131501,Alfena,Valongo,2025-03-01,2025,3,4036235.94,15.210823365372708,2658933.96,1377301.98,2024-07-01,1,8.0,False,0,0,0,1,0,1,1.0,6.123233995736766e-17,Spring,1,Área Metropolitana do Porto,10.845544,0.0026573816,0,0
131501,Alfena,Valongo,2025-04-01,2025,4,3545212.538,15.081108952523508,2276964.658,1268247.88,2024-07-01,1,9.0,False,0,0,0,1,0,1,0.8660254037844387,-0.4999999999999998,Spring,2,Área Metropolitana do Porto,13.918181,0.003164977,3,1
131501,Alfena,Valongo,2025-05-01,2025,5,3543898.99,15.08073837078297,2208752.565,1335146.425,2024-07-01,1,10.0,False,0,0,0,1,0,1,0.4999999999999999,-0.8660254037844387,Spring,2,Área Metropolitana do Porto,16.13314,0.0014337102,1,1
131501,Alfena,Valongo,2025-06-01,2025,6,3484847.936,15.063935254321905,2144012.592,1340835.344,2024-07-01,1,11.0,False,0,0,0,1,0,1,1.2246467991473532e-16,-1.0,Summer,2,Área Metropolitana do Porto,20.461306,0.0004902742,2,1
131501,Alfena,Valongo,2025-07-01,2025,7,3784981.886,15.1465519233111,2293931.658,1491050.228,2024-07-01,1,12.0,False,0,0,0,1,0,1,-0.4999999999999997,-0.8660254037844388,Summer,3,Área Metropolitana do Porto,22.512142,0.00030463867,0,0
131501,Alfena,Valongo,2025-08-01,2025,8,3617485.35,15.101289964156535,2221533.4,1395951.95,2024-07-01,1,13.0,False,0,0,0,1,0,1,-0.8660254037844385,-0.5000000000000004,Summer,3,Área Metropolitana do Porto,22.784597,0.00025160017,1,1
131501,Alfena,Valongo,2025-09-01,2025,9,3509966.711,15.071117396254436,2123277.56,1386689.151,2024-07-01,1,14.0,False,3,0,3,4,0,4,-1.0,-1.8369701987210292e-16,Autumn,3,Área Metropolitana do Porto,18.412134,0.00068893866,0,0
131501,Alfena,Valongo,2025-10-01,2025,10,3935319.228,15.185502815938015,2366910.984,1568408.244,2024-07-01,1,15.0,False,0,0,0,4,0,4,-0.8660254037844386,0.5000000000000001,Autumn,4,Área Metropolitana do Porto,17.705864,0.0025772394,1,1
131503,Ermesinde,Valongo,2023-08-01,2023,8,7284644.279999999,15.801279304593423,5193702.179,2090942.101,2023-08-01,1,0.0,False,1,0,1,1,0,1,-0.8660254037844385,-0.5000000000000004,Summer,3,Área Metropolitana do Porto,21.918089,9.568092e-05,1,1
131503,Ermesinde,Valongo,2023-09-01,2023,9,7138904.204,15.781069989785989,5107508.053,2031396.151,2023-08-01,1,1.0,False,0,0,0,1,0,1,-1.0,-1.8369701987210292e-16,Autumn,3,Área Metropolitana do Porto,19.239573,0.0021170215,0,0
131503,Ermesinde,Valongo,2023-10-01,2023,10,7773708.253,15.866257989772093,5623877.59,2149830.663,2023-08-01,1,2.0,False,0,0,0,1,0,1,-0.8660254037844386,0.5000000000000001,Autumn,4,Área Metropolitana do Porto,18.007128,0.0056420597,1,1
131503,Ermesinde,Valongo,2023-11-01,2023,11,8217926.141,15.921828562603762,6173896.244,2044029.897,2023-08-01,1,3.0,False,0,0,0,1,0,1,-0.5000000000000004,0.8660254037844384,Autumn,4,Área Metropolitana do Porto,13.398502,0.004626219,1,1
131503,Ermesinde,Valongo,2023-12-01,2023,12,9495276.086,16.066305084109207,7433223.547,2062052.539,2023-08-01,1,4.0,False,0,0,0,1,0,1,-2.4492935982947064e-16,1.0,Winter,4,Área Metropolitana do Porto,9.864557,0.002242587,3,1
131503,Ermesinde,Valongo,2024-01-01,2024,1,9553524.112,16.072420766023658,7427013.345,2126510.767,2023-08-01,1,5.0,False,0,0,0,1,0,1,0.4999999999999999,0.8660254037844387,Winter,1,Área Metropolitana do Porto,10.478033,0.0028269987,1,1
131503,Ermesinde,Valongo,2024-02-01,2024,2,8183238.643,15.917598674550584,6259906.948,1923331.695,2023-08-01,1,6.0,False,0,0,0,1,0,1,0.8660254037844386,0.5000000000000001,Winter,1,Área Metropolitana do Porto,11.518811,0.0026185983,0,0
131503,Ermesinde,Valongo,2024-03-01,2024,3,8478462.477,15.953039797600516,6511786.688,1966675.789,2023-08-01,1,7.0,False,0,0,0,1,0,1,1.0,6.123233995736766e-17,Spring,1,Área Metropolitana do Porto,11.369406,0.0036862444,2,1
131503,Ermesinde,Valongo,2024-04-01,2024,4,7371367.844,15.813113978805513,5620139.992,1751227.852,2023-08-01,1,8.0,False,0,0,0,1,0,1,0.8660254037844387,-0.4999999999999998,Spring,2,Área Metropolitana do Porto,14.494278,0.001674607,1,1
131503,Ermesinde,Valongo,2024-05-01,2024,5,7333491.924,15.80796248478132,5544098.027,1789393.897,2023-08-01,1,9.0,False,1,0,1,2,0,2,0.4999999999999999,-0.8660254037844387,Spring,2,Área Metropolitana do Porto,15.048747,0.0014274017,2,1
131503,Ermesinde,Valongo,2024-06-01,2024,6,7003970.072,15.76198784216804,5200970.09,1802999.982,2023-08-01,1,10.0,False,0,0,0,2,0,2,1.2246467991473532e-16,-1.0,Summer,2,Área Metropolitana do Porto,18.688791,0.0013595872,1,1
131503,Ermesinde,Valongo,2024-07-01,2024,7,7367227.304,15.812552115275714,5426447.189,1940780.115,2023-08-01,1,11.0,False,0,0,0,2,0,2,-0.4999999999999997,-0.8660254037844388,Summer,3,Área Metropolitana do Porto,21.340181,0.000393148,0,0
131503,Ermesinde,Valongo,2024-08-01,2024,8,7224636.473999999,15.793007614094885,5339356.935,1885279.539,2023-08-01,1,12.0,False,0,0,0,2,0,2,-0.8660254037844385,-0.5000000000000004,Summer,3,Área Metropolitana do Porto,21.863308,6.3961146e-05,1,1
131503,Ermesinde,Valongo,2024-09-01,2024,9,7096997.045,15.775182442038574,5205828.652,1891168.393,2023-08-01,1,13.0,False,0,0,0,2,0,2,-1.0,-1.8369701987210292e-16,Autumn,3,Área Metropolitana do Porto,18.614645,0.0018714388,0,0
131503,Ermesinde,Valongo,2024-10-01,2024,10,7738873.569,15.861766830471684,5680463.566,2058410.003,2023-08-01,1,14.0,False,0,0,0,2,0,2,-0.8660254037844386,0.5000000000000001,Autumn,4,Área Metropolitana do Porto,16.681381,0.0030999337,1,1
131503,Ermesinde,Valongo,2024-11-01,2024,11,7873858.445,15.879058899805797,5871985.61,2001872.835,2023-08-01,1,15.0,False,0,0,0,2,0,2,-0.5000000000000004,0.8660254037844384,Autumn,4,Área Metropolitana do Porto,14.802748,0.001296482,1,1
131503,Ermesinde,Valongo,2024-12-01,2024,12,9031926.091,16.01627631248056,7076038.958,1955887.133,2023-08-01,1,16.0,False,0,0,0,2,0,2,-2.4492935982947064e-16,1.0,Winter,4,Área Metropolitana do Porto,9.507708,0.00045679283,3,1
131503,Ermesinde,Valongo,2025-01-01,2025,1,9596474.05,16.076906406718475,7581807.329,2014666.721,2023-08-01,1,17.0,False,0,0,0,2,0,2,0.4999999999999999,0.8660254037844387,Winter,1,Área Metropolitana do Porto,10.2415085,0.0047495067,1,1
131503,Ermesinde,Valongo,2025-02-01,2025,2,8295315.572,15.931201645073743,6509787.157,1785528.415,2023-08-01,1,18.0,False,0,0,0,2,0,2,0.8660254037844386,0.5000000000000001,Winter,1,Área Metropolitana do Porto,10.507316,0.0016774003,0,0
131503,Ermesinde,Valongo,2025-03-01,2025,3,8593803.851,15.966552135472568,6679008.084,1914795.767,2023-08-01,1,19.0,False,1,0,1,3,0,3,1.0,6.123233995736766e-17,Spring,1,Área Metropolitana do Porto,10.845544,0.0026573816,0,0
131503,Ermesinde,Valongo,2025-04-01,2025,4,7478245.313,15.827508872329242,5723964.08,1754281.233,2023-08-01,1,20.0,False,0,0,0,3,0,3,0.8660254037844387,-0.4999999999999998,Spring,2,Área Metropolitana do Porto,13.918181,0.003164977,3,1
131503,Ermesinde,Valongo,2025-05-01,2025,5,7455563.078,15.824471167704887,5625738.379,1829824.699,2023-08-01,1,21.0,False,0,0,0,3,0,3,0.4999999999999999,-0.8660254037844387,Spring,2,Área Metropolitana do Porto,16.13314,0.0014337102,1,1
131503,Ermesinde,Valongo,2025-06-01,2025,6,7287810.660999999,15.801713875244433,5458621.18,1829189.481,2023-08-01,1,22.0,False,0,0,0,3,0,3,1.2246467991473532e-16,-1.0,Summer,2,Área Metropolitana do Porto,20.461306,0.0004902742,2,1
131503,Ermesinde,Valongo,2025-07-01,2025,7,7730235.149,15.860649969773558,5731142.201,1999092.948,2023-08-01,1,23.0,False,0,0,0,3,0,3,-0.4999999999999997,-0.8660254037844388,Summer,3,Área Metropolitana do Porto,22.512142,0.00030463867,0,0
131503,Ermesinde,Valongo,2025-08-01,2025,8,7502525.259000001,15.830750356323856,5553207.349,1949317.91,2023-08-01,1,24.0,False,0,0,0,3,0,3,-0.8660254037844385,-0.5000000000000004,Summer,3,Área Metropolitana do Porto,22.784597,0.00025160017,1,1
131503,Ermesinde,Valongo,2025-09-01,2025,9,7173886.943,15.78595831707504,5312695.674,1861191.269,2023-08-01,1,25.0,False,1,0,1,4,0,4,-1.0,-1.8369701987210292e-16,Autumn,3,Área Metropolitana do Porto,18.412134,0.00068893866,0,0
131503,Ermesinde,Valongo,2025-10-01,2025,10,7732004.074,15.860878775543975,5805759.877,1926244.197,2023-08-01,1,26.0,False,0,0,0,4,0,4,-0.8660254037844386,0.5000000000000001,Autumn,4,Área Metropolitana do Porto,17.705864,0.0025772394,1,1
131505,Valongo,Valongo,2024-08-01,2024,8,5116301.287,15.447942526526411,3500905.871,1615395.416,,0,0.0,True,0,0,0,0,0,0,-0.8660254037844385,-0.5000000000000004,Summer,3,Área Metropolitana do Porto,21.863308,6.3961146e-05,1,1
131505,Valongo,Valongo,2024-09-01,2024,9,4840955.700999999,15.392622924655432,3395483.647,1445472.054,,0,1.0,True,0,0,0,0,0,0,-1.0,-1.8369701987210292e-16,Autumn,3,Área Metropolitana do Porto,18.614645,0.0018714388,0,0
131505,Valongo,Valongo,2024-10-01,2024,10,5218116.462,15.467647255349169,3705540.259,1512576.203,,0,2.0,True,0,0,0,0,0,0,-0.8660254037844386,0.5000000000000001,Autumn,4,Área Metropolitana do Porto,16.681381,0.0030999337,1,1
131505,Valongo,Valongo,2024-11-01,2024,11,5290582.075,15.481439019877673,3862221.412,1428360.663,,0,3.0,True,0,0,0,0,0,0,-0.5000000000000004,0.8660254037844384,Autumn,4,Área Metropolitana do Porto,14.802748,0.001296482,1,1
131505,Valongo,Valongo,2024-12-01,2024,12,6046317.473,15.614960127925992,4697846.008,1348471.465,,0,4.0,True,0,0,0,0,0,0,-2.4492935982947064e-16,1.0,Winter,4,Área Metropolitana do Porto,9.507708,0.00045679283,3,1
131505,Valongo,Valongo,2025-01-01,2025,1,6525454.064,15.691221250350392,5040696.193,1484757.871,,0,5.0,True,0,0,0,0,0,0,0.4999999999999999,0.8660254037844387,Winter,1,Área Metropolitana do Porto,10.2415085,0.0047495067,1,1
131505,Valongo,Valongo,2025-02-01,2025,2,5640790.928,15.545535026383249,4303048.059,1337742.869,,0,6.0,True,0,0,0,0,0,0,0.8660254037844386,0.5000000000000001,Winter,1,Área Metropolitana do Porto,10.507316,0.0016774003,0,0
131505,Valongo,Valongo,2025-03-01,2025,3,5769076.811,15.568022800927578,4380321.488,1388755.323,,0,7.0,True,0,0,0,0,0,0,1.0,6.123233995736766e-17,Spring,1,Área Metropolitana do Porto,10.845544,0.0026573816,0,0
131505,Valongo,Valongo,2025-04-01,2025,4,5007915.972,15.426530612551154,3744736.898,1263179.074,,0,8.0,True,0,0,0,0,0,0,0.8660254037844387,-0.4999999999999998,Spring,2,Área Metropolitana do Porto,13.918181,0.003164977,3,1
131505,Valongo,Valongo,2025-05-01,2025,5,4985423.533,15.42202911983825,3657442.4,1327981.133,,0,9.0,True,0,0,0,0,0,0,0.4999999999999999,-0.8660254037844387,Spring,2,Área Metropolitana do Porto,16.13314,0.0014337102,1,1
131505,Valongo,Valongo,2025-06-01,2025,6,5031785.588,15.431285665493249,3581192.684,1450592.904,,0,10.0,True,0,0,0,0,0,0,1.2246467991473532e-16,-1.0,Summer,2,Área Metropolitana do Porto,20.461306,0.0004902742,2,1
131505,Valongo,Valongo,2025-07-01,2025,7,5422189.899,15.5060105166467,3823404.589,1598785.31,,0,11.0,True,0,0,0,0,0,0,-0.4999999999999997,-0.8660254037844388,Summer,3,Área Metropolitana do Porto,22.512142,0.00030463867,0,0
131505,Valongo,Valongo,2025-08-01,2025,8,5265763.94,15.476736980746258,3709286.136,1556477.804,,0,12.0,True,0,0,0,0,0,0,-0.8660254037844385,-0.5000000000000004,Summer,3,Área Metropolitana do Porto,22.784597,0.00025160017,1,1
131602,Árvore,Vila do Conde,2024-07-01,2024,7,1451464.07,14.188083997396667,1105842.453,345621.617,2024-07-01,1,0.0,False,2,0,2,2,0,2,-0.4999999999999997,-0.8660254037844388,Summer,3,Área Metropolitana do Porto,21.178106,0.00041658172,0,0
131602,Árvore,Vila do Conde,2024-08-01,2024,8,1438796.466,14.179318229612177,1117971.65,320824.816,2024-07-01,1,1.0,False,0,0,0,2,0,2,-0.8660254037844385,-0.5000000000000004,Summer,3,Área Metropolitana do Porto,21.650047,4.4922283e-05,1,1
131602,Árvore,Vila do Conde,2024-09-01,2024,9,1396832.3909999998,14.149718369136844,1062485.724,334346.667,2024-07-01,1,2.0,False,0,0,0,2,0,2,-1.0,-1.8369701987210292e-16,Autumn,3,Área Metropolitana do Porto,18.997519,0.0015901008,0,0
131602,Árvore,Vila do Conde,2024-10-01,2024,10,1517658.912,14.232680174947054,1150059.708,367599.204,2024-07-01,1,3.0,False,0,0,0,2,0,2,-0.8660254037844386,0.5000000000000001,Autumn,4,Área Metropolitana do Porto,17.454159,0.0029070282,1,1
131602,Árvore,Vila do Conde,2024-11-01,2024,11,1576260.775,14.270566636495062,1166978.345,409282.43,2024-07-01,1,4.0,False,0,0,0,2,0,2,-0.5000000000000004,0.8660254037844384,Autumn,4,Área Metropolitana do Porto,15.715603,0.0011721377,1,1
131602,Árvore,Vila do Conde,2024-12-01,2024,12,1704526.8439999998,14.348798706008951,1335536.211,368990.633,2024-07-01,1,5.0,False,0,0,0,2,0,2,-2.4492935982947064e-16,1.0,Winter,4,Área Metropolitana do Porto,10.526538,0.00048404743,3,1
131602,Árvore,Vila do Conde,2025-01-01,2025,1,1839163.695,14.424822056400846,1450507.535,388656.16,2024-07-01,1,6.0,False,0,0,0,2,0,2,0.4999999999999999,0.8660254037844387,Winter,1,Área Metropolitana do Porto,11.183696,0.004801324,1,1
131602,Árvore,Vila do Conde,2025-02-01,2025,2,1578557.849,14.272022867881692,1244577.508,333980.341,2024-07-01,1,7.0,False,0,0,0,2,0,2,0.8660254037844386,0.5000000000000001,Winter,1,Área Metropolitana do Porto,11.355239,0.0018305271,0,0
131602,Árvore,Vila do Conde,2025-03-01,2025,3,1669908.093,14.32827974758194,1265717.045,404191.048,2024-07-01,1,8.0,False,0,0,0,2,0,2,1.0,6.123233995736766e-17,Spring,1,Área Metropolitana do Porto,11.713411,0.0025628177,0,0
131602,Árvore,Vila do Conde,2025-04-01,2025,4,1419300.017,14.165675066837505,1090680.798,328619.219,2024-07-01,1,9.0,False,0,0,0,2,0,2,0.8660254037844387,-0.4999999999999998,Spring,2,Área Metropolitana do Porto,14.719527,0.0030515105,3,1
131602,Árvore,Vila do Conde,2025-05-01,2025,5,1407384.84,14.157244527358388,1070456.639,336928.201,2024-07-01,1,10.0,False,0,0,0,2,0,2,0.4999999999999999,-0.8660254037844387,Spring,2,Área Metropolitana do Porto,16.704823,0.0013551611,1,1
131602,Árvore,Vila do Conde,2025-06-01,2025,6,1378819.863,14.13673924478394,1062744.798,316075.065,2024-07-01,1,11.0,False,0,0,0,2,0,2,1.2246467991473532e-16,-1.0,Summer,2,Área Metropolitana do Porto,20.418455,0.00049171963,2,1
131602,Árvore,Vila do Conde,2025-07-01,2025,7,1478250.595,14.206370592661017,1159758.145,318492.45,2024-07-01,1,12.0,False,0,0,0,2,0,2,-0.4999999999999997,-0.8660254037844388,Summer,3,Área Metropolitana do Porto,22.42511,0.00023045657,0,0
131602,Árvore,Vila do Conde,2025-08-01,2025,8,1458041.687,14.192605468899933,1130220.784,327820.903,2024-07-01,1,13.0,False,0,0,0,2,0,2,-0.8660254037844385,-0.5000000000000004,Summer,3,Área Metropolitana do Porto,22.419378,0.000215916,1,1
131602,Árvore,Vila do Conde,2025-09-01,2025,9,1376987.088,14.135409126983468,1058301.342,318685.746,2024-07-01,1,14.0,False,0,0,0,2,0,2,-1.0,-1.8369701987210292e-16,Autumn,3,Área Metropolitana do Porto,18.797749,0.0006961012,0,0
131602,Árvore,Vila do Conde,2025-10-01,2025,10,1579545.659,14.272648439148842,1162918.792,416626.867,2024-07-01,1,15.0,False,0,0,0,2,0,2,-0.8660254037844386,0.5000000000000001,Autumn,4,Área Metropolitana do Porto,18.01437,0.0024052393,1,1
131603,Aveleda,Vila do Conde,2024-07-01,2024,7,935749.0,13.749103625766676,262962.156,672786.844,2024-07-01,1,0.0,False,1,0,1,1,0,1,-0.4999999999999997,-0.8660254037844388,Summer,3,Área Metropolitana do Porto,21.178106,0.00041658172,0,0
131603,Aveleda,Vila do Conde,2024-08-01,2024,8,942211.119,13.755985707614943,276546.699,665664.42,2024-07-01,1,1.0,False,0,0,0,1,0,1,-0.8660254037844385,-0.5000000000000004,Summer,3,Área Metropolitana do Porto,21.650047,4.4922283e-05,1,1
131603,Aveleda,Vila do Conde,2024-09-01,2024,9,882511.949,13.69052874076976,273709.078,608802.871,2024-07-01,1,2.0,False,0,0,0,1,0,1,-1.0,-1.8369701987210292e-16,Autumn,3,Área Metropolitana do Porto,18.997519,0.0015901008,0,0
131603,Aveleda,Vila do Conde,2024-10-01,2024,10,955916.583,13.770426978066174,294579.55,661337.033,2024-07-01,1,3.0,False,0,0,0,1,0,1,-0.8660254037844386,0.5000000000000001,Autumn,4,Área Metropolitana do Porto,17.454159,0.0029070282,1,1
131603,Aveleda,Vila do Conde,2024-11-01,2024,11,911626.593,13.722986844653803,299098.56,612528.033,2024-07-01,1,4.0,False,0,0,0,1,0,1,-0.5000000000000004,0.8660254037844384,Autumn,4,Área Metropolitana do Porto,15.715603,0.0011721377,1,1
131603,Aveleda,Vila do Conde,2024-12-01,2024,12,938338.38,13.751866974916789,341769.447,596568.933,2024-07-01,1,5.0,False,0,0,0,1,0,1,-2.4492935982947064e-16,1.0,Winter,4,Área Metropolitana do Porto,10.526538,0.00048404743,3,1
131603,Aveleda,Vila do Conde,2025-01-01,2025,1,987166.653,13.802595165186382,367800.342,619366.311,2024-07-01,1,6.0,False,0,0,0,1,0,1,0.4999999999999999,0.8660254037844387,Winter,1,Área Metropolitana do Porto,11.183696,0.004801324,1,1
131603,Aveleda,Vila do Conde,2025-02-01,2025,2,891856.9569999999,13.701062157850558,320664.124,571192.833,2024-07-01,1,7.0,False,0,0,0,1,0,1,0.8660254037844386,0.5000000000000001,Winter,1,Área Metropolitana do Porto,11.355239,0.0018305271,0,0
131603,Aveleda,Vila do Conde,2025-03-01,2025,3,958907.731,13.773551178325055,329244.261,629663.47,2024-07-01,1,8.0,False,0,0,0,1,0,1,1.0,6.123233995736766e-17,Spring,1,Área Metropolitana do Porto,11.713411,0.0025628177,0,0
131603,Aveleda,Vila do Conde,2025-04-01,2025,4,916224.916,13.728018246435076,283837.692,632387.224,2024-07-01,1,9.0,False,0,0,0,1,0,1,0.8660254037844387,-0.4999999999999998,Spring,2,Área Metropolitana do Porto,14.719527,0.0030515105,3,1
131603,Aveleda,Vila do Conde,2025-05-01,2025,5,935389.327,13.74871918318988,275786.68,659602.647,2024-07-01,1,10.0,False,0,0,0,1,0,1,0.4999999999999999,-0.8660254037844387,Spring,2,Área Metropolitana do Porto,16.704823,0.0013551611,1,1
131603,Aveleda,Vila do Conde,2025-06-01,2025,6,984527.282,13.799917903921424,275048.901,709478.381,2024-07-01,1,11.0,False,0,0,0,1,0,1,1.2246467991473532e-16,-1.0,Summer,2,Área Metropolitana do Porto,20.418455,0.00049171963,2,1
131603,Aveleda,Vila do Conde,2025-07-01,2025,7,1089871.624,13.90157138866122,307991.047,781880.577,2024-07-01,1,12.0,False,0,0,0,1,0,1,-0.4999999999999997,-0.8660254037844388,Summer,3,Área Metropolitana do Porto,22.42511,0.00023045657,0,0
131603,Aveleda,Vila do Conde,2025-08-01,2025,8,1057160.161,13.871097723428653,294173.251,762986.91,2024-07-01,1,13.0,False,0,0,0,1,0,1,-0.8660254037844385,-0.5000000000000004,Summer,3,Área Metropolitana do Porto,22.419378,0.000215916,1,1
131603,Aveleda,Vila do Conde,2025-09-01,2025,9,978188.452,13.79345864395831,269670.305,708518.147,2024-07-01,1,14.0,False,0,0,0,1,0,1,-1.0,-1.8369701987210292e-16,Autumn,3,Área Metropolitana do Porto,18.797749,0.0006961012,0,0
131603,Aveleda,Vila do Conde,2025-10-01,2025,10,1016062.454,13.83144635989476,293749.115,722313.339,2024-07-01,1,15.0,False,0,0,0,1,0,1,-0.8660254037844386,0.5000000000000001,Autumn,4,Área Metropolitana do Porto,18.01437,0.0024052393,1,1
131604,Azurara,Vila do Conde,2024-10-01,2024,10,1268684.346,14.053491761656057,368260.318,900424.028,,0,0.0,True,0,0,0,0,0,0,-0.8660254037844386,0.5000000000000001,Autumn,4,Área Metropolitana do Porto,17.454159,0.0029070282,1,1
131604,Azurara,Vila do Conde,2024-11-01,2024,11,1235164.054,14.026715166077818,380656.887,854507.167,,0,1.0,True,0,0,0,0,0,0,-0.5000000000000004,0.8660254037844384,Autumn,4,Área Metropolitana do Porto,15.715603,0.0011721377,1,1
131604,Azurara,Vila do Conde,2024-12-01,2024,12,1317254.462,14.091060934580302,472590.596,844663.866,,0,2.0,True,0,0,0,0,0,0,-2.4492935982947064e-16,1.0,Winter,4,Área Metropolitana do Porto,10.526538,0.00048404743,3,1
131604,Azurara,Vila do Conde,2025-01-01,2025,1,1389833.342,14.144695119587295,510854.754,878978.588,,0,3.0,True,0,0,0,0,0,0,0.4999999999999999,0.8660254037844387,Winter,1,Área Metropolitana do Porto,11.183696,0.004801324,1,1
131604,Azurara,Vila do Conde,2025-02-01,2025,2,1252594.389,14.040728267923452,426879.655,825714.734,,0,4.0,True,0,0,0,0,0,0,0.8660254037844386,0.5000000000000001,Winter,1,Área Metropolitana do Porto,11.355239,0.0018305271,0,0
131604,Azurara,Vila do Conde,2025-03-01,2025,3,1274272.22,14.057886550520074,429802.866,844469.354,,0,5.0,True,0,0,0,0,0,0,1.0,6.123233995736766e-17,Spring,1,Área Metropolitana do Porto,11.713411,0.0025628177,0,0
131604,Azurara,Vila do Conde,2025-04-01,2025,4,1092729.724,13.90419037267064,363864.233,728865.491,,0,6.0,True,0,0,0,0,0,0,0.8660254037844387,-0.4999999999999998,Spring,2,Área Metropolitana do Porto,14.719527,0.0030515105,3,1
131604,Azurara,Vila do Conde,2025-05-01,2025,5,1149808.673,13.95510698490338,352301.065,797507.608,,0,7.0,True,0,0,0,0,0,0,0.4999999999999999,-0.8660254037844387,Spring,2,Área Metropolitana do Porto,16.704823,0.0013551611,1,1
131604,Azurara,Vila do Conde,2025-06-01,2025,6,1136232.146,13.943229091360514,344850.521,791381.625,,0,8.0,True,0,0,0,0,0,0,1.2246467991473532e-16,-1.0,Summer,2,Área Metropolitana do Porto,20.418455,0.00049171963,2,1
131604,Azurara,Vila do Conde,2025-07-01,2025,7,1178634.289,13.979867792393678,366996.269,811638.02,,0,9.0,True,0,0,0,0,0,0,-0.4999999999999997,-0.8660254037844388,Summer,3,Área Metropolitana do Porto,22.42511,0.00023045657,0,0
131604,Azurara,Vila do Conde,2025-08-01,2025,8,1077966.832,13.890588189560576,373257.412,704709.42,,0,10.0,True,0,0,0,0,0,0,-0.8660254037844385,-0.5000000000000004,Summer,3,Área Metropolitana do Porto,22.419378,0.000215916,1,1
131604,Azurara,Vila do Conde,2025-09-01,2025,9,1163391.936,13.966851238582018,349838.219,813553.717,,0,11.0,True,0,0,0,0,0,0,-1.0,-1.8369701987210292e-16,Autumn,3,Área Metropolitana do Porto,18.797749,0.0006961012,0,0
131604,Azurara,Vila do Conde,2025-10-01,2025,10,1209380.695,14.005619791102273,375795.736,833584.959,,0,12.0,True,0,0,0,0,0,0,-0.8660254037844386,0.5000000000000001,Autumn,4,Área Metropolitana do Porto,18.01437,0.0024052393,1,1
131607,Fajozes,Vila do Conde,2024-10-01,2024,10,1491791.585,14.215489031985417,685412.632,806378.953,,0,0.0,True,0,0,0,0,0,0,-0.8660254037844386,0.5000000000000001,Autumn,4,Área Metropolitana do Porto,17.454159,0.0029070282,1,1
131607,Fajozes,Vila do Conde,2024-11-01,2024,11,1428797.1970000002,14.17234422720548,685049.812,743747.385,,0,1.0,True,0,0,0,0,0,0,-0.5000000000000004,0.8660254037844384,Autumn,4,Área Metropolitana do Porto,15.715603,0.0011721377,1,1
131607,Fajozes,Vila do Conde,2024-12-01,2024,12,1369828.131,14.130196568128074,697745.966,672082.165,,0,2.0,True,0,0,0,0,0,0,-2.4492935982947064e-16,1.0,Winter,4,Área Metropolitana do Porto,10.526538,0.00048404743,3,1
131607,Fajozes,Vila do Conde,2025-01-01,2025,1,1615341.146,14.295057347309127,755616.703,859724.443,,0,3.0,True,0,0,0,0,0,0,0.4999999999999999,0.8660254037844387,Winter,1,Área Metropolitana do Porto,11.183696,0.004801324,1,1
131607,Fajozes,Vila do Conde,2025-02-01,2025,2,1444013.469,14.182937618467813,680730.555,763282.914,,0,4.0,True,0,0,0,0,0,0,0.8660254037844386,0.5000000000000001,Winter,1,Área Metropolitana do Porto,11.355239,0.0018305271,0,0
131607,Fajozes,Vila do Conde,2025-03-01,2025,3,1509095.669,14.227021797328346,713771.704,795323.965,,0,5.0,True,0,0,0,0,0,0,1.0,6.123233995736766e-17,Spring,1,Área Metropolitana do Porto,11.713411,0.0025628177,0,0
131607,Fajozes,Vila do Conde,2025-04-01,2025,4,1352472.667,14.117445819642624,639563.123,712909.544,,0,6.0,True,0,0,0,0,0,0,0.8660254037844387,-0.4999999999999998,Spring,2,Área Metropolitana do Porto,14.719527,0.0030515105,3,1
131607,Fajozes,Vila do Conde,2025-05-01,2025,5,1402214.087,14.153563749217874,643662.888,758551.199,,0,7.0,True,0,0,0,0,0,0,0.4999999999999999,-0.8660254037844387,Spring,2,Área Metropolitana do Porto,16.704823,0.0013551611,1,1
131607,Fajozes,Vila do Conde,2025-06-01,2025,6,1397505.445,14.150200095807556,661391.209,736114.236,,0,8.0,True,0,0,0,0,0,0,1.2246467991473532e-16,-1.0,Summer,2,Área Metropolitana do Porto,20.418455,0.00049171963,2,1
131607,Fajozes,Vila do Conde,2025-07-01,2025,7,1596207.851,14.283141907453151,746416.179,849791.672,,0,9.0,True,0,0,0,0,0,0,-0.4999999999999997,-0.8660254037844388,Summer,3,Área Metropolitana do Porto,22.42511,0.00023045657,0,0
131607,Fajozes,Vila do Conde,2025-08-01,2025,8,1262107.463,14.04829426371509,720739.599,541367.864,,0,10.0,True,0,0,0,0,0,0,-0.8660254037844385,-0.5000000000000004,Summer,3,Área Metropolitana do Porto,22.419378,0.000215916,1,1
131607,Fajozes,Vila do Conde,2025-09-01,2025,9,1407699.881,14.157468350659435,650977.417,756722.464,,0,11.0,True,0,0,0,0,0,0,-1.0,-1.8369701987210292e-16,Autumn,3,Área Metropolitana do Porto,18.797749,0.0006961012,0,0
131607,Fajozes,Vila do Conde,2025-10-01,2025,10,1480901.2829999998,14.208162110654497,692875.84,788025.443,,0,12.0,True,0,0,0,0,0,0,-0.8660254037844386,0.5000000000000001,Autumn,4,Área Metropolitana do Porto,18.01437,0.0024052393,1,1
131610,Gião,Vila do Conde,2024-07-01,2024,7,792471.0619999999,13.582912531115326,278011.131,514459.931,,0,0.0,True,0,0,0,0,0,0,-0.4999999999999997,-0.8660254037844388,Summer,3,Área Metropolitana do Porto,21.178106,0.00041658172,0,0
131610,Gião,Vila do Conde,2024-08-01,2024,8,829936.7289999999,13.629105951657037,289234.115,540702.614,,0,1.0,True,0,0,0,0,0,0,-0.8660254037844385,-0.5000000000000004,Summer,3,Área Metropolitana do Porto,21.650047,4.4922283e-05,1,1
131610,Gião,Vila do Conde,2024-09-01,2024,9,803300.301,13.596485141729868,255926.265,547374.036,,0,2.0,True,0,0,0,0,0,0,-1.0,-1.8369701987210292e-16,Autumn,3,Área Metropolitana do Porto,18.997519,0.0015901008,0,0
131610,Gião,Vila do Conde,2024-10-01,2024,10,777442.6810000001,13.56376648439905,250316.266,527126.415,,0,3.0,True,0,0,0,0,0,0,-0.8660254037844386,0.5000000000000001,Autumn,4,Área Metropolitana do Porto,17.454159,0.0029070282,1,1
131610,Gião,Vila do Conde,2024-11-01,2024,11,700692.705,13.459826130445,252101.964,448590.741,,0,4.0,True,0,0,0,0,0,0,-0.5000000000000004,0.8660254037844384,Autumn,4,Área Metropolitana do Porto,15.715603,0.0011721377,1,1
131610,Gião,Vila do Conde,2024-12-01,2024,12,632624.8859999999,13.35763450902913,301627.788,330997.098,,0,5.0,True,0,0,0,0,0,0,-2.4492935982947064e-16,1.0,Winter,4,Área Metropolitana do Porto,10.526538,0.00048404743,3,1
131610,Gião,Vila do Conde,2025-01-01,2025,1,841410.602,13.642836238966714,323803.699,517606.903,,0,6.0,True,0,0,0,0,0,0,0.4999999999999999,0.8660254037844387,Winter,1,Área Metropolitana do Porto,11.183696,0.004801324,1,1
131610,Gião,Vila do Conde,2025-02-01,2025,2,714661.027,13.479565020412752,275590.253,439070.774,,0,7.0,True,0,0,0,0,0,0,0.8660254037844386,0.5000000000000001,Winter,1,Área Metropolitana do Porto,11.355239,0.0018305271,0,0
131610,Gião,Vila do Conde,2025-03-01,2025,3,759714.951,13.540699893716855,282586.401,477128.55,,0,8.0,True,0,0,0,0,0,0,1.0,6.123233995736766e-17,Spring,1,Área Metropolitana do Porto,11.713411,0.0025628177,0,0
131610,Gião,Vila do Conde,2025-04-01,2025,4,714517.049,13.4793635370547,240472.475,474044.574,,0,9.0,True,0,0,0,0,0,0,0.8660254037844387,-0.4999999999999998,Spring,2,Área Metropolitana do Porto,14.719527,0.0030515105,3,1
131610,Gião,Vila do Conde,2025-05-01,2025,5,741936.3470000001,13.517020080579035,235203.483,506732.864,,0,10.0,True,0,0,0,0,0,0,0.4999999999999999,-0.8660254037844387,Spring,2,Área Metropolitana do Porto,16.704823,0.0013551611,1,1
131610,Gião,Vila do Conde,2025-06-01,2025,6,769680.8200000001,13.553732487651413,258526.352,511154.468,,0,11.0,True,0,0,0,0,0,0,1.2246467991473532e-16,-1.0,Summer,2,Área Metropolitana do Porto,20.418455,0.00049171963,2,1
131610,Gião,Vila do Conde,2025-07-01,2025,7,853169.8699999999,13.656715122943034,313428.937,539740.933,,0,12.0,True,0,0,0,0,0,0,-0.4999999999999997,-0.8660254037844388,Summer,3,Área Metropolitana do Porto,22.42511,0.00023045657,0,0
131611,Guilhabreu,Vila do Conde,2024-07-01,2024,7,1697459.9700000002,14.344644145514424,395815.566,1301644.404,2024-07-01,1,0.0,False,1,0,1,1,0,1,-0.4999999999999997,-0.8660254037844388,Summer,3,Área Metropolitana do Porto,21.213348,0.0004256006,0,0
131611,Guilhabreu,Vila do Conde,2024-08-01,2024,8,1414607.165,14.162363135517037,408200.938,1006406.227,2024-07-01,1,1.0,False,0,0,0,1,0,1,-0.8660254037844385,-0.5000000000000004,Summer,3,Área Metropolitana do Porto,21.76582,4.8451395e-05,1,1
131611,Guilhabreu,Vila do Conde,2024-09-01,2024,9,1423437.328,14.168585860560796,383754.394,1039682.934,2024-07-01,1,2.0,False,0,0,0,1,0,1,-1.0,-1.8369701987210292e-16,Autumn,3,Área Metropolitana do Porto,18.824226,0.0017417861,0,0
131611,Guilhabreu,Vila do Conde,2024-10-01,2024,10,1795210.683,14.40063350219932,399083.486,1396127.197,2024-07-01,1,3.0,False,0,0,0,1,0,1,-0.8660254037844386,0.5000000000000001,Autumn,4,Área Metropolitana do Porto,17.120594,0.0031382972,1,1
131611,Guilhabreu,Vila do Conde,2024-11-01,2024,11,1725711.0469999998,14.361150304146577,407157.576,1318553.471,2024-07-01,1,4.0,False,0,0,0,1,0,1,-0.5000000000000004,0.8660254037844384,Autumn,4,Área Metropolitana do Porto,15.336624,0.001189044,1,1
131611,Guilhabreu,Vila do Conde,2024-12-01,2024,12,1467731.821,14.19922946954862,478722.455,989009.366,2024-07-01,1,5.0,False,0,0,0,1,0,1,-2.4492935982947064e-16,1.0,Winter,4,Área Metropolitana do Porto,10.137236,0.00050313806,3,1
131611,Guilhabreu,Vila do Conde,2025-01-01,2025,1,1791949.8369999998,14.398815437430851,505923.886,1286025.951,2024-07-01,1,6.0,False,0,0,0,1,0,1,0.4999999999999999,0.8660254037844387,Winter,1,Área Metropolitana do Porto,10.786856,0.0049654506,1,1
131611,Guilhabreu,Vila do Conde,2025-02-01,2025,2,1615594.014,14.295213876506692,433915.775,1181678.239,2024-07-01,1,7.0,False,0,0,0,1,0,1,0.8660254037844386,0.5000000000000001,Winter,1,Área Metropolitana do Porto,10.992876,0.0018172193,0,0
131611,Guilhabreu,Vila do Conde,2025-03-01,2025,3,1645795.153,14.313734808685956,449229.535,1196565.618,2024-07-01,1,8.0,False,0,0,0,1,0,1,1.0,6.123233995736766e-17,Spring,1,Área Metropolitana do Porto,11.333668,0.0025560507,0,0
131611,Guilhabreu,Vila do Conde,2025-04-01,2025,4,1493732.443,14.216789210416428,386009.449,1107722.994,2024-07-01,1,9.0,False,0,0,0,1,0,1,0.8660254037844387,-0.4999999999999998,Spring,2,Área Metropolitana do Porto,14.383118,0.003054146,3,1
131611,Guilhabreu,Vila do Conde,2025-05-01,2025,5,1536812.221,14.245221493340654,371352.576,1165459.645,2024-07-01,1,10.0,False,0,0,0,1,0,1,0.4999999999999999,-0.8660254037844387,Spring,2,Área Metropolitana do Porto,16.458231,0.001352692,1,1
131611,Guilhabreu,Vila do Conde,2025-06-01,2025,6,1399355.495,14.151523042487112,387434.71,1011920.785,2024-07-01,1,11.0,False,0,0,0,1,0,1,1.2246467991473532e-16,-1.0,Summer,2,Área Metropolitana do Porto,20.408844,0.00050888455,2,1
131611,Guilhabreu,Vila do Conde,2025-07-01,2025,7,1658581.873,14.32147410476722,438016.812,1220565.061,2024-07-01,1,12.0,False,0,0,0,1,0,1,-0.4999999999999997,-0.8660254037844388,Summer,3,Área Metropolitana do Porto,22.449768,0.00024826385,0,0
131611,Guilhabreu,Vila do Conde,2025-08-01,2025,8,1250328.159,14.03891740181396,416061.841,834266.318,2024-07-01,1,13.0,False,0,0,0,1,0,1,-0.8660254037844385,-0.5000000000000004,Summer,3,Área Metropolitana do Porto,22.553263,0.00022383373,1,1
131611,Guilhabreu,Vila do Conde,2025-09-01,2025,9,1477759.474,14.2060383064639,370964.966,1106794.508,2024-07-01,1,14.0,False,0,0,0,1,0,1,-1.0,-1.8369701987210292e-16,Autumn,3,Área Metropolitana do Porto,18.601042,0.0007126568,0,0
131611,Guilhabreu,Vila do Conde,2025-10-01,2025,10,1644450.786,14.312917625847618,387250.679,1257200.107,2024-07-01,1,15.0,False,0,0,0,1,0,1,-0.8660254037844386,0.5000000000000001,Autumn,4,Área Metropolitana do Porto,17.813175,0.002531177,1,1
131612,Junqueira,Vila do Conde,2024-10-01,2024,10,809313.772,13.603943208128284,368730.546,440583.226,,0,0.0,True,0,0,0,0,0,0,-0.8660254037844386,0.5000000000000001,Autumn,4,Área Metropolitana do Porto,17.454159,0.0029070282,1,1
131612,Junqueira,Vila do Conde,2024-11-01,2024,11,778273.773,13.564834919470863,361373.433,416900.34,,0,1.0,True,0,0,0,0,0,0,-0.5000000000000004,0.8660254037844384,Autumn,4,Área Metropolitana do Porto,15.715603,0.0011721377,1,1
131612,Junqueira,Vila do Conde,2024-12-01,2024,12,731024.1,13.502203074667738,414283.6,316740.5,,0,2.0,True,0,0,0,0,0,0,-2.4492935982947064e-16,1.0,Winter,4,Área Metropolitana do Porto,10.526538,0.00048404743,3,1
131612,Junqueira,Vila do Conde,2025-01-01,2025,1,866660.5260000001,13.672403782767548,452596.461,414064.065,,0,3.0,True,0,0,0,0,0,0,0.4999999999999999,0.8660254037844387,Winter,1,Área Metropolitana do Porto,11.183696,0.004801324,1,1
131612,Junqueira,Vila do Conde,2025-02-01,2025,2,790009.265,13.579801218029674,389919.509,400089.756,,0,4.0,True,0,0,0,0,0,0,0.8660254037844386,0.5000000000000001,Winter,1,Área Metropolitana do Porto,11.355239,0.0018305271,0,0
131612,Junqueira,Vila do Conde,2025-03-01,2025,3,819574.763,13.616542123167315,391802.843,427771.92,,0,5.0,True,0,0,0,0,0,0,1.0,6.123233995736766e-17,Spring,1,Área Metropolitana do Porto,11.713411,0.0025628177,0,0
131612,Junqueira,Vila do Conde,2025-04-01,2025,4,683144.4180000001,13.434463026578804,332408.058,350736.36,,0,6.0,True,0,0,0,0,0,0,0.8660254037844387,-0.4999999999999998,Spring,2,Área Metropolitana do Porto,14.719527,0.0030515105,3,1
131612,Junqueira,Vila do Conde,2025-05-01,2025,5,732377.152,13.504052260643938,339050.381,393326.771,,0,7.0,True,0,0,0,0,0,0,0.4999999999999999,-0.8660254037844387,Spring,2,Área Metropolitana do Porto,16.704823,0.0013551611,1,1
131612,Junqueira,Vila do Conde,2025-06-01,2025,6,754422.757,13.53370950105687,403491.196,350931.561,,0,8.0,True,0,0,0,0,0,0,1.2246467991473532e-16,-1.0,Summer,2,Área Metropolitana do Porto,20.418455,0.00049171963,2,1
131612,Junqueira,Vila do Conde,2025-07-01,2025,7,910698.016,13.721967733067787,499168.449,411529.567,,0,9.0,True,0,0,0,0,0,0,-0.4999999999999997,-0.8660254037844388,Summer,3,Área Metropolitana do Porto,22.42511,0.00023045657,0,0
131612,Junqueira,Vila do Conde,2025-08-01,2025,8,629591.086,13.352827406120689,446626.41,182964.676,,0,10.0,True,0,0,0,0,0,0,-0.8660254037844385,-0.5000000000000004,Summer,3,Área Metropolitana do Porto,22.419378,0.000215916,1,1
131612,Junqueira,Vila do Conde,2025-09-01,2025,9,758141.381,13.53862648471608,355513.991,402627.39,,0,11.0,True,0,0,0,0,0,0,-1.0,-1.8369701987210292e-16,Autumn,3,Área Metropolitana do Porto,18.797749,0.0006961012,0,0
131612,Junqueira,Vila do Conde,2025-10-01,2025,10,794764.817,13.58580278043094,367365.789,427399.028,,0,12.0,True,0,0,0,0,0,0,-0.8660254037844386,0.5000000000000001,Autumn,4,Área Metropolitana do Porto,18.01437,0.0024052393,1,1
131613,Labruge,Vila do Conde,2024-10-01,2024,10,553673.435,13.224332130533288,553673.435,0.0,,0,0.0,True,0,0,0,0,0,0,-0.8660254037844386,0.5000000000000001,Autumn,4,Área Metropolitana do Porto,17.454159,0.0029070282,1,1
131613,Labruge,Vila do Conde,2024-11-01,2024,11,548514.09,13.214970069713702,548514.09,0.0,,0,1.0,True,0,0,0,0,0,0,-0.5000000000000004,0.8660254037844384,Autumn,4,Área Metropolitana do Porto,15.715603,0.0011721377,1,1
131613,Labruge,Vila do Conde,2024-12-01,2024,12,641226.953,13.371140293589516,641226.953,0.0,,0,2.0,True,0,0,0,0,0,0,-2.4492935982947064e-16,1.0,Winter,4,Área Metropolitana do Porto,10.526538,0.00048404743,3,1
131613,Labruge,Vila do Conde,2025-01-01,2025,1,694819.393,13.4514086638107,694819.393,0.0,,0,3.0,True,0,0,0,0,0,0,0.4999999999999999,0.8660254037844387,Winter,1,Área Metropolitana do Porto,11.183696,0.004801324,1,1
131613,Labruge,Vila do Conde,2025-02-01,2025,2,602552.668,13.30893201589863,602552.668,0.0,,0,4.0,True,0,0,0,0,0,0,0.8660254037844386,0.5000000000000001,Winter,1,Área Metropolitana do Porto,11.355239,0.0018305271,0,0
131613,Labruge,Vila do Conde,2025-03-01,2025,3,620492.674,13.3382706885708,620492.674,0.0,,0,5.0,True,0,0,0,0,0,0,1.0,6.123233995736766e-17,Spring,1,Área Metropolitana do Porto,11.713411,0.0025628177,0,0
131613,Labruge,Vila do Conde,2025-04-01,2025,4,549426.761,13.21663258103546,549426.761,0.0,,0,6.0,True,0,0,0,0,0,0,0.8660254037844387,-0.4999999999999998,Spring,2,Área Metropolitana do Porto,14.719527,0.0030515105,3,1
131613,Labruge,Vila do Conde,2025-05-01,2025,5,540356.624,13.19998646600533,540356.624,0.0,,0,7.0,True,0,0,0,0,0,0,0.4999999999999999,-0.8660254037844387,Spring,2,Área Metropolitana do Porto,16.704823,0.0013551611,1,1
131613,Labruge,Vila do Conde,2025-06-01,2025,6,566161.202,13.246635892102,566161.202,0.0,,0,8.0,True,0,0,0,0,0,0,1.2246467991473532e-16,-1.0,Summer,2,Área Metropolitana do Porto,20.418455,0.00049171963,2,1
131613,Labruge,Vila do Conde,2025-07-01,2025,7,651228.849,13.38661792953645,651228.849,0.0,,0,9.0,True,0,0,0,0,0,0,-0.4999999999999997,-0.8660254037844388,Summer,3,Área Metropolitana do Porto,22.42511,0.00023045657,0,0
131613,Labruge,Vila do Conde,2025-08-01,2025,8,624550.915,13.344789735597024,624550.915,0.0,,0,10.0,True,0,0,0,0,0,0,-0.8660254037844385,-0.5000000000000004,Summer,3,Área Metropolitana do Porto,22.419378,0.000215916,1,1
131613,Labruge,Vila do Conde,2025-09-01,2025,9,538154.365,13.195902579982157,538154.365,0.0,,0,11.0,True,0,0,0,0,0,0,-1.0,-1.8369701987210292e-16,Autumn,3,Área Metropolitana do Porto,18.797749,0.0006961012,0,0
131613,Labruge,Vila do Conde,2025-10-01,2025,10,558298.049,13.232650027911724,558298.049,0.0,,0,12.0,True,0,0,0,0,0,0,-0.8660254037844386,0.5000000000000001,Autumn,4,Área Metropolitana do Porto,18.01437,0.0024052393,1,1
131614,Macieira da Maia,Vila do Conde,2024-07-01,2024,7,545758.551,13.209933774946183,326611.359,219147.192,2024-07-01,1,0.0,False,1,0,1,1,0,1,-0.4999999999999997,-0.8660254037844388,Summer,3,Área Metropolitana do Porto,21.178106,0.00041658172,0,0
131614,Macieira da Maia,Vila do Conde,2024-08-01,2024,8,514400.353,13.15075908215092,326877.043,187523.31,2024-07-01,1,1.0,False,0,0,0,1,0,1,-0.8660254037844385,-0.5000000000000004,Summer,3,Área Metropolitana do Porto,21.650047,4.4922283e-05,1,1
131614,Macieira da Maia,Vila do Conde,2024-09-01,2024,9,515481.966,13.152859538246254,311936.707,203545.259,2024-07-01,1,2.0,False,0,0,0,1,0,1,-1.0,-1.8369701987210292e-16,Autumn,3,Área Metropolitana do Porto,18.997519,0.0015901008,0,0
131614,Macieira da Maia,Vila do Conde,2024-10-01,2024,10,608872.9439999999,13.31936653676121,343311.562,265561.382,2024-07-01,1,3.0,False,0,0,0,1,0,1,-0.8660254037844386,0.5000000000000001,Autumn,4,Área Metropolitana do Porto,17.454159,0.0029070282,1,1
131614,Macieira da Maia,Vila do Conde,2024-11-01,2024,11,611472.868,13.323627498936212,354427.462,257045.406,2024-07-01,1,4.0,False,0,0,0,1,0,1,-0.5000000000000004,0.8660254037844384,Autumn,4,Área Metropolitana do Porto,15.715603,0.0011721377,1,1
131614,Macieira da Maia,Vila do Conde,2024-12-01,2024,12,651031.29,13.386314520575077,430413.208,220618.082,2024-07-01,1,5.0,False,0,0,0,1,0,1,-2.4492935982947064e-16,1.0,Winter,4,Área Metropolitana do Porto,10.526538,0.00048404743,3,1
131614,Macieira da Maia,Vila do Conde,2025-01-01,2025,1,736477.9739999999,13.50963596593691,463366.168,273111.806,2024-07-01,1,6.0,False,0,0,0,1,0,1,0.4999999999999999,0.8660254037844387,Winter,1,Área Metropolitana do Porto,11.183696,0.004801324,1,1
131614,Macieira da Maia,Vila do Conde,2025-02-01,2025,2,647837.717,13.38139705083676,390299.419,257538.298,2024-07-01,1,7.0,False,0,0,0,1,0,1,0.8660254037844386,0.5000000000000001,Winter,1,Área Metropolitana do Porto,11.355239,0.0018305271,0,0
131614,Macieira da Maia,Vila do Conde,2025-03-01,2025,3,664772.862,13.407202204662592,389465.451,275307.411,2024-07-01,1,8.0,False,0,0,0,1,0,1,1.0,6.123233995736766e-17,Spring,1,Área Metropolitana do Porto,11.713411,0.0025628177,0,0
131614,Macieira da Maia,Vila do Conde,2025-04-01,2025,4,598736.093,13.302577870898716,333625.042,265111.051,2024-07-01,1,9.0,False,0,0,0,1,0,1,0.8660254037844387,-0.4999999999999998,Spring,2,Área Metropolitana do Porto,14.719527,0.0030515105,3,1
131614,Macieira da Maia,Vila do Conde,2025-05-01,2025,5,579948.83,13.270696878781262,328600.453,251348.377,2024-07-01,1,10.0,False,0,0,0,1,0,1,0.4999999999999999,-0.8660254037844387,Spring,2,Área Metropolitana do Porto,16.704823,0.0013551611,1,1
131614,Macieira da Maia,Vila do Conde,2025-06-01,2025,6,548929.485,13.21572709134521,324549.344,224380.141,2024-07-01,1,11.0,False,0,0,0,1,0,1,1.2246467991473532e-16,-1.0,Summer,2,Área Metropolitana do Porto,20.418455,0.00049171963,2,1
131614,Macieira da Maia,Vila do Conde,2025-07-01,2025,7,616556.9010000001,13.331907516073432,355127.951,261428.95,2024-07-01,1,12.0,False,0,0,0,1,0,1,-0.4999999999999997,-0.8660254037844388,Summer,3,Área Metropolitana do Porto,22.42511,0.00023045657,0,0
131614,Macieira da Maia,Vila do Conde,2025-08-01,2025,8,510834.358,13.14380262157494,347202.073,163632.285,2024-07-01,1,13.0,False,0,0,0,1,0,1,-0.8660254037844385,-0.5000000000000004,Summer,3,Área Metropolitana do Porto,22.419378,0.000215916,1,1
131614,Macieira da Maia,Vila do Conde,2025-09-01,2025,9,539494.892,13.198390449193504,316388.001,223106.891,2024-07-01,1,14.0,False,0,0,0,1,0,1,-1.0,-1.8369701987210292e-16,Autumn,3,Área Metropolitana do Porto,18.797749,0.0006961012,0,0
131614,Macieira da Maia,Vila do Conde,2025-10-01,2025,10,614734.5279999999,13.328947418524397,343068.084,271666.444,2024-07-01,1,15.0,False,0,0,0,1,0,1,-0.8660254037844386,0.5000000000000001,Autumn,4,Área Metropolitana do Porto,18.01437,0.0024052393,1,1
131616,Mindelo,Vila do Conde,2024-10-01,2024,10,6897897.6280000005,15.746727376517068,799985.104,6097912.524,,0,0.0,True,0,0,0,0,0,0,-0.8660254037844386,0.5000000000000001,Autumn,4,Área Metropolitana do Porto,17.454159,0.0029070282,1,1
131616,Mindelo,Vila do Conde,2024-11-01,2024,11,6696094.745999999,15.717035190033688,828069.737,5868025.009,,0,1.0,True,0,0,0,0,0,0,-0.5000000000000004,0.8660254037844384,Autumn,4,Área Metropolitana do Porto,15.715603,0.0011721377,1,1
131616,Mindelo,Vila do Conde,2024-12-01,2024,12,6608907.39,15.7039290529554,1027780.623,5581126.767,,0,2.0,True,0,0,0,0,0,0,-2.4492935982947064e-16,1.0,Winter,4,Área Metropolitana do Porto,10.526538,0.00048404743,3,1
131616,Mindelo,Vila do Conde,2025-01-01,2025,1,6869022.825,15.742532561671588,1103361.535,5765661.29,,0,3.0,True,0,0,0,0,0,0,0.4999999999999999,0.8660254037844387,Winter,1,Área Metropolitana do Porto,11.183696,0.004801324,1,1
131616,Mindelo,Vila do Conde,2025-02-01,2025,2,6157693.684,15.633213025854191,943268.41,5214425.274,,0,4.0,True,0,0,0,0,0,0,0.8660254037844386,0.5000000000000001,Winter,1,Área Metropolitana do Porto,11.355239,0.0018305271,0,0
131616,Mindelo,Vila do Conde,2025-03-01,2025,3,6602724.169,15.702993026169032,954909.538,5647814.631,,0,5.0,True,0,0,0,0,0,0,1.0,6.123233995736766e-17,Spring,1,Área Metropolitana do Porto,11.713411,0.0025628177,0,0
131616,Mindelo,Vila do Conde,2025-04-01,2025,4,6185369.029,15.637697388858298,808665.157,5376703.872,,0,6.0,True,0,0,0,0,0,0,0.8660254037844387,-0.4999999999999998,Spring,2,Área Metropolitana do Porto,14.719527,0.0030515105,3,1
131616,Mindelo,Vila do Conde,2025-05-01,2025,5,6357109.948000001,15.665084578652827,780275.435,5576834.513,,0,7.0,True,0,0,0,0,0,0,0.4999999999999999,-0.8660254037844387,Spring,2,Área Metropolitana do Porto,16.704823,0.0013551611,1,1
131616,Mindelo,Vila do Conde,2025-06-01,2025,6,6396189.797,15.67121318316648,768616.344,5627573.453,,0,8.0,True,0,0,0,0,0,0,1.2246467991473532e-16,-1.0,Summer,2,Área Metropolitana do Porto,20.418455,0.00049171963,2,1
131616,Mindelo,Vila do Conde,2025-07-01,2025,7,6499897.24,15.687297079358704,845346.077,5654551.163,,0,9.0,True,0,0,0,0,0,0,-0.4999999999999997,-0.8660254037844388,Summer,3,Área Metropolitana do Porto,22.42511,0.00023045657,0,0
131616,Mindelo,Vila do Conde,2025-08-01,2025,8,6501565.117000001,15.687553646921147,850716.7,5650848.417,,0,10.0,True,0,0,0,0,0,0,-0.8660254037844385,-0.5000000000000004,Summer,3,Área Metropolitana do Porto,22.419378,0.000215916,1,1
131616,Mindelo,Vila do Conde,2025-09-01,2025,9,6473792.32,15.68327278833716,776367.233,5697425.087,,0,11.0,True,0,0,0,0,0,0,-1.0,-1.8369701987210292e-16,Autumn,3,Área Metropolitana do Porto,18.797749,0.0006961012,0,0
131616,Mindelo,Vila do Conde,2025-10-01,2025,10,6382895.2,15.669132502160174,831400.449,5551494.751,,0,12.0,True,0,0,0,0,0,0,-0.8660254037844386,0.5000000000000001,Autumn,4,Área Metropolitana do Porto,18.01437,0.0024052393,1,1
131617,Modivas,Vila do Conde,2024-10-01,2024,10,3992133.302,15.199836558633155,784388.295,3207745.007,,0,0.0,True,0,0,0,0,0,0,-0.8660254037844386,0.5000000000000001,Autumn,4,Área Metropolitana do Porto,17.454159,0.0029070282,1,1
131617,Modivas,Vila do Conde,2024-11-01,2024,11,3966463.41,15.19338567903803,789092.984,3177370.426,,0,1.0,True,0,0,0,0,0,0,-0.5000000000000004,0.8660254037844384,Autumn,4,Área Metropolitana do Porto,15.715603,0.0011721377,1,1
131617,Modivas,Vila do Conde,2024-12-01,2024,12,4068730.069,15.218841732147856,861799.237,3206930.832,,0,2.0,True,0,0,0,0,0,0,-2.4492935982947064e-16,1.0,Winter,4,Área Metropolitana do Porto,10.526538,0.00048404743,3,1
131617,Modivas,Vila do Conde,2025-01-01,2025,1,4236566.34,15.259263909690835,869377.533,3367188.807,,0,3.0,True,0,0,0,0,0,0,0.4999999999999999,0.8660254037844387,Winter,1,Área Metropolitana do Porto,11.183696,0.004801324,1,1
131617,Modivas,Vila do Conde,2025-02-01,2025,2,3794318.88,15.149015737994723,769612.474,3024706.406,,0,4.0,True,0,0,0,0,0,0,0.8660254037844386,0.5000000000000001,Winter,1,Área Metropolitana do Porto,11.355239,0.0018305271,0,0
131617,Modivas,Vila do Conde,2025-03-01,2025,3,4088051.612,15.223579280645875,819573.254,3268478.358,,0,5.0,True,0,0,0,0,0,0,1.0,6.123233995736766e-17,Spring,1,Área Metropolitana do Porto,11.713411,0.0025628177,0,0
131617,Modivas,Vila do Conde,2025-04-01,2025,4,4034676.369,15.210436898372883,777189.355,3257487.014,,0,6.0,True,0,0,0,0,0,0,0.8660254037844387,-0.4999999999999998,Spring,2,Área Metropolitana do Porto,14.719527,0.0030515105,3,1
131617,Modivas,Vila do Conde,2025-05-01,2025,5,4318093.294,15.27832472724319,824213.007,3493880.287,,0,7.0,True,0,0,0,0,0,0,0.4999999999999999,-0.8660254037844387,Spring,2,Área Metropolitana do Porto,16.704823,0.0013551611,1,1
131617,Modivas,Vila do Conde,2025-06-01,2025,6,4257592.838,15.264214731910265,886134.61,3371458.228,,0,8.0,True,0,0,0,0,0,0,1.2246467991473532e-16,-1.0,Summer,2,Área Metropolitana do Porto,20.418455,0.00049171963,2,1
131617,Modivas,Vila do Conde,2025-07-01,2025,7,4510671.134,15.321956732303752,974087.169,3536583.965,,0,9.0,True,0,0,0,0,0,0,-0.4999999999999997,-0.8660254037844388,Summer,3,Área Metropolitana do Porto,22.42511,0.00023045657,0,0
131617,Modivas,Vila do Conde,2025-08-01,2025,8,4355439.807,15.286936381745797,952024.871,3403414.936,,0,10.0,True,0,0,0,0,0,0,-0.8660254037844385,-0.5000000000000004,Summer,3,Área Metropolitana do Porto,22.419378,0.000215916,1,1
131617,Modivas,Vila do Conde,2025-09-01,2025,9,4202169.335,15.251111696214709,828295.269,3373874.066,,0,11.0,True,0,0,0,0,0,0,-1.0,-1.8369701987210292e-16,Autumn,3,Área Metropolitana do Porto,18.797749,0.0006961012,0,0
131617,Modivas,Vila do Conde,2025-10-01,2025,10,4886828.569,15.402054301283618,869709.346,4017119.223,,0,12.0,True,0,0,0,0,0,0,-0.8660254037844386,0.5000000000000001,Autumn,4,Área Metropolitana do Porto,18.01437,0.0024052393,1,1
131627,Vila Cha,Vila do Conde,2024-10-01,2024,10,649443.4230000001,13.38387254253241,568202.709,81240.714,,0,0.0,True,0,0,0,0,0,0,-0.8660254037844386,0.5000000000000001,Autumn,4,Área Metropolitana do Porto,17.454159,0.0029070282,1,1
131627,Vila Cha,Vila do Conde,2024-11-01,2024,11,668059.0040000001,13.412133274831945,586669.65,81389.354,,0,1.0,True,0,0,0,0,0,0,-0.5000000000000004,0.8660254037844384,Autumn,4,Área Metropolitana do Porto,15.715603,0.0011721377,1,1
131627,Vila Cha,Vila do Conde,2024-12-01,2024,12,790319.074,13.58019329935131,721005.041,69314.033,,0,2.0,True,0,0,0,0,0,0,-2.4492935982947064e-16,1.0,Winter,4,Área Metropolitana do Porto,10.526538,0.00048404743,3,1
131627,Vila Cha,Vila do Conde,2025-01-01,2025,1,859719.3200000001,13.664362406035352,783935.158,75784.162,,0,3.0,True,0,0,0,0,0,0,0.4999999999999999,0.8660254037844387,Winter,1,Área Metropolitana do Porto,11.183696,0.004801324,1,1
131627,Vila Cha,Vila do Conde,2025-02-01,2025,2,735672.272,13.50854137523458,666726.221,68946.051,,0,4.0,True,0,0,0,0,0,0,0.8660254037844386,0.5000000000000001,Winter,1,Área Metropolitana do Porto,11.355239,0.0018305271,0,0
131627,Vila Cha,Vila do Conde,2025-03-01,2025,3,752441.789,13.531080244807924,671714.324,80727.465,,0,5.0,True,0,0,0,0,0,0,1.0,6.123233995736766e-17,Spring,1,Área Metropolitana do Porto,11.713411,0.0025628177,0,0
131627,Vila Cha,Vila do Conde,2025-04-01,2025,4,639549.657,13.36852111031182,567194.067,72355.59,,0,6.0,True,0,0,0,0,0,0,0.8660254037844387,-0.4999999999999998,Spring,2,Área Metropolitana do Porto,14.719527,0.0030515105,3,1
131627,Vila Cha,Vila do Conde,2025-05-01,2025,5,631353.853,13.35562334954038,544538.153,86815.7,,0,7.0,True,0,0,0,0,0,0,0.4999999999999999,-0.8660254037844387,Spring,2,Área Metropolitana do Porto,16.704823,0.0013551611,1,1
131627,Vila Cha,Vila do Conde,2025-06-01,2025,6,634810.38,13.361083194379818,549638.322,85172.058,,0,8.0,True,0,0,0,0,0,0,1.2246467991473532e-16,-1.0,Summer,2,Área Metropolitana do Porto,20.418455,0.00049171963,2,1
131627,Vila Cha,Vila do Conde,2025-07-01,2025,7,702557.137,13.462483434061216,615824.874,86732.263,,0,9.0,True,0,0,0,0,0,0,-0.4999999999999997,-0.8660254037844388,Summer,3,Área Metropolitana do Porto,22.42511,0.00023045657,0,0
131627,Vila Cha,Vila do Conde,2025-08-01,2025,8,697089.174,13.454670055836488,612087.915,85001.259,,0,10.0,True,0,0,0,0,0,0,-0.8660254037844385,-0.5000000000000004,Summer,3,Área Metropolitana do Porto,22.419378,0.000215916,1,1
131627,Vila Cha,Vila do Conde,2025-09-01,2025,9,641125.144,13.3709815090534,555193.493,85931.651,,0,11.0,True,0,0,0,0,0,0,-1.0,-1.8369701987210292e-16,Autumn,3,Área Metropolitana do Porto,18.797749,0.0006961012,0,0
131627,Vila Cha,Vila do Conde,2025-10-01,2025,10,688839.652,13.442765248937173,598225.56,90614.092,,0,12.0,True,0,0,0,0,0,0,-0.8660254037844386,0.5000000000000001,Autumn,4,Área Metropolitana do Porto,18.01437,0.0024052393,1,1
131628,Vila do Conde,Vila do Conde,2024-07-01,2024,7,6517578.461,15.690013616660236,4754010.717,1763567.744,2024-07-01,1,0.0,False,1,0,1,1,0,1,-0.4999999999999997,-0.8660254037844388,Summer,3,Área Metropolitana do Porto,21.178106,0.00041658172,0,0
131628,Vila do Conde,Vila do Conde,2024-08-01,2024,8,6535293.496,15.69272796844743,4812937.335,1722356.161,2024-07-01,1,1.0,False,0,0,0,1,0,1,-0.8660254037844385,-0.5000000000000004,Summer,3,Área Metropolitana do Porto,21.650047,4.4922283e-05,1,1
131628,Vila do Conde,Vila do Conde,2024-09-01,2024,9,6252236.158,15.648449902945456,4579964.464,1672271.694,2024-07-01,1,2.0,False,0,0,0,1,0,1,-1.0,-1.8369701987210292e-16,Autumn,3,Área Metropolitana do Porto,18.997519,0.0015901008,0,0
131628,Vila do Conde,Vila do Conde,2024-10-01,2024,10,6652161.903999999,15.71045260847194,4903955.174,1748206.73,2024-07-01,1,3.0,False,0,0,0,1,0,1,-0.8660254037844386,0.5000000000000001,Autumn,4,Área Metropolitana do Porto,17.454159,0.0029070282,1,1
131628,Vila do Conde,Vila do Conde,2024-11-01,2024,11,6643500.729,15.70914975126785,4978218.659,1665282.07,2024-07-01,1,4.0,False,0,0,0,1,0,1,-0.5000000000000004,0.8660254037844384,Autumn,4,Área Metropolitana do Porto,15.715603,0.0011721377,1,1
131628,Vila do Conde,Vila do Conde,2024-12-01,2024,12,7602676.365,15.844011028087236,5901651.529,1701024.836,2024-07-01,1,5.0,False,0,0,0,1,0,1,-2.4492935982947064e-16,1.0,Winter,4,Área Metropolitana do Porto,10.526538,0.00048404743,3,1
131628,Vila do Conde,Vila do Conde,2025-01-01,2025,1,8107743.109,15.908330225745187,6383781.36,1723961.749,2024-07-01,1,6.0,False,0,0,0,1,0,1,0.4999999999999999,0.8660254037844387,Winter,1,Área Metropolitana do Porto,11.183696,0.004801324,1,1
131628,Vila do Conde,Vila do Conde,2025-02-01,2025,2,7026859.29,15.765250548092526,5487872.432,1538986.858,2024-07-01,1,7.0,False,0,0,0,1,0,1,0.8660254037844386,0.5000000000000001,Winter,1,Área Metropolitana do Porto,11.355239,0.0018305271,0,0
131628,Vila do Conde,Vila do Conde,2025-03-01,2025,3,7223751.050000001,15.792885050400209,5587202.849,1636548.201,2024-07-01,1,8.0,False,0,0,0,1,0,1,1.0,6.123233995736766e-17,Spring,1,Área Metropolitana do Porto,11.713411,0.0025628177,0,0
131628,Vila do Conde,Vila do Conde,2025-04-01,2025,4,6352189.926,15.664310339077035,4817789.228,1534400.698,2024-07-01,1,9.0,False,0,0,0,1,0,1,0.8660254037844387,-0.4999999999999998,Spring,2,Área Metropolitana do Porto,14.719527,0.0030515105,3,1
131628,Vila do Conde,Vila do Conde,2025-05-01,2025,5,6314376.312,15.658339704312736,4722036.176,1592340.136,2024-07-01,1,10.0,False,0,0,0,1,0,1,0.4999999999999999,-0.8660254037844387,Spring,2,Área Metropolitana do Porto,16.704823,0.0013551611,1,1
131628,Vila do Conde,Vila do Conde,2025-06-01,2025,6,6354518.629,15.664676870291544,4651869.272,1702649.357,2024-07-01,1,11.0,False,0,0,0,1,0,1,1.2246467991473532e-16,-1.0,Summer,2,Área Metropolitana do Porto,20.418455,0.00049171963,2,1
131628,Vila do Conde,Vila do Conde,2025-07-01,2025,7,6736776.564,15.723092262327809,4922386.747,1814389.817,2024-07-01,1,12.0,False,0,0,0,1,0,1,-0.4999999999999997,-0.8660254037844388,Summer,3,Área Metropolitana do Porto,22.42511,0.00023045657,0,0
131628,Vila do Conde,Vila do Conde,2025-08-01,2025,8,6729316.38,15.721984267056094,4951256.001,1778060.379,2024-07-01,1,13.0,False,1,0,1,2,0,2,-0.8660254037844385,-0.5000000000000004,Summer,3,Área Metropolitana do Porto,22.419378,0.000215916,1,1
131628,Vila do Conde,Vila do Conde,2025-09-01,2025,9,6307713.646,15.657283989199744,4641137.242,1666576.404,2024-07-01,1,14.0,False,0,0,0,2,0,2,-1.0,-1.8369701987210292e-16,Autumn,3,Área Metropolitana do Porto,18.797749,0.0006961012,0,0
131628,Vila do Conde,Vila do Conde,2025-10-01,2025,10,6678318.337,15.714376917599695,4954145.127,1724173.21,2024-07-01,1,15.0,False,0,0,0,2,0,2,-0.8660254037844386,0.5000000000000001,Autumn,4,Área Metropolitana do Porto,18.01437,0.0024052393,1,1
131630,Vilar de Pinheiro,Vila do Conde,2024-07-01,2024,7,696042.672,13.453167684474474,440322.193,255720.479,2024-07-01,1,0.0,False,1,0,1,1,0,1,-0.4999999999999997,-0.8660254037844388,Summer,3,Área Metropolitana do Porto,21.178106,0.00041658172,0,0
131630,Vilar de Pinheiro,Vila do Conde,2024-08-01,2024,8,677808.292,13.426621247119838,434460.84,243347.452,2024-07-01,1,1.0,False,0,0,0,1,0,1,-0.8660254037844385,-0.5000000000000004,Summer,3,Área Metropolitana do Porto,21.650047,4.4922283e-05,1,1
131630,Vilar de Pinheiro,Vila do Conde,2024-09-01,2024,9,663816.072,13.405761896527231,414386.172,249429.9,2024-07-01,1,2.0,False,0,0,0,1,0,1,-1.0,-1.8369701987210292e-16,Autumn,3,Área Metropolitana do Porto,18.997519,0.0015901008,0,0
131630,Vilar de Pinheiro,Vila do Conde,2024-10-01,2024,10,709507.5160000001,13.472327778329088,435379.322,274128.194,2024-07-01,1,3.0,False,0,0,0,1,0,1,-0.8660254037844386,0.5000000000000001,Autumn,4,Área Metropolitana do Porto,17.454159,0.0029070282,1,1
131630,Vilar de Pinheiro,Vila do Conde,2024-11-01,2024,11,726194.913,13.495575110020344,450583.237,275611.676,2024-07-01,1,4.0,False,0,0,0,1,0,1,-0.5000000000000004,0.8660254037844384,Autumn,4,Área Metropolitana do Porto,15.715603,0.0011721377,1,1
131630,Vilar de Pinheiro,Vila do Conde,2024-12-01,2024,12,794066.466,13.584923706392846,537589.334,256477.132,2024-07-01,1,5.0,False,0,0,0,1,0,1,-2.4492935982947064e-16,1.0,Winter,4,Área Metropolitana do Porto,10.526538,0.00048404743,3,1
131630,Vilar de Pinheiro,Vila do Conde,2025-01-01,2025,1,857490.611,13.661766674883998,587545.027,269945.584,2024-07-01,1,6.0,False,0,0,0,1,0,1,0.4999999999999999,0.8660254037844387,Winter,1,Área Metropolitana do Porto,11.183696,0.004801324,1,1
131630,Vilar de Pinheiro,Vila do Conde,2025-02-01,2025,2,750711.818,13.528778458145574,505838.545,244873.273,2024-07-01,1,7.0,False,0,0,0,1,0,1,0.8660254037844386,0.5000000000000001,Winter,1,Área Metropolitana do Porto,11.355239,0.0018305271,0,0
131630,Vilar de Pinheiro,Vila do Conde,2025-03-01,2025,3,772494.9839999999,13.557382089035023,510646.132,261848.852,2024-07-01,1,8.0,False,0,0,0,1,0,1,1.0,6.123233995736766e-17,Spring,1,Área Metropolitana do Porto,11.713411,0.0025628177,0,0
131630,Vilar de Pinheiro,Vila do Conde,2025-04-01,2025,4,681897.843,13.43263660177758,437288.82,244609.023,2024-07-01,1,9.0,False,0,0,0,1,0,1,0.8660254037844387,-0.4999999999999998,Spring,2,Área Metropolitana do Porto,14.719527,0.0030515105,3,1
131630,Vilar de Pinheiro,Vila do Conde,2025-05-01,2025,5,663086.101,13.4046616345965,423235.869,239850.232,2024-07-01,1,10.0,False,0,0,0,1,0,1,0.4999999999999999,-0.8660254037844387,Spring,2,Área Metropolitana do Porto,16.704823,0.0013551611,1,1
131630,Vilar de Pinheiro,Vila do Conde,2025-06-01,2025,6,660010.249,13.400012157796755,421702.714,238307.535,2024-07-01,1,11.0,False,0,0,0,1,0,1,1.2246467991473532e-16,-1.0,Summer,2,Área Metropolitana do Porto,20.418455,0.00049171963,2,1
131630,Vilar de Pinheiro,Vila do Conde,2025-07-01,2025,7,699083.394,13.457526749264218,464220.508,234862.886,2024-07-01,1,12.0,False,0,0,0,1,0,1,-0.4999999999999997,-0.8660254037844388,Summer,3,Área Metropolitana do Porto,22.42511,0.00023045657,0,0
131630,Vilar de Pinheiro,Vila do Conde,2025-08-01,2025,8,674204.443,13.421290155021534,436405.762,237798.681,2024-07-01,1,13.0,False,0,0,0,1,0,1,-0.8660254037844385,-0.5000000000000004,Summer,3,Área Metropolitana do Porto,22.419378,0.000215916,1,1
131630,Vilar de Pinheiro,Vila do Conde,2025-09-01,2025,9,646690.852,13.379625188004765,411560.918,235129.934,2024-07-01,1,14.0,False,0,0,0,1,0,1,-1.0,-1.8369701987210292e-16,Autumn,3,Área Metropolitana do Porto,18.797749,0.0006961012,0,0
131630,Vilar de Pinheiro,Vila do Conde,2025-10-01,2025,10,718529.37,13.484963252223094,456177.76,262351.61,2024-07-01,1,15.0,False,0,0,0,1,0,1,-0.8660254037844386,0.5000000000000001,Autumn,4,Área Metropolitana do Porto,18.01437,0.0024052393,1,1
131631,Uf Bagunte Ferreiro Maior Par,Vila do Conde,2024-10-01,2024,10,623868.881,13.343697101568942,561955.14,61913.741,,0,0.0,True,0,0,0,0,0,0,-0.8660254037844386,0.5000000000000001,Autumn,4,Área Metropolitana do Porto,17.120594,0.0031382972,1,1
131631,Uf Bagunte Ferreiro Maior Par,Vila do Conde,2024-11-01,2024,11,612922.3679999999,13.32599519568452,550221.043,62701.325,,0,1.0,True,0,0,0,0,0,0,-0.5000000000000004,0.8660254037844384,Autumn,4,Área Metropolitana do Porto,15.336624,0.001189044,1,1
131631,Uf Bagunte Ferreiro Maior Par,Vila do Conde,2024-12-01,2024,12,688743.025,13.442624964275517,631229.091,57513.934,,0,2.0,True,0,0,0,0,0,0,-2.4492935982947064e-16,1.0,Winter,4,Área Metropolitana do Porto,10.137236,0.00050313806,3,1
131631,Uf Bagunte Ferreiro Maior Par,Vila do Conde,2025-01-01,2025,1,737853.772,13.511502298309864,671107.192,66746.58,,0,3.0,True,0,0,0,0,0,0,0.4999999999999999,0.8660254037844387,Winter,1,Área Metropolitana do Porto,10.786856,0.0049654506,1,1
131631,Uf Bagunte Ferreiro Maior Par,Vila do Conde,2025-02-01,2025,2,654099.028,13.391015566756211,584257.93,69841.098,,0,4.0,True,0,0,0,0,0,0,0.8660254037844386,0.5000000000000001,Winter,1,Área Metropolitana do Porto,10.992876,0.0018172193,0,0
131631,Uf Bagunte Ferreiro Maior Par,Vila do Conde,2025-03-01,2025,3,682859.5349999999,13.434045922973208,586004.073,96855.462,,0,5.0,True,0,0,0,0,0,0,1.0,6.123233995736766e-17,Spring,1,Área Metropolitana do Porto,11.333668,0.0025560507,0,0
131631,Uf Bagunte Ferreiro Maior Par,Vila do Conde,2025-04-01,2025,4,603892.453,13.311153059038352,508396.359,95496.094,,0,6.0,True,0,0,0,0,0,0,0.8660254037844387,-0.4999999999999998,Spring,2,Área Metropolitana do Porto,14.383118,0.003054146,3,1
131631,Uf Bagunte Ferreiro Maior Par,Vila do Conde,2025-05-01,2025,5,609518.253,13.320425815591603,506571.36,102946.893,,0,7.0,True,0,0,0,0,0,0,0.4999999999999999,-0.8660254037844387,Spring,2,Área Metropolitana do Porto,16.458231,0.001352692,1,1
131631,Uf Bagunte Ferreiro Maior Par,Vila do Conde,2025-06-01,2025,6,765763.147,13.548629499222375,654227.673,111535.474,,0,8.0,True,0,0,0,0,0,0,1.2246467991473532e-16,-1.0,Summer,2,Área Metropolitana do Porto,20.408844,0.00050888455,2,1
131631,Uf Bagunte Ferreiro Maior Par,Vila do Conde,2025-07-01,2025,7,1052474.579,13.866655641419127,924784.792,127689.787,,0,9.0,True,0,0,0,0,0,0,-0.4999999999999997,-0.8660254037844388,Summer,3,Área Metropolitana do Porto,22.449768,0.00024826385,0,0
131631,Uf Bagunte Ferreiro Maior Par,Vila do Conde,2025-08-01,2025,8,943587.894,13.757445856628673,823592.443,119995.451,,0,10.0,True,0,0,0,0,0,0,-0.8660254037844385,-0.5000000000000004,Summer,3,Área Metropolitana do Porto,22.553263,0.00022383373,1,1
131631,Uf Bagunte Ferreiro Maior Par,Vila do Conde,2025-09-01,2025,9,631151.4569999999,13.355302724067354,528143.695,103007.762,,0,11.0,True,0,0,0,0,0,0,-1.0,-1.8369701987210292e-16,Autumn,3,Área Metropolitana do Porto,18.601042,0.0007126568,0,0
131631,Uf Bagunte Ferreiro Maior Par,Vila do Conde,2025-10-01,2025,10,655450.4929999999,13.393079579447756,543101.19,112349.303,,0,12.0,True,0,0,0,0,0,0,-0.8660254037844386,0.5000000000000001,Autumn,4,Área Metropolitana do Porto,17.813175,0.002531177,1,1
131636,Uf Touguinha e Touguinho,Vila do Conde,2024-10-01,2024,10,1089480.419,13.901212378609172,577589.19,511891.229,,0,0.0,True,0,0,0,0,0,0,-0.8660254037844386,0.5000000000000001,Autumn,4,Área Metropolitana do Porto,17.454159,0.0029070282,1,1
131636,Uf Touguinha e Touguinho,Vila do Conde,2024-11-01,2024,11,1106722.185,13.916914121703629,590744.347,515977.838,,0,1.0,True,0,0,0,0,0,0,-0.5000000000000004,0.8660254037844384,Autumn,4,Área Metropolitana do Porto,15.715603,0.0011721377,1,1
131636,Uf Touguinha e Touguinho,Vila do Conde,2024-12-01,2024,12,1175817.988,13.97747547382483,695541.988,480276.0,,0,2.0,True,0,0,0,0,0,0,-2.4492935982947064e-16,1.0,Winter,4,Área Metropolitana do Porto,10.526538,0.00048404743,3,1
131636,Uf Touguinha e Touguinho,Vila do Conde,2025-01-01,2025,1,1251684.542,14.040001634558346,736215.644,515468.898,,0,3.0,True,0,0,0,0,0,0,0.4999999999999999,0.8660254037844387,Winter,1,Área Metropolitana do Porto,11.183696,0.004801324,1,1
131636,Uf Touguinha e Touguinho,Vila do Conde,2025-02-01,2025,2,1087949.997,13.899806665861655,624162.965,463787.032,,0,4.0,True,0,0,0,0,0,0,0.8660254037844386,0.5000000000000001,Winter,1,Área Metropolitana do Porto,11.355239,0.0018305271,0,0
131636,Uf Touguinha e Touguinho,Vila do Conde,2025-03-01,2025,3,1133321.971,13.940664557641188,635331.806,497990.165,,0,5.0,True,0,0,0,0,0,0,1.0,6.123233995736766e-17,Spring,1,Área Metropolitana do Porto,11.713411,0.0025628177,0,0
131636,Uf Touguinha e Touguinho,Vila do Conde,2025-04-01,2025,4,1015543.107,13.830935092835825,544360.8,471182.307,,0,6.0,True,0,0,0,0,0,0,0.8660254037844387,-0.4999999999999998,Spring,2,Área Metropolitana do Porto,14.719527,0.0030515105,3,1
131636,Uf Touguinha e Touguinho,Vila do Conde,2025-05-01,2025,5,986759.136,13.802182265577732,527516.571,459242.565,,0,7.0,True,0,0,0,0,0,0,0.4999999999999999,-0.8660254037844387,Spring,2,Área Metropolitana do Porto,16.704823,0.0013551611,1,1
131636,Uf Touguinha e Touguinho,Vila do Conde,2025-06-01,2025,6,1043684.153,13.858268424354849,574594.222,469089.931,,0,8.0,True,0,0,0,0,0,0,1.2246467991473532e-16,-1.0,Summer,2,Área Metropolitana do Porto,20.418455,0.00049171963,2,1
131636,Uf Touguinha e Touguinho,Vila do Conde,2025-07-01,2025,7,1211717.49,14.007550149655884,702365.681,509351.809,,0,9.0,True,0,0,0,0,0,0,-0.4999999999999997,-0.8660254037844388,Summer,3,Área Metropolitana do Porto,22.42511,0.00023045657,0,0
131636,Uf Touguinha e Touguinho,Vila do Conde,2025-08-01,2025,8,1130018.512,13.937745457796083,660472.543,469545.969,,0,10.0,True,0,0,0,0,0,0,-0.8660254037844385,-0.5000000000000004,Summer,3,Área Metropolitana do Porto,22.419378,0.000215916,1,1
131636,Uf Touguinha e Touguinho,Vila do Conde,2025-09-01,2025,9,1030641.43,13.845692884220911,534567.873,496073.557,,0,11.0,True,0,0,0,0,0,0,-1.0,-1.8369701987210292e-16,Autumn,3,Área Metropolitana do Porto,18.797749,0.0006961012,0,0
131636,Uf Touguinha e Touguinho,Vila do Conde,2025-10-01,2025,10,1139535.2769999998,13.94613196305406,581280.864,558254.413,,0,12.0,True,0,0,0,0,0,0,-0.8660254037844386,0.5000000000000001,Autumn,4,Área Metropolitana do Porto,18.01437,0.0024052393,1,1
131637,Uf Vilar e Mosteiro,Vila do Conde,2024-10-01,2024,10,989936.94,13.805397533277182,474438.661,515498.279,,0,0.0,True,0,0,0,0,0,0,-0.8660254037844386,0.5000000000000001,Autumn,4,Área Metropolitana do Porto,17.454159,0.0029070282,1,1
131637,Uf Vilar e Mosteiro,Vila do Conde,2024-11-01,2024,11,1021371.749,13.836658112792769,478686.845,542684.904,,0,1.0,True,0,0,0,0,0,0,-0.5000000000000004,0.8660254037844384,Autumn,4,Área Metropolitana do Porto,15.715603,0.0011721377,1,1
131637,Uf Vilar e Mosteiro,Vila do Conde,2024-12-01,2024,12,1076050.504,13.888808884729322,554591.439,521459.065,,0,2.0,True,0,0,0,0,0,0,-2.4492935982947064e-16,1.0,Winter,4,Área Metropolitana do Porto,10.526538,0.00048404743,3,1
131637,Uf Vilar e Mosteiro,Vila do Conde,2025-01-01,2025,1,1165630.317,13.96877340120982,594812.866,570817.451,,0,3.0,True,0,0,0,0,0,0,0.4999999999999999,0.8660254037844387,Winter,1,Área Metropolitana do Porto,11.183696,0.004801324,1,1
131637,Uf Vilar e Mosteiro,Vila do Conde,2025-02-01,2025,2,1036675.48,13.851530461680444,512548.432,524127.048,,0,4.0,True,0,0,0,0,0,0,0.8660254037844386,0.5000000000000001,Winter,1,Área Metropolitana do Porto,11.355239,0.0018305271,0,0
131637,Uf Vilar e Mosteiro,Vila do Conde,2025-03-01,2025,3,1040979.257,13.855673381999392,519229.467,521749.79,,0,5.0,True,0,0,0,0,0,0,1.0,6.123233995736766e-17,Spring,1,Área Metropolitana do Porto,11.713411,0.0025628177,0,0
131637,Uf Vilar e Mosteiro,Vila do Conde,2025-04-01,2025,4,918144.716,13.730111389032176,445651.57,472493.146,,0,6.0,True,0,0,0,0,0,0,0.8660254037844387,-0.4999999999999998,Spring,2,Área Metropolitana do Porto,14.719527,0.0030515105,3,1
131637,Uf Vilar e Mosteiro,Vila do Conde,2025-05-01,2025,5,920670.708,13.732858800010488,442510.173,478160.535,,0,7.0,True,0,0,0,0,0,0,0.4999999999999999,-0.8660254037844387,Spring,2,Área Metropolitana do Porto,16.704823,0.0013551611,1,1
131637,Uf Vilar e Mosteiro,Vila do Conde,2025-06-01,2025,6,944951.626,13.758890074002338,470775.16,474176.466,,0,8.0,True,0,0,0,0,0,0,1.2246467991473532e-16,-1.0,Summer,2,Área Metropolitana do Porto,20.418455,0.00049171963,2,1
131637,Uf Vilar e Mosteiro,Vila do Conde,2025-07-01,2025,7,1050299.112,13.86458650224706,540333.996,509965.116,,0,9.0,True,0,0,0,0,0,0,-0.4999999999999997,-0.8660254037844388,Summer,3,Área Metropolitana do Porto,22.42511,0.00023045657,0,0
131637,Uf Vilar e Mosteiro,Vila do Conde,2025-08-01,2025,8,1004440.454,13.81994217781532,503095.067,501345.387,,0,10.0,True,0,0,0,0,0,0,-0.8660254037844385,-0.5000000000000004,Summer,3,Área Metropolitana do Porto,22.419378,0.000215916,1,1
131637,Uf Vilar e Mosteiro,Vila do Conde,2025-09-01,2025,9,939721.693,13.753340103276122,438738.516,500983.177,,0,11.0,True,0,0,0,0,0,0,-1.0,-1.8369701987210292e-16,Autumn,3,Área Metropolitana do Porto,18.797749,0.0006961012,0,0
131637,Uf Vilar e Mosteiro,Vila do Conde,2025-10-01,2025,10,1021421.713,13.836707030073953,467869.602,553552.111,,0,12.0,True,0,0,0,0,0,0,-0.8660254037844386,0.5000000000000001,Autumn,4,Área Metropolitana do Porto,18.01437,0.0024052393,1,1
131701,Arcozelo,Vila Nova de Gaia,2024-08-01,2024,8,4039264.485,15.21157342276421,2550783.035,1488481.45,,0,0.0,True,0,0,0,0,0,0,-0.8660254037844385,-0.5000000000000004,Summer,3,Área Metropolitana do Porto,21.733551,4.7774334e-05,1,1
131701,Arcozelo,Vila Nova de Gaia,2024-09-01,2024,9,4480882.08,15.315330701037777,2540281.657,1940600.423,,0,1.0,True,0,0,0,0,0,0,-1.0,-1.8369701987210292e-16,Autumn,3,Área Metropolitana do Porto,19.07441,0.0016157079,0,0
131701,Arcozelo,Vila Nova de Gaia,2024-10-01,2024,10,5112576.353,15.447214209389884,2751405.348,2361171.005,,0,2.0,True,0,0,0,0,0,0,-0.8660254037844386,0.5000000000000001,Autumn,4,Área Metropolitana do Porto,17.39241,0.0028214897,1,1
131701,Arcozelo,Vila Nova de Gaia,2024-11-01,2024,11,5049945.226,15.434888152878017,2813791.044,2236154.182,,0,3.0,True,0,0,0,0,0,0,-0.5000000000000004,0.8660254037844384,Autumn,4,Área Metropolitana do Porto,15.648907,0.0012519751,1,1
131701,Arcozelo,Vila Nova de Gaia,2024-12-01,2024,12,5391011.0600000005,15.500243691493074,3374701.381,2016309.679,,0,4.0,True,0,0,0,0,0,0,-2.4492935982947064e-16,1.0,Winter,4,Área Metropolitana do Porto,10.536939,0.0003741847,3,1
131701,Arcozelo,Vila Nova de Gaia,2025-01-01,2025,1,6058823.499,15.617026362166808,3600608.724,2458214.775,,0,5.0,True,0,0,0,0,0,0,0.4999999999999999,0.8660254037844387,Winter,1,Área Metropolitana do Porto,11.120857,0.0043605575,1,1
131701,Arcozelo,Vila Nova de Gaia,2025-02-01,2025,2,5185240.673,15.46132700858848,3094869.45,2090371.223,,0,6.0,True,0,0,0,0,0,0,0.8660254037844386,0.5000000000000001,Winter,1,Área Metropolitana do Porto,11.340338,0.0016931776,0,0
131701,Arcozelo,Vila Nova de Gaia,2025-03-01,2025,3,5365677.574,15.495533407689068,3187946.667,2177730.907,,0,7.0,True,0,0,0,0,0,0,1.0,6.123233995736766e-17,Spring,1,Área Metropolitana do Porto,11.632641,0.002681712,0,0
131701,Arcozelo,Vila Nova de Gaia,2025-04-01,2025,4,4766394.091,15.377100831022869,2730907.165,2035486.926,,0,8.0,True,0,0,0,0,0,0,0.8660254037844387,-0.4999999999999998,Spring,2,Área Metropolitana do Porto,14.646182,0.0031815295,3,1
131701,Arcozelo,Vila Nova de Gaia,2025-05-01,2025,5,4724433.684,15.368258468154233,2642732.095,2081701.589,,0,9.0,True,0,0,0,0,0,0,0.4999999999999999,-0.8660254037844387,Spring,2,Área Metropolitana do Porto,16.633017,0.0014245462,1,1
131701,Arcozelo,Vila Nova de Gaia,2025-06-01,2025,6,4464368.006,15.311638442261325,2540958.559,1923409.447,,0,10.0,True,0,0,0,0,0,0,1.2246467991473532e-16,-1.0,Summer,2,Área Metropolitana do Porto,20.523325,0.0003947782,2,1
131701,Arcozelo,Vila Nova de Gaia,2025-07-01,2025,7,4822112.316,15.388722837239754,2637108.605,2185003.711,,0,11.0,True,0,0,0,0,0,0,-0.4999999999999997,-0.8660254037844388,Summer,3,Área Metropolitana do Porto,22.568066,0.00029465577,0,0
131701,Arcozelo,Vila Nova de Gaia,2025-08-01,2025,8,4301910.692,15.274570061402471,2623254.044,1678656.648,,0,12.0,True,0,0,0,0,0,0,-0.8660254037844385,-0.5000000000000004,Summer,3,Área Metropolitana do Porto,22.63484,0.00021681988,1,1
131702,Avintes,Vila Nova de Gaia,2024-09-01,2024,9,10502159.065,16.167091514446387,1463884.684,9038274.381,,0,0.0,True,0,0,0,0,0,0,-1.0,-1.8369701987210292e-16,Autumn,3,Área Metropolitana do Porto,18.762293,0.001801074,0,0
131702,Avintes,Vila Nova de Gaia,2024-10-01,2024,10,11828647.374,16.286034975327325,1600133.136,10228514.238,,0,1.0,True,0,0,0,0,0,0,-0.8660254037844386,0.5000000000000001,Autumn,4,Área Metropolitana do Porto,16.829386,0.0032353026,1,1
131702,Avintes,Vila Nova de Gaia,2024-11-01,2024,11,10650604.624,16.18112731460618,1666060.196,8984544.428,,0,2.0,True,0,0,0,0,0,0,-0.5000000000000004,0.8660254037844384,Autumn,4,Área Metropolitana do Porto,15.020964,0.0013487627,1,1
131702,Avintes,Vila Nova de Gaia,2024-12-01,2024,12,11495511.017,16.25746725777116,2023966.318,9471544.699,,0,3.0,True,0,0,0,0,0,0,-2.4492935982947064e-16,1.0,Winter,4,Área Metropolitana do Porto,9.688309,0.00041358918,3,1
131702,Avintes,Vila Nova de Gaia,2025-01-01,2025,1,12026658.726,16.30263638738399,2159066.082,9867592.644,,0,4.0,True,0,0,0,0,0,0,0.4999999999999999,0.8660254037844387,Winter,1,Área Metropolitana do Porto,10.404397,0.004740125,1,1
131702,Avintes,Vila Nova de Gaia,2025-02-01,2025,2,10867926.631,16.201326590599322,1861937.6,9005989.031,,0,5.0,True,0,0,0,0,0,0,0.8660254037844386,0.5000000000000001,Winter,1,Área Metropolitana do Porto,10.705645,0.0016672852,0,0
131702,Avintes,Vila Nova de Gaia,2025-03-01,2025,3,11266603.022,16.237353511592165,1898604.02,9367999.002,,0,6.0,True,0,0,0,0,0,0,1.0,6.123233995736766e-17,Spring,1,Área Metropolitana do Porto,11.062444,0.002877175,0,0
131702,Avintes,Vila Nova de Gaia,2025-04-01,2025,4,10198248.334,16.137726629602145,1609710.276,8588538.058,,0,7.0,True,0,0,0,0,0,0,0.8660254037844387,-0.4999999999999998,Spring,2,Área Metropolitana do Porto,14.106821,0.0032629499,3,1
131702,Avintes,Vila Nova de Gaia,2025-05-01,2025,5,10868916.031,16.201417624971246,1553488.024,9315428.007,,0,8.0,True,0,0,0,0,0,0,0.4999999999999999,-0.8660254037844387,Spring,2,Área Metropolitana do Porto,16.279089,0.0015814074,1,1
131702,Avintes,Vila Nova de Gaia,2025-06-01,2025,6,10612998.485,16.177590174218565,1488365.495,9124632.99,,0,9.0,True,0,0,0,0,0,0,1.2246467991473532e-16,-1.0,Summer,2,Área Metropolitana do Porto,20.536451,0.00043517,2,1
131702,Avintes,Vila Nova de Gaia,2025-07-01,2025,7,11333663.54,16.243288017602957,1578625.205,9755038.335,,0,10.0,True,0,0,0,0,0,0,-0.4999999999999997,-0.8660254037844388,Summer,3,Área Metropolitana do Porto,22.562885,0.000319403,0,0
131702,Avintes,Vila Nova de Gaia,2025-08-01,2025,8,11136332.167,16.22572357912245,1538487.981,9597844.186,,0,11.0,True,0,0,0,0,0,0,-0.8660254037844385,-0.5000000000000004,Summer,3,Área Metropolitana do Porto,22.887823,0.0002401038,1,1
131702,Avintes,Vila Nova de Gaia,2025-09-01,2025,9,11180607.861,16.229691484047343,1478647.307,9701960.554,,0,12.0,True,0,0,0,0,0,0,-1.0,-1.8369701987210292e-16,Autumn,3,Área Metropolitana do Porto,18.573277,0.0007085076,0,0
131703,Canelas,Vila Nova de Gaia,2024-08-01,2024,8,3035635.306,14.925931616514164,2125135.885,910499.421,,0,0.0,True,0,0,0,0,0,0,-0.8660254037844385,-0.5000000000000004,Summer,3,Área Metropolitana do Porto,21.733551,4.7774334e-05,1,1
131703,Canelas,Vila Nova de Gaia,2024-09-01,2024,9,3307508.5369999995,15.011706058413802,2149287.772,1158220.765,,0,1.0,True,0,0,0,0,0,0,-1.0,-1.8369701987210292e-16,Autumn,3,Área Metropolitana do Porto,19.07441,0.0016157079,0,0
131703,Canelas,Vila Nova de Gaia,2024-10-01,2024,10,3737507.727,15.13392983166163,2335699.041,1401808.686,,0,2.0,True,0,0,0,0,0,0,-0.8660254037844386,0.5000000000000001,Autumn,4,Área Metropolitana do Porto,17.39241,0.0028214897,1,1
131703,Canelas,Vila Nova de Gaia,2024-11-01,2024,11,3769109.482,15.14234958516536,2372790.7,1396318.782,,0,3.0,True,0,0,0,0,0,0,-0.5000000000000004,0.8660254037844384,Autumn,4,Área Metropolitana do Porto,15.648907,0.0012519751,1,1
131703,Canelas,Vila Nova de Gaia,2024-12-01,2024,12,3948657.125,15.188886363971154,2766054.2,1182602.925,,0,4.0,True,0,0,0,0,0,0,-2.4492935982947064e-16,1.0,Winter,4,Área Metropolitana do Porto,10.536939,0.0003741847,3,1
131703,Canelas,Vila Nova de Gaia,2025-01-01,2025,1,4385350.975,15.293780448526071,2986472.952,1398878.023,,0,5.0,True,0,0,0,0,0,0,0.4999999999999999,0.8660254037844387,Winter,1,Área Metropolitana do Porto,11.120857,0.0043605575,1,1
131703,Canelas,Vila Nova de Gaia,2025-02-01,2025,2,3895959.737,15.175450865921707,2580083.348,1315876.389,,0,6.0,True,0,0,0,0,0,0,0.8660254037844386,0.5000000000000001,Winter,1,Área Metropolitana do Porto,11.340338,0.0016931776,0,0
131703,Canelas,Vila Nova de Gaia,2025-03-01,2025,3,4113108.103,15.229689773240514,2672777.764,1440330.339,,0,7.0,True,0,0,0,0,0,0,1.0,6.123233995736766e-17,Spring,1,Área Metropolitana do Porto,11.632641,0.002681712,0,0
131703,Canelas,Vila Nova de Gaia,2025-04-01,2025,4,3526947.151,15.075943508514728,2313144.658,1213802.493,,0,8.0,True,0,0,0,0,0,0,0.8660254037844387,-0.4999999999999998,Spring,2,Área Metropolitana do Porto,14.646182,0.0031815295,3,1
131703,Canelas,Vila Nova de Gaia,2025-05-01,2025,5,3439372.067,15.050799764775286,2272752.002,1166620.065,,0,9.0,True,0,0,0,0,0,0,0.4999999999999999,-0.8660254037844387,Spring,2,Área Metropolitana do Porto,16.633017,0.0014245462,1,1
131703,Canelas,Vila Nova de Gaia,2025-06-01,2025,6,3339025.539,15.021189867082285,2179019.077,1160006.462,,0,10.0,True,0,0,0,0,0,0,1.2246467991473532e-16,-1.0,Summer,2,Área Metropolitana do Porto,20.523325,0.0003947782,2,1
131703,Canelas,Vila Nova de Gaia,2025-07-01,2025,7,3589607.4280000003,15.09355368153507,2309395.103,1280212.325,,0,11.0,True,0,0,0,0,0,0,-0.4999999999999997,-0.8660254037844388,Summer,3,Área Metropolitana do Porto,22.568066,0.00029465577,0,0
131703,Canelas,Vila Nova de Gaia,2025-08-01,2025,8,3233365.477,14.98903440537152,2211583.835,1021781.642,,0,12.0,True,0,0,0,0,0,0,-0.8660254037844385,-0.5000000000000004,Summer,3,Área Metropolitana do Porto,22.63484,0.00021681988,1,1
131704,Canidelo,Vila Nova de Gaia,2024-07-01,2024,7,5720809.438,15.559621038284648,4344953.346,1375856.092,2024-07-01,1,0.0,False,1,0,1,1,0,1,-0.4999999999999997,-0.8660254037844388,Summer,3,Área Metropolitana do Porto,21.314352,0.00033405167,0,0
131704,Canidelo,Vila Nova de Gaia,2024-08-01,2024,8,5676382.957,15.5518249606754,4305193.442,1371189.515,2024-07-01,1,1.0,False,0,0,0,1,0,1,-0.8660254037844385,-0.5000000000000004,Summer,3,Área Metropolitana do Porto,21.733551,4.7774334e-05,1,1
131704,Canidelo,Vila Nova de Gaia,2024-09-01,2024,9,5529512.116,15.52561032549944,4260039.889,1269472.227,2024-07-01,1,2.0,False,0,0,0,1,0,1,-1.0,-1.8369701987210292e-16,Autumn,3,Área Metropolitana do Porto,19.07441,0.0016157079,0,0
131704,Canidelo,Vila Nova de Gaia,2024-10-01,2024,10,5925201.338,15.594725394275793,4581131.872,1344069.466,2024-07-01,1,3.0,False,0,0,0,1,0,1,-0.8660254037844386,0.5000000000000001,Autumn,4,Área Metropolitana do Porto,17.39241,0.0028214897,1,1
131704,Canidelo,Vila Nova de Gaia,2024-11-01,2024,11,5909790.016,15.592121027674152,4645853.556,1263936.46,2024-07-01,1,4.0,False,0,0,0,1,0,1,-0.5000000000000004,0.8660254037844384,Autumn,4,Área Metropolitana do Porto,15.648907,0.0012519751,1,1
131704,Canidelo,Vila Nova de Gaia,2024-12-01,2024,12,6856805.693,15.74075239467764,5527807.619,1328998.074,2024-07-01,1,5.0,False,0,0,0,1,0,1,-2.4492935982947064e-16,1.0,Winter,4,Área Metropolitana do Porto,10.536939,0.0003741847,3,1
131704,Canidelo,Vila Nova de Gaia,2025-01-01,2025,1,7312714.869999999,15.805125290770285,5938581.162,1374133.708,2024-07-01,1,6.0,False,0,0,0,1,0,1,0.4999999999999999,0.8660254037844387,Winter,1,Área Metropolitana do Porto,11.120857,0.0043605575,1,1
131704,Canidelo,Vila Nova de Gaia,2025-02-01,2025,2,6362281.511,15.665897756309713,5120282.168,1241999.343,2024-07-01,1,7.0,False,0,0,0,1,0,1,0.8660254037844386,0.5000000000000001,Winter,1,Área Metropolitana do Porto,11.340338,0.0016931776,0,0
131704,Canidelo,Vila Nova de Gaia,2025-03-01,2025,3,6791526.971,15.731186506766717,5343903.796,1447623.175,2024-07-01,1,8.0,False,0,0,0,1,0,1,1.0,6.123233995736766e-17,Spring,1,Área Metropolitana do Porto,11.632641,0.002681712,0,0
131704,Canidelo,Vila Nova de Gaia,2025-04-01,2025,4,5940109.923,15.597238365070195,4674744.082,1265365.841,2024-07-01,1,9.0,False,0,0,0,1,0,1,0.8660254037844387,-0.4999999999999998,Spring,2,Área Metropolitana do Porto,14.646182,0.0031815295,3,1
131704,Canidelo,Vila Nova de Gaia,2025-05-01,2025,5,5922676.67,15.594299213720872,4608600.736,1314075.934,2024-07-01,1,10.0,False,0,0,0,1,0,1,0.4999999999999999,-0.8660254037844387,Spring,2,Área Metropolitana do Porto,16.633017,0.0014245462,1,1
131704,Canidelo,Vila Nova de Gaia,2025-06-01,2025,6,5745707.557,15.563963796211697,4452596.293,1293111.264,2024-07-01,1,11.0,False,0,0,0,1,0,1,1.2246467991473532e-16,-1.0,Summer,2,Área Metropolitana do Porto,20.523325,0.0003947782,2,1
131704,Canidelo,Vila Nova de Gaia,2025-07-01,2025,7,6074597.437999999,15.619626444265394,4645152.867,1429444.571,2024-07-01,1,12.0,False,0,0,0,1,0,1,-0.4999999999999997,-0.8660254037844388,Summer,3,Área Metropolitana do Porto,22.568066,0.00029465577,0,0
131704,Canidelo,Vila Nova de Gaia,2025-08-01,2025,8,5928889.877,15.595347717561454,4604039.338,1324850.539,2024-07-01,1,13.0,False,0,0,0,1,0,1,-0.8660254037844385,-0.5000000000000004,Summer,3,Área Metropolitana do Porto,22.63484,0.00021681988,1,1
131704,Canidelo,Vila Nova de Gaia,2025-09-01,2025,9,5760761.4,15.566580385024226,4510151.478,1250609.922,2024-07-01,1,14.0,False,1,0,1,2,0,2,-1.0,-1.8369701987210292e-16,Autumn,3,Área Metropolitana do Porto,18.897697,0.0006597855,0,0
131704,Canidelo,Vila Nova de Gaia,2025-10-01,2025,10,6154192.756999999,15.632644319093872,4847432.038,1306760.719,2024-07-01,1,15.0,False,0,0,0,2,0,2,-0.8660254037844386,0.5000000000000001,Autumn,4,Área Metropolitana do Porto,18.260063,0.0023993833,1,1
131709,Madalena,Vila Nova de Gaia,2024-10-01,2024,10,1983272.872,14.500259507900076,1652892.774,330380.098,,0,0.0,True,0,0,0,0,0,0,-0.8660254037844386,0.5000000000000001,Autumn,4,Área Metropolitana do Porto,17.39241,0.0028214897,1,1
131709,Madalena,Vila Nova de Gaia,2024-11-01,2024,11,2020511.666,14.518861832226378,1706164.565,314347.101,,0,1.0,True,0,0,0,0,0,0,-0.5000000000000004,0.8660254037844384,Autumn,4,Área Metropolitana do Porto,15.648907,0.0012519751,1,1
131709,Madalena,Vila Nova de Gaia,2024-12-01,2024,12,2389054.923,14.68640883457311,2059765.155,329289.768,,0,2.0,True,0,0,0,0,0,0,-2.4492935982947064e-16,1.0,Winter,4,Área Metropolitana do Porto,10.536939,0.0003741847,3,1
131709,Madalena,Vila Nova de Gaia,2025-01-01,2025,1,2631752.435,14.78316088732788,2256122.821,375629.614,,0,3.0,True,0,0,0,0,0,0,0.4999999999999999,0.8660254037844387,Winter,1,Área Metropolitana do Porto,11.120857,0.0043605575,1,1
131709,Madalena,Vila Nova de Gaia,2025-02-01,2025,2,2260780.663,14.631221180033789,1929870.03,330910.633,,0,4.0,True,0,0,0,0,0,0,0.8660254037844386,0.5000000000000001,Winter,1,Área Metropolitana do Porto,11.340338,0.0016931776,0,0
131709,Madalena,Vila Nova de Gaia,2025-03-01,2025,3,2351598.821,14.670606429391846,1997134.552,354464.269,,0,5.0,True,0,0,0,0,0,0,1.0,6.123233995736766e-17,Spring,1,Área Metropolitana do Porto,11.632641,0.002681712,0,0
131709,Madalena,Vila Nova de Gaia,2025-04-01,2025,4,2026558.794,14.52185023066011,1697167.027,329391.767,,0,6.0,True,0,0,0,0,0,0,0.8660254037844387,-0.4999999999999998,Spring,2,Área Metropolitana do Porto,14.646182,0.0031815295,3,1
131709,Madalena,Vila Nova de Gaia,2025-05-01,2025,5,2011278.113,14.514281452261654,1647416.268,363861.845,,0,7.0,True,0,0,0,0,0,0,0.4999999999999999,-0.8660254037844387,Spring,2,Área Metropolitana do Porto,16.633017,0.0014245462,1,1
131709,Madalena,Vila Nova de Gaia,2025-06-01,2025,6,1973869.937,14.495507115379135,1567333.199,406536.738,,0,8.0,True,0,0,0,0,0,0,1.2246467991473532e-16,-1.0,Summer,2,Área Metropolitana do Porto,20.523325,0.0003947782,2,1
131709,Madalena,Vila Nova de Gaia,2025-07-01,2025,7,2070183.0,14.543148050180058,1639234.609,430948.391,,0,9.0,True,0,0,0,0,0,0,-0.4999999999999997,-0.8660254037844388,Summer,3,Área Metropolitana do Porto,22.568066,0.00029465577,0,0
131709,Madalena,Vila Nova de Gaia,2025-08-01,2025,8,1967927.811,14.492492182667707,1591145.228,376782.583,,0,10.0,True,0,0,0,0,0,0,-0.8660254037844385,-0.5000000000000004,Summer,3,Área Metropolitana do Porto,22.63484,0.00021681988,1,1
131709,Madalena,Vila Nova de Gaia,2025-09-01,2025,9,1922387.56,14.469079012491974,1576924.802,345462.758,,0,11.0,True,0,0,0,0,0,0,-1.0,-1.8369701987210292e-16,Autumn,3,Área Metropolitana do Porto,18.897697,0.0006597855,0,0
131709,Madalena,Vila Nova de Gaia,2025-10-01,2025,10,2114484.926,14.564322279925497,1733305.363,381179.563,,0,12.0,True,0,0,0,0,0,0,-0.8660254037844386,0.5000000000000001,Autumn,4,Área Metropolitana do Porto,18.260063,0.0023993833,1,1
131712,Oliveira do Douro,Vila Nova de Gaia,2024-10-01,2024,10,4740295.936,15.371610336434898,3292930.3,1447365.636,,0,0.0,True,0,0,0,0,0,0,-0.8660254037844386,0.5000000000000001,Autumn,4,Área Metropolitana do Porto,17.39241,0.0028214897,1,1
131712,Oliveira do Douro,Vila Nova de Gaia,2024-11-01,2024,11,4834514.669,15.391291509980226,3419345.057,1415169.612,,0,1.0,True,0,0,0,0,0,0,-0.5000000000000004,0.8660254037844384,Autumn,4,Área Metropolitana do Porto,15.648907,0.0012519751,1,1
131712,Oliveira do Douro,Vila Nova de Gaia,2024-12-01,2024,12,5530597.67,15.52580662622849,4194236.599,1336361.071,,0,2.0,True,0,0,0,0,0,0,-2.4492935982947064e-16,1.0,Winter,4,Área Metropolitana do Porto,10.536939,0.0003741847,3,1
131712,Oliveira do Douro,Vila Nova de Gaia,2025-01-01,2025,1,5875396.45,15.586284266770097,4469884.371,1405512.079,,0,3.0,True,0,0,0,0,0,0,0.4999999999999999,0.8660254037844387,Winter,1,Área Metropolitana do Porto,11.120857,0.0043605575,1,1
131712,Oliveira do Douro,Vila Nova de Gaia,2025-02-01,2025,2,5164482.767,15.457315707234804,3841462.531,1323020.236,,0,4.0,True,0,0,0,0,0,0,0.8660254037844386,0.5000000000000001,Winter,1,Área Metropolitana do Porto,11.340338,0.0016931776,0,0
131712,Oliveira do Douro,Vila Nova de Gaia,2025-03-01,2025,3,5355372.467,15.49361100116884,3957479.202,1397893.265,,0,5.0,True,0,0,0,0,0,0,1.0,6.123233995736766e-17,Spring,1,Área Metropolitana do Porto,11.632641,0.002681712,0,0
131712,Oliveira do Douro,Vila Nova de Gaia,2025-04-01,2025,4,4634842.766,15.34911304897062,3384060.412,1250782.354,,0,6.0,True,0,0,0,0,0,0,0.8660254037844387,-0.4999999999999998,Spring,2,Área Metropolitana do Porto,14.646182,0.0031815295,3,1
131712,Oliveira do Douro,Vila Nova de Gaia,2025-05-01,2025,5,4554045.441000001,15.33152672340187,3275752.794,1278292.647,,0,7.0,True,0,0,0,0,0,0,0.4999999999999999,-0.8660254037844387,Spring,2,Área Metropolitana do Porto,16.633017,0.0014245462,1,1
131712,Oliveira do Douro,Vila Nova de Gaia,2025-06-01,2025,6,4438473.927,15.305821390494044,3105513.909,1332960.018,,0,8.0,True,0,0,0,0,0,0,1.2246467991473532e-16,-1.0,Summer,2,Área Metropolitana do Porto,20.523325,0.0003947782,2,1
131712,Oliveira do Douro,Vila Nova de Gaia,2025-07-01,2025,7,4602930.035,15.342203840067109,3225276.459,1377653.576,,0,9.0,True,0,0,0,0,0,0,-0.4999999999999997,-0.8660254037844388,Summer,3,Área Metropolitana do Porto,22.568066,0.00029465577,0,0
131712,Oliveira do Douro,Vila Nova de Gaia,2025-08-01,2025,8,4476830.493,15.31442609814085,3160427.635,1316402.858,,0,10.0,True,0,0,0,0,0,0,-0.8660254037844385,-0.5000000000000004,Summer,3,Área Metropolitana do Porto,22.63484,0.00021681988,1,1
131712,Oliveira do Douro,Vila Nova de Gaia,2025-09-01,2025,9,4419872.187,15.301621562918312,3075554.618,1344317.569,,0,11.0,True,0,0,0,0,0,0,-1.0,-1.8369701987210292e-16,Autumn,3,Área Metropolitana do Porto,18.897697,0.0006597855,0,0
131712,Oliveira do Douro,Vila Nova de Gaia,2025-10-01,2025,10,4803198.914,15.38479290251655,3347268.447,1455930.467,,0,12.0,True,0,0,0,0,0,0,-0.8660254037844386,0.5000000000000001,Autumn,4,Área Metropolitana do Porto,18.260063,0.0023993833,1,1
131717,São Félix da Marinha,Vila Nova de Gaia,2024-07-01,2024,7,2487050.079,14.72660826097431,1885160.3,601889.779,2024-07-01,1,0.0,False,1,0,1,1,0,1,-0.4999999999999997,-0.8660254037844388,Summer,3,Área Metropolitana do Porto,21.331066,0.00035757857,0,0
131717,São Félix da Marinha,Vila Nova de Gaia,2024-08-01,2024,8,2435889.43,14.70582292732577,1859384.627,576504.803,2024-07-01,1,1.0,False,0,0,0,1,0,1,-0.8660254037844385,-0.5000000000000004,Summer,3,Área Metropolitana do Porto,21.701187,3.4239652e-05,1,1
131717,São Félix da Marinha,Vila Nova de Gaia,2024-09-01,2024,9,2393747.312,14.688371026741132,1881637.658,512109.654,2024-07-01,1,2.0,False,0,0,0,1,0,1,-1.0,-1.8369701987210292e-16,Autumn,3,Área Metropolitana do Porto,19.05613,0.00159024,0,0
131717,São Félix da Marinha,Vila Nova de Gaia,2024-10-01,2024,10,2588219.8940000003,14.766481284129023,2053065.803,535154.091,2024-07-01,1,3.0,False,0,0,0,1,0,1,-0.8660254037844386,0.5000000000000001,Autumn,4,Área Metropolitana do Porto,17.325146,0.0030339018,1,1
131717,São Félix da Marinha,Vila Nova de Gaia,2024-11-01,2024,11,2570108.575,14.759459092149276,2104077.834,466030.741,2024-07-01,1,4.0,False,0,0,0,1,0,1,-0.5000000000000004,0.8660254037844384,Autumn,4,Área Metropolitana do Porto,15.599403,0.0012957455,1,1
131717,São Félix da Marinha,Vila Nova de Gaia,2024-12-01,2024,12,2989520.183,14.910623793078292,2482546.215,506973.968,2024-07-01,1,5.0,False,0,0,0,1,0,1,-2.4492935982947064e-16,1.0,Winter,4,Área Metropolitana do Porto,10.424038,0.00032663447,3,1
131717,São Félix da Marinha,Vila Nova de Gaia,2025-01-01,2025,1,3198088.929,14.978064292368408,2683529.639,514559.29,2024-07-01,1,6.0,False,0,0,0,1,0,1,0.4999999999999999,0.8660254037844387,Winter,1,Área Metropolitana do Porto,11.047922,0.004401409,1,1
131717,São Félix da Marinha,Vila Nova de Gaia,2025-02-01,2025,2,2745037.62,14.825305702043556,2296922.518,448115.102,2024-07-01,1,7.0,False,0,0,0,1,0,1,0.8660254037844386,0.5000000000000001,Winter,1,Área Metropolitana do Porto,11.323458,0.0016888455,0,0
131717,São Félix da Marinha,Vila Nova de Gaia,2025-03-01,2025,3,2831001.542,14.856141462009564,2363788.029,467213.513,2024-07-01,1,8.0,False,0,0,0,1,0,1,1.0,6.123233995736766e-17,Spring,1,Área Metropolitana do Porto,11.63364,0.002790625,0,0
131717,São Félix da Marinha,Vila Nova de Gaia,2025-04-01,2025,4,2447517.901,14.71058537593104,2009735.94,437781.961,2024-07-01,1,9.0,False,0,0,0,1,0,1,0.8660254037844387,-0.4999999999999998,Spring,2,Área Metropolitana do Porto,14.624483,0.0033174353,3,1
131717,São Félix da Marinha,Vila Nova de Gaia,2025-05-01,2025,5,2405025.822,14.693071614058562,1952612.526,452413.296,2024-07-01,1,10.0,False,0,0,0,1,0,1,0.4999999999999999,-0.8660254037844387,Spring,2,Área Metropolitana do Porto,16.54891,0.001413197,1,1
131717,São Félix da Marinha,Vila Nova de Gaia,2025-06-01,2025,6,2326540.984,14.659893596095849,1856894.512,469646.472,2024-07-01,1,11.0,False,0,0,0,1,0,1,1.2246467991473532e-16,-1.0,Summer,2,Área Metropolitana do Porto,20.53555,0.0003460721,2,1
131717,São Félix da Marinha,Vila Nova de Gaia,2025-07-01,2025,7,2443113.688,14.70878429469671,1936941.701,506171.987,2024-07-01,1,12.0,False,0,0,0,1,0,1,-0.4999999999999997,-0.8660254037844388,Summer,3,Área Metropolitana do Porto,22.58836,0.0002901771,0,0
131717,São Félix da Marinha,Vila Nova de Gaia,2025-08-01,2025,8,2427485.713,14.702367005600196,1910744.016,516741.697,2024-07-01,1,13.0,False,0,0,0,1,0,1,-0.8660254037844385,-0.5000000000000004,Summer,3,Área Metropolitana do Porto,22.663101,0.00020656816,1,1
131717,São Félix da Marinha,Vila Nova de Gaia,2025-09-01,2025,9,2397714.571,14.690026996608992,1898587.323,499127.248,2024-07-01,1,14.0,False,2,0,2,3,0,3,-1.0,-1.8369701987210292e-16,Autumn,3,Área Metropolitana do Porto,18.83395,0.0007009094,0,0
131717,São Félix da Marinha,Vila Nova de Gaia,2025-10-01,2025,10,2610408.59,14.775017698020973,2069712.186,540696.404,2024-07-01,1,15.0,False,1,0,1,4,0,4,-0.8660254037844386,0.5000000000000001,Autumn,4,Área Metropolitana do Porto,18.295858,0.0024625633,1,1
131723,Vilar de Andorinho,Vila Nova de Gaia,2024-10-01,2024,10,2947042.08,14.89631287986884,2295698.331,651343.749,,0,0.0,True,0,0,0,0,0,0,-0.8660254037844386,0.5000000000000001,Autumn,4,Área Metropolitana do Porto,17.39241,0.0028214897,1,1
131723,Vilar de Andorinho,Vila Nova de Gaia,2024-11-01,2024,11,2986233.362,14.909523740940385,2366472.429,619760.933,,0,1.0,True,0,0,0,0,0,0,-0.5000000000000004,0.8660254037844384,Autumn,4,Área Metropolitana do Porto,15.648907,0.0012519751,1,1
131723,Vilar de Andorinho,Vila Nova de Gaia,2024-12-01,2024,12,3451065.406,15.0541938444334,2853624.988,597440.418,,0,2.0,True,0,0,0,0,0,0,-2.4492935982947064e-16,1.0,Winter,4,Área Metropolitana do Porto,10.536939,0.0003741847,3,1
131723,Vilar de Andorinho,Vila Nova de Gaia,2025-01-01,2025,1,3671954.527,15.116234919265732,3032840.048,639114.479,,0,3.0,True,0,0,0,0,0,0,0.4999999999999999,0.8660254037844387,Winter,1,Área Metropolitana do Porto,11.120857,0.0043605575,1,1
131723,Vilar de Andorinho,Vila Nova de Gaia,2025-02-01,2025,2,3193941.317,14.97676654779439,2614445.581,579495.736,,0,4.0,True,0,0,0,0,0,0,0.8660254037844386,0.5000000000000001,Winter,1,Área Metropolitana do Porto,11.340338,0.0016931776,0,0
131723,Vilar de Andorinho,Vila Nova de Gaia,2025-03-01,2025,3,3331500.941,15.018933793605,2708414.771,623086.17,,0,5.0,True,0,0,0,0,0,0,1.0,6.123233995736766e-17,Spring,1,Área Metropolitana do Porto,11.632641,0.002681712,0,0
131723,Vilar de Andorinho,Vila Nova de Gaia,2025-04-01,2025,4,2920481.139,14.887259276710193,2337717.874,582763.265,,0,6.0,True,0,0,0,0,0,0,0.8660254037844387,-0.4999999999999998,Spring,2,Área Metropolitana do Porto,14.646182,0.0031815295,3,1
131723,Vilar de Andorinho,Vila Nova de Gaia,2025-05-01,2025,5,2882841.23,14.874287250877536,2273985.267,608855.963,,0,7.0,True,0,0,0,0,0,0,0.4999999999999999,-0.8660254037844387,Spring,2,Área Metropolitana do Porto,16.633017,0.0014245462,1,1
131723,Vilar de Andorinho,Vila Nova de Gaia,2025-06-01,2025,6,2780435.877,14.838118623320051,2155297.693,625138.184,,0,8.0,True,0,0,0,0,0,0,1.2246467991473532e-16,-1.0,Summer,2,Área Metropolitana do Porto,20.523325,0.0003947782,2,1
131723,Vilar de Andorinho,Vila Nova de Gaia,2025-07-01,2025,7,2916848.732,14.886014732953171,2235716.46,681132.272,,0,9.0,True,0,0,0,0,0,0,-0.4999999999999997,-0.8660254037844388,Summer,3,Área Metropolitana do Porto,22.568066,0.00029465577,0,0
131723,Vilar de Andorinho,Vila Nova de Gaia,2025-08-01,2025,8,2835841.5530000003,14.857849647815158,2186242.782,649598.771,,0,10.0,True,0,0,0,0,0,0,-0.8660254037844385,-0.5000000000000004,Summer,3,Área Metropolitana do Porto,22.63484,0.00021681988,1,1
131723,Vilar de Andorinho,Vila Nova de Gaia,2025-09-01,2025,9,2754841.677,14.82887089440142,2137149.548,617692.129,,0,11.0,True,0,0,0,0,0,0,-1.0,-1.8369701987210292e-16,Autumn,3,Área Metropolitana do Porto,18.897697,0.0006597855,0,0
131723,Vilar de Andorinho,Vila Nova de Gaia,2025-10-01,2025,10,2987304.359,14.90988232130027,2339850.975,647453.384,,0,12.0,True,0,0,0,0,0,0,-0.8660254037844386,0.5000000000000001,Autumn,4,Área Metropolitana do Porto,18.260063,0.0023993833,1,1
131806,Covelas,Trofa,2024-10-01,2024,10,1057676.091,13.87158563782092,276657.594,781018.497,,0,0.0,True,0,0,0,0,0,0,-0.8660254037844386,0.5000000000000001,Autumn,4,Área Metropolitana do Porto,16.472824,0.0035632167,1,1
131806,Covelas,Trofa,2024-11-01,2024,11,1030845.423,13.845890792640713,283681.053,747164.37,,0,1.0,True,0,0,0,0,0,0,-0.5000000000000004,0.8660254037844384,Autumn,4,Área Metropolitana do Porto,14.596025,0.0012326972,1,1
131806,Covelas,Trofa,2024-12-01,2024,12,1047890.83,13.862290922887167,316814.365,731076.465,,0,2.0,True,0,0,0,0,0,0,-2.4492935982947064e-16,1.0,Winter,4,Área Metropolitana do Porto,9.342561,0.0005388929,3,1
131806,Covelas,Trofa,2025-01-01,2025,1,1117448.744,13.926559632646518,344761.854,772686.89,,0,3.0,True,0,0,0,0,0,0,0.4999999999999999,0.8660254037844387,Winter,1,Área Metropolitana do Porto,10.018929,0.0052771126,1,1
131806,Covelas,Trofa,2025-02-01,2025,2,996010.447,13.81151402947258,300394.961,695615.486,,0,4.0,True,0,0,0,0,0,0,0.8660254037844386,0.5000000000000001,Winter,1,Área Metropolitana do Porto,10.285994,0.0017876341,0,0
131806,Covelas,Trofa,2025-03-01,2025,3,1079086.406,13.891626247446911,306230.717,772855.689,,0,5.0,True,0,0,0,0,0,0,1.0,6.123233995736766e-17,Spring,1,Área Metropolitana do Porto,10.605065,0.0025614437,0,0
131806,Covelas,Trofa,2025-04-01,2025,4,998361.198,13.813871413300369,264647.23,733713.968,,0,6.0,True,0,0,0,0,0,0,0.8660254037844387,-0.4999999999999998,Spring,2,Área Metropolitana do Porto,13.736104,0.0030752067,3,1
131806,Covelas,Trofa,2025-05-01,2025,5,967416.965,13.782385909593463,267921.9,699495.065,,0,7.0,True,0,0,0,0,0,0,0.4999999999999999,-0.8660254037844387,Spring,2,Área Metropolitana do Porto,15.9828415,0.001354283,1,1
131806,Covelas,Trofa,2025-06-01,2025,6,1015718.08,13.831107372825487,275726.609,739991.471,,0,8.0,True,0,0,0,0,0,0,1.2246467991473532e-16,-1.0,Summer,2,Área Metropolitana do Porto,20.388744,0.00054451596,2,1
131806,Covelas,Trofa,2025-07-01,2025,7,1084121.977,13.89628190196403,319564.062,764557.915,,0,9.0,True,0,0,0,0,0,0,-0.4999999999999997,-0.8660254037844388,Summer,3,Área Metropolitana do Porto,22.469496,0.00027967864,0,0
131806,Covelas,Trofa,2025-08-01,2025,8,1002293.201,13.817802131303312,285606.91,716686.291,,0,10.0,True,0,0,0,0,0,0,-0.8660254037844385,-0.5000000000000004,Summer,3,Área Metropolitana do Porto,22.773788,0.00024168655,1,1
131806,Covelas,Trofa,2025-09-01,2025,9,973830.279,13.78899334277352,263274.286,710555.993,,0,11.0,True,0,0,0,0,0,0,-1.0,-1.8369701987210292e-16,Autumn,3,Área Metropolitana do Porto,18.196184,0.00074626843,0,0
131806,Covelas,Trofa,2025-10-01,2025,10,1039893.368,13.854629696728283,285807.102,754086.266,,0,12.0,True,0,0,0,0,0,0,-0.8660254037844386,0.5000000000000001,Autumn,4,Área Metropolitana do Porto,17.411047,0.0027635104,1,1
131808,Muro,Trofa,2024-10-01,2024,10,747313.894,13.52424192013594,370776.959,376536.935,,0,0.0,True,0,0,0,0,0,0,-0.8660254037844386,0.5000000000000001,Autumn,4,Área Metropolitana do Porto,17.120594,0.0031382972,1,1
131808,Muro,Trofa,2024-11-01,2024,11,743277.524,13.51882611752052,386561.157,356716.367,,0,1.0,True,0,0,0,0,0,0,-0.5000000000000004,0.8660254037844384,Autumn,4,Área Metropolitana do Porto,15.336624,0.001189044,1,1
131808,Muro,Trofa,2024-12-01,2024,12,737276.03,13.510718989281129,456966.331,280309.699,,0,2.0,True,0,0,0,0,0,0,-2.4492935982947064e-16,1.0,Winter,4,Área Metropolitana do Porto,10.137236,0.00050313806,3,1
131808,Muro,Trofa,2025-01-01,2025,1,865221.164,13.67074158993126,498795.785,366425.379,,0,3.0,True,0,0,0,0,0,0,0.4999999999999999,0.8660254037844387,Winter,1,Área Metropolitana do Porto,10.786856,0.0049654506,1,1
131808,Muro,Trofa,2025-02-01,2025,2,765921.26,13.548835955321795,426972.925,338948.335,,0,4.0,True,0,0,0,0,0,0,0.8660254037844386,0.5000000000000001,Winter,1,Área Metropolitana do Porto,10.992876,0.0018172193,0,0
131808,Muro,Trofa,2025-03-01,2025,3,786333.645,13.575137737800006,431438.663,354894.982,,0,5.0,True,0,0,0,0,0,0,1.0,6.123233995736766e-17,Spring,1,Área Metropolitana do Porto,11.333668,0.0025560507,0,0
131808,Muro,Trofa,2025-04-01,2025,4,682304.4920000001,13.43323277201632,364786.596,317517.896,,0,6.0,True,0,0,0,0,0,0,0.8660254037844387,-0.4999999999999998,Spring,2,Área Metropolitana do Porto,14.383118,0.003054146,3,1
131808,Muro,Trofa,2025-05-01,2025,5,673380.9650000001,13.420068003348684,360574.011,312806.954,,0,7.0,True,0,0,0,0,0,0,0.4999999999999999,-0.8660254037844387,Spring,2,Área Metropolitana do Porto,16.458231,0.001352692,1,1
131808,Muro,Trofa,2025-06-01,2025,6,664315.441,13.4065138827073,351840.768,312474.673,,0,8.0,True,0,0,0,0,0,0,1.2246467991473532e-16,-1.0,Summer,2,Área Metropolitana do Porto,20.408844,0.00050888455,2,1
131808,Muro,Trofa,2025-07-01,2025,7,712936.286,13.477148737603644,382086.142,330850.144,,0,9.0,True,0,0,0,0,0,0,-0.4999999999999997,-0.8660254037844388,Summer,3,Área Metropolitana do Porto,22.449768,0.00024826385,0,0
131808,Muro,Trofa,2025-08-01,2025,8,635870.356,13.362751551422583,358758.226,277112.13,,0,10.0,True,0,0,0,0,0,0,-0.8660254037844385,-0.5000000000000004,Summer,3,Área Metropolitana do Porto,22.553263,0.00022383373,1,1
131808,Muro,Trofa,2025-09-01,2025,9,662777.5970000001,13.40419627222076,344030.081,318747.516,,0,11.0,True,0,0,0,0,0,0,-1.0,-1.8369701987210292e-16,Autumn,3,Área Metropolitana do Porto,18.601042,0.0007126568,0,0
131808,Muro,Trofa,2025-10-01,2025,10,752361.167,13.530973092050676,382374.27,369986.897,,0,12.0,True,0,0,0,0,0,0,-0.8660254037844386,0.5000000000000001,Autumn,4,Área Metropolitana do Porto,17.813175,0.002531177,1,1
131810,Bougado (São Martinho e Santiago),Trofa,2024-07-01,2024,7,10275475.624,16.14527070403473,3889949.323,6385526.301,2024-07-01,1,0.0,False,1,0,1,1,0,1,-0.4999999999999997,-0.8660254037844388,Summer,3,Área Metropolitana do Porto,21.213348,0.0004256006,0,0
131810,Bougado (São Martinho e Santiago),Trofa,2024-08-01,2024,8,9175999.313,16.032101971902065,3765347.23,5410652.083,2024-07-01,1,1.0,False,0,0,0,1,0,1,-0.8660254037844385,-0.5000000000000004,Summer,3,Área Metropolitana do Porto,21.76582,4.8451395e-05,1,1
131810,Bougado (São Martinho e Santiago),Trofa,2024-09-01,2024,9,9596730.506,16.076933130340635,3645148.996,5951581.51,2024-07-01,1,2.0,False,0,0,0,1,0,1,-1.0,-1.8369701987210292e-16,Autumn,3,Área Metropolitana do Porto,18.824226,0.0017417861,0,0
131810,Bougado (São Martinho e Santiago),Trofa,2024-10-01,2024,10,10710255.656,16.186712406282453,3959106.633,6751149.023,2024-07-01,1,3.0,False,0,0,0,1,0,1,-0.8660254037844386,0.5000000000000001,Autumn,4,Área Metropolitana do Porto,17.120594,0.0031382972,1,1
131810,Bougado (São Martinho e Santiago),Trofa,2024-11-01,2024,11,10554392.429,16.172052769967564,4090842.638,6463549.791,2024-07-01,1,4.0,False,0,0,0,1,0,1,-0.5000000000000004,0.8660254037844384,Autumn,4,Área Metropolitana do Porto,15.336624,0.001189044,1,1
131810,Bougado (São Martinho e Santiago),Trofa,2024-12-01,2024,12,10657846.116,16.18180699720605,4893525.265,5764320.851,2024-07-01,1,5.0,False,0,0,0,1,0,1,-2.4492935982947064e-16,1.0,Winter,4,Área Metropolitana do Porto,10.137236,0.00050313806,3,1
131810,Bougado (São Martinho e Santiago),Trofa,2025-01-01,2025,1,12072732.672,16.30646005226834,5224448.224,6848284.448,2024-07-01,1,6.0,False,0,0,0,1,0,1,0.4999999999999999,0.8660254037844387,Winter,1,Área Metropolitana do Porto,10.786856,0.0049654506,1,1
131810,Bougado (São Martinho e Santiago),Trofa,2025-02-01,2025,2,10711101.476,16.186791376061656,4485204.575,6225896.901,2024-07-01,1,7.0,False,0,0,0,1,0,1,0.8660254037844386,0.5000000000000001,Winter,1,Área Metropolitana do Porto,10.992876,0.0018172193,0,0
131810,Bougado (São Martinho e Santiago),Trofa,2025-03-01,2025,3,11021851.06,16.215390411088823,4535862.848,6485988.212,2024-07-01,1,8.0,False,0,0,0,1,0,1,1.0,6.123233995736766e-17,Spring,1,Área Metropolitana do Porto,11.333668,0.0025560507,0,0
131810,Bougado (São Martinho e Santiago),Trofa,2025-04-01,2025,4,9720979.87,16.089797083896734,3869018.461,5851961.409,2024-07-01,1,9.0,False,0,0,0,1,0,1,0.8660254037844387,-0.4999999999999998,Spring,2,Área Metropolitana do Porto,14.383118,0.003054146,3,1
131810,Bougado (São Martinho e Santiago),Trofa,2025-05-01,2025,5,9981301.0,16.116224100700205,3853601.801,6127699.199,2024-07-01,1,10.0,False,0,0,0,1,0,1,0.4999999999999999,-0.8660254037844387,Spring,2,Área Metropolitana do Porto,16.458231,0.001352692,1,1
131810,Bougado (São Martinho e Santiago),Trofa,2025-06-01,2025,6,10054658.247,16.12354669170366,3916414.53,6138243.717,2024-07-01,1,11.0,False,0,0,0,1,0,1,1.2246467991473532e-16,-1.0,Summer,2,Área Metropolitana do Porto,20.408844,0.00050888455,2,1
131810,Bougado (São Martinho e Santiago),Trofa,2025-07-01,2025,7,11021569.452,16.21536486079146,4258023.305,6763546.147,2024-07-01,1,12.0,False,0,0,0,1,0,1,-0.4999999999999997,-0.8660254037844388,Summer,3,Área Metropolitana do Porto,22.449768,0.00024826385,0,0
131810,Bougado (São Martinho e Santiago),Trofa,2025-08-01,2025,8,9871640.278,16.105176687149424,4030519.077,5841121.201,2024-07-01,1,13.0,False,0,0,0,1,0,1,-0.8660254037844385,-0.5000000000000004,Summer,3,Área Metropolitana do Porto,22.553263,0.00022383373,1,1
131810,Bougado (São Martinho e Santiago),Trofa,2025-09-01,2025,9,9974986.612,16.115591278834668,3762293.597,6212693.015,2024-07-01,1,14.0,False,0,0,0,1,0,1,-1.0,-1.8369701987210292e-16,Autumn,3,Área Metropolitana do Porto,18.601042,0.0007126568,0,0
131810,Bougado (São Martinho e Santiago),Trofa,2025-10-01,2025,10,11059577.619,16.218807453784738,4105300.716,6954276.903,2024-07-01,1,15.0,False,1,0,1,2,0,2,-0.8660254037844386,0.5000000000000001,Autumn,4,Área Metropolitana do Porto,17.813175,0.002531177,1,1
131811,Coronado (São Romão e São Mamede),Trofa,2024-08-01,2024,8,1686217.678,14.337999111387184,1189442.712,496774.966,,0,0.0,True,0,0,0,0,0,0,-0.8660254037844385,-0.5000000000000004,Summer,3,Área Metropolitana do Porto,21.76582,4.8451395e-05,1,1
131811,Coronado (São Romão e São Mamede),Trofa,2024-09-01,2024,9,1721571.1,14.358748442963268,1169805.378,551765.722,,0,1.0,True,0,0,0,0,0,0,-1.0,-1.8369701987210292e-16,Autumn,3,Área Metropolitana do Porto,18.824226,0.0017417861,0,0
131811,Coronado (São Romão e São Mamede),Trofa,2024-10-01,2024,10,1915852.3,14.465673668819631,1289629.768,626222.532,,0,2.0,True,0,0,0,0,0,0,-0.8660254037844386,0.5000000000000001,Autumn,4,Área Metropolitana do Porto,17.120594,0.0031382972,1,1
131811,Coronado (São Romão e São Mamede),Trofa,2024-11-01,2024,11,3227303.47,14.98715781737355,1346050.86,1881252.61,,0,3.0,True,0,0,0,0,0,0,-0.5000000000000004,0.8660254037844384,Autumn,4,Área Metropolitana do Porto,15.336624,0.001189044,1,1
131811,Coronado (São Romão e São Mamede),Trofa,2024-12-01,2024,12,3170703.4110000003,14.969464332840031,1582298.242,1588405.169,,0,4.0,True,0,0,0,0,0,0,-2.4492935982947064e-16,1.0,Winter,4,Área Metropolitana do Porto,10.137236,0.00050313806,3,1
131811,Coronado (São Romão e São Mamede),Trofa,2025-01-01,2025,1,3363105.185,15.028375564711007,1687395.323,1675709.862,,0,5.0,True,0,0,0,0,0,0,0.4999999999999999,0.8660254037844387,Winter,1,Área Metropolitana do Porto,10.786856,0.0049654506,1,1
131811,Coronado (São Romão e São Mamede),Trofa,2025-02-01,2025,2,3046266.504,14.929427629986291,1441270.939,1604995.565,,0,6.0,True,0,0,0,0,0,0,0.8660254037844386,0.5000000000000001,Winter,1,Área Metropolitana do Porto,10.992876,0.0018172193,0,0
131811,Coronado (São Romão e São Mamede),Trofa,2025-03-01,2025,3,3138484.694,14.95925097850088,1474507.282,1663977.412,,0,7.0,True,0,0,0,0,0,0,1.0,6.123233995736766e-17,Spring,1,Área Metropolitana do Porto,11.333668,0.0025560507,0,0
131811,Coronado (São Romão e São Mamede),Trofa,2025-04-01,2025,4,2761492.225,14.831282114943582,1260639.465,1500852.76,,0,8.0,True,0,0,0,0,0,0,0.8660254037844387,-0.4999999999999998,Spring,2,Área Metropolitana do Porto,14.383118,0.003054146,3,1
131811,Coronado (São Romão e São Mamede),Trofa,2025-05-01,2025,5,2677868.433,14.800532048630185,1232904.031,1444964.402,,0,9.0,True,0,0,0,0,0,0,0.4999999999999999,-0.8660254037844387,Spring,2,Área Metropolitana do Porto,16.458231,0.001352692,1,1
131811,Coronado (São Romão e São Mamede),Trofa,2025-06-01,2025,6,2427766.501,14.702482669162984,1211379.202,1216387.299,,0,10.0,True,0,0,0,0,0,0,1.2246467991473532e-16,-1.0,Summer,2,Área Metropolitana do Porto,20.408844,0.00050888455,2,1
131811,Coronado (São Romão e São Mamede),Trofa,2025-07-01,2025,7,2654633.65,14.791817594903035,1300474.595,1354159.055,,0,11.0,True,0,0,0,0,0,0,-0.4999999999999997,-0.8660254037844388,Summer,3,Área Metropolitana do Porto,22.449768,0.00024826385,0,0
131811,Coronado (São Romão e São Mamede),Trofa,2025-08-01,2025,8,1988926.989,14.503106352555266,1262429.89,726497.099,,0,12.0,True,0,0,0,0,0,0,-0.8660254037844385,-0.5000000000000004,Summer,3,Área Metropolitana do Porto,22.553263,0.00022383373,1,1
10706,Uf Anta e Guetim,Espinho,2024-10-01,2024,10,2342571.391,14.666760195925647,1483631.096,858940.295,,0,0.0,True,0,0,0,0,0,0,-0.8660254037844386,0.5000000000000001,Autumn,4,Área Metropolitana do Porto,17.325146,0.0030339018,1,1
10706,Uf Anta e Guetim,Espinho,2024-11-01,2024,11,2382135.995,14.683508539838057,1517151.057,864984.938,,0,1.0,True,0,0,0,0,0,0,-0.5000000000000004,0.8660254037844384,Autumn,4,Área Metropolitana do Porto,15.599403,0.0012957455,1,1
10706,Uf Anta e Guetim,Espinho,2024-12-01,2024,12,2584781.115,14.765151774171056,1809367.28,775413.835,,0,2.0,True,0,0,0,0,0,0,-2.4492935982947064e-16,1.0,Winter,4,Área Metropolitana do Porto,10.424038,0.00032663447,3,1
10706,Uf Anta e Guetim,Espinho,2025-01-01,2025,1,2848344.665,14.862248915286765,1927556.015,920788.65,,0,3.0,True,0,0,0,0,0,0,0.4999999999999999,0.8660254037844387,Winter,1,Área Metropolitana do Porto,11.047922,0.004401409,1,1
10706,Uf Anta e Guetim,Espinho,2025-02-01,2025,2,2482796.575,14.724896536801324,1646112.824,836683.751,,0,4.0,True,0,0,0,0,0,0,0.8660254037844386,0.5000000000000001,Winter,1,Área Metropolitana do Porto,11.323458,0.0016888455,0,0
10706,Uf Anta e Guetim,Espinho,2025-03-01,2025,3,2544928.066,14.749613335672636,1701268.468,843659.598,,0,5.0,True,0,0,0,0,0,0,1.0,6.123233995736766e-17,Spring,1,Área Metropolitana do Porto,11.63364,0.002790625,0,0
10706,Uf Anta e Guetim,Espinho,2025-04-01,2025,4,2218015.401,14.61212384136466,1468225.132,749790.269,,0,6.0,True,0,0,0,0,0,0,0.8660254037844387,-0.4999999999999998,Spring,2,Área Metropolitana do Porto,14.624483,0.0033174353,3,1
10706,Uf Anta e Guetim,Espinho,2025-05-01,2025,5,2189625.772,14.599241663524614,1430037.909,759587.863,,0,7.0,True,0,0,0,0,0,0,0.4999999999999999,-0.8660254037844387,Spring,2,Área Metropolitana do Porto,16.54891,0.001413197,1,1
10706,Uf Anta e Guetim,Espinho,2025-06-01,2025,6,2116770.273,14.565402501294582,1374967.47,741802.803,,0,8.0,True,0,0,0,0,0,0,1.2246467991473532e-16,-1.0,Summer,2,Área Metropolitana do Porto,20.53555,0.0003460721,2,1
10706,Uf Anta e Guetim,Espinho,2025-07-01,2025,7,2130087.827,14.571674239632973,1427869.435,702218.392,,0,9.0,True,0,0,0,0,0,0,-0.4999999999999997,-0.8660254037844388,Summer,3,Área Metropolitana do Porto,22.58836,0.0002901771,0,0
10706,Uf Anta e Guetim,Espinho,2025-08-01,2025,8,2029945.129,14.523519813227422,1412341.681,617603.448,,0,10.0,True,0,0,0,0,0,0,-0.8660254037844385,-0.5000000000000004,Summer,3,Área Metropolitana do Porto,22.663101,0.00020656816,1,1
10706,Uf Anta e Guetim,Espinho,2025-09-01,2025,9,2040657.351,14.528783034835584,1392148.526,648508.825,,0,11.0,True,0,0,0,0,0,0,-1.0,-1.8369701987210292e-16,Autumn,3,Área Metropolitana do Porto,18.83395,0.0007009094,0,0
10706,Uf Anta e Guetim,Espinho,2025-10-01,2025,10,2384035.175,14.684305481129432,1507083.094,876952.081,,0,12.0,True,0,0,0,0,0,0,-0.8660254037844386,0.5000000000000001,Autumn,4,Área Metropolitana do Porto,18.295858,0.0024625633,1,1
10932,Caldas de São Jorge e de Pigeiros,Santa Maria da Feira,2024-07-01,2024,7,1039674.996,13.854419680270476,600126.938,439548.058,2024-07-01,1,0.0,False,1,0,1,1,0,1,-0.4999999999999997,-0.8660254037844388,Summer,3,Área Metropolitana do Porto,21.2346735,0.00041591877,0,0
10932,Caldas de São Jorge e de Pigeiros,Santa Maria da Feira,2024-08-01,2024,8,899297.112,13.70936986248975,583997.216,315299.896,2024-07-01,1,1.0,False,0,0,0,1,0,1,-0.8660254037844385,-0.5000000000000004,Summer,3,Área Metropolitana do Porto,21.7078185,3.4904804e-05,1,1
10932,Caldas de São Jorge e de Pigeiros,Santa Maria da Feira,2024-09-01,2024,9,975094.748,13.7902909482353,561816.517,413278.231,2024-07-01,1,2.0,False,0,0,0,1,0,1,-1.0,-1.8369701987210292e-16,Autumn,3,Área Metropolitana do Porto,18.640883,0.00176302385,0,0
10932,Caldas de São Jorge e de Pigeiros,Santa Maria da Feira,2024-10-01,2024,10,1083383.713,13.895600691897783,624132.59,459251.123,2024-07-01,1,3.0,False,0,0,0,1,0,1,-0.8660254037844386,0.5000000000000001,Autumn,4,Área Metropolitana do Porto,16.671416999999998,0.00364326485,1,1
10932,Caldas de São Jorge e de Pigeiros,Santa Maria da Feira,2024-11-01,2024,11,1066969.29,13.88033368547261,650406.172,416563.118,2024-07-01,1,4.0,False,0,0,0,1,0,1,-0.5000000000000004,0.8660254037844384,Autumn,4,Área Metropolitana do Porto,14.9496985,0.0014072436,1,1
10932,Caldas de São Jorge e de Pigeiros,Santa Maria da Feira,2024-12-01,2024,12,1139469.603,13.94607432917801,787774.043,351695.56,2024-07-01,1,5.0,False,0,0,0,1,0,1,-2.4492935982947064e-16,1.0,Winter,4,Área Metropolitana do Porto,9.651259499999998,0.00035211664,3,1
10932,Caldas de São Jorge e de Pigeiros,Santa Maria da Feira,2025-01-01,2025,1,1262828.523,14.04886541439174,838649.56,424178.963,2024-07-01,1,6.0,False,0,0,0,1,0,1,0.4999999999999999,0.8660254037844387,Winter,1,Área Metropolitana do Porto,10.302907,0.0048740277,1,1
10932,Caldas de São Jorge e de Pigeiros,Santa Maria da Feira,2025-02-01,2025,2,1089572.202,13.90129661972839,710428.247,379143.955,2024-07-01,1,7.0,False,0,0,0,1,0,1,0.8660254037844386,0.5000000000000001,Winter,1,Área Metropolitana do Porto,10.65598125,0.00167471135,0,0
10932,Caldas de São Jorge e de Pigeiros,Santa Maria da Feira,2025-03-01,2025,3,1114133.883,13.923588772032067,715604.996,398528.887,2024-07-01,1,8.0,False,0,0,0,1,0,1,1.0,6.123233995736766e-17,Spring,1,Área Metropolitana do Porto,10.9741765,0.0030862208,0,0
10932,Caldas de São Jorge e de Pigeiros,Santa Maria da Feira,2025-04-01,2025,4,968588.585,13.78359625626079,611557.72,357030.865,2024-07-01,1,9.0,False,0,0,0,1,0,1,0.8660254037844387,-0.4999999999999998,Spring,2,Área Metropolitana do Porto,14.0170555,0.0034318902,3,1
10932,Caldas de São Jorge e de Pigeiros,Santa Maria da Feira,2025-05-01,2025,5,978031.157,13.793297828844503,595825.085,382206.072,2024-07-01,1,10.0,False,0,0,0,1,0,1,0.4999999999999999,-0.8660254037844387,Spring,2,Área Metropolitana do Porto,16.104146,0.0016195954999999,1,1
10932,Caldas de São Jorge e de Pigeiros,Santa Maria da Feira,2025-06-01,2025,6,981916.568,13.797262640839673,593222.343,388694.225,2024-07-01,1,11.0,False,0,0,0,1,0,1,1.2246467991473532e-16,-1.0,Summer,2,Área Metropolitana do Porto,20.472055500000003,0.000358897945,2,1
10932,Caldas de São Jorge e de Pigeiros,Santa Maria da Feira,2025-07-01,2025,7,1059498.564,13.87330724517554,646461.565,413036.999,2024-07-01,1,12.0,False,0,0,0,1,0,1,-0.4999999999999997,-0.8660254037844388,Summer,3,Área Metropolitana do Porto,22.4884175,0.000317556405,0,0
10932,Caldas de São Jorge e de Pigeiros,Santa Maria da Feira,2025-08-01,2025,8,950328.482,13.764564026605369,629083.69,321244.792,2024-07-01,1,13.0,False,0,0,0,1,0,1,-0.8660254037844385,-0.5000000000000004,Summer,3,Área Metropolitana do Porto,22.80816,0.0002183369,1,1
10932,Caldas de São Jorge e de Pigeiros,Santa Maria da Feira,2025-09-01,2025,9,987181.186,13.80260988699476,579043.563,408137.623,2024-07-01,1,14.0,False,0,0,0,1,0,1,-1.0,-1.8369701987210292e-16,Autumn,3,Área Metropolitana do Porto,18.430770000000003,0.000777344725,0,0
10932,Caldas de São Jorge e de Pigeiros,Santa Maria da Feira,2025-10-01,2025,10,1090272.842,13.901939453844715,639798.932,450473.91,2024-07-01,1,15.0,False,0,0,0,1,0,1,-0.8660254037844386,0.5000000000000001,Autumn,4,Área Metropolitana do Porto,17.918398,0.0027617839999999,1,1
10933,"Canedo, Vale e Vila Maior",Santa Maria da Feira,2024-10-01,2024,10,3398096.309,15.038726217943474,1433019.221,1965077.088,2024-10-01,1,0.0,False,1,0,1,1,0,1,-0.8660254037844386,0.5000000000000001,Autumn,4,Área Metropolitana do Porto,16.445840666666665,0.0038148867333333,1,1
10933,"Canedo, Vale e Vila Maior",Santa Maria da Feira,2024-11-01,2024,11,3149811.702,14.96285354935148,1478552.768,1671258.934,2024-10-01,1,1.0,False,0,0,0,1,0,1,-0.5000000000000004,0.8660254037844384,Autumn,4,Área Metropolitana do Porto,14.656020666666665,0.001453127,1,1
10933,"Canedo, Vale e Vila Maior",Santa Maria da Feira,2024-12-01,2024,12,3121737.368,14.95390057385529,1803290.465,1318446.903,2024-10-01,1,2.0,False,0,0,0,1,0,1,-2.4492935982947064e-16,1.0,Winter,4,Área Metropolitana do Porto,9.193706666666666,0.0004009538766666,3,1
10933,"Canedo, Vale e Vila Maior",Santa Maria da Feira,2025-01-01,2025,1,3529291.885,15.076608092979557,1893415.602,1635876.283,2024-10-01,1,3.0,False,0,0,0,1,0,1,0.4999999999999999,0.8660254037844387,Winter,1,Área Metropolitana do Porto,9.956732666666666,0.0051103587333333,1,1
10933,"Canedo, Vale e Vila Maior",Santa Maria da Feira,2025-02-01,2025,2,3336725.507,15.020500796628312,1632931.967,1703793.54,2024-10-01,1,4.0,False,0,0,0,1,0,1,0.8660254037844386,0.5000000000000001,Winter,1,Área Metropolitana do Porto,10.333373666666668,0.0016632257666666,0,0
10933,"Canedo, Vale e Vila Maior",Santa Maria da Feira,2025-03-01,2025,3,3392947.521,15.0372098715322,1674838.926,1718108.595,2024-10-01,1,5.0,False,0,0,0,1,0,1,1.0,6.123233995736766e-17,Spring,1,Área Metropolitana do Porto,10.719224,0.0031639334666666,0,0
10933,"Canedo, Vale e Vila Maior",Santa Maria da Feira,2025-04-01,2025,4,3106929.2290000003,14.949145732056095,1442592.681,1664336.548,2024-10-01,1,6.0,False,0,0,0,1,0,1,0.8660254037844387,-0.4999999999999998,Spring,2,Área Metropolitana do Porto,13.807249333333331,0.0034359214666666,3,1
10933,"Canedo, Vale e Vila Maior",Santa Maria da Feira,2025-05-01,2025,5,3158350.426,14.96556074879706,1394314.617,1764035.809,2024-10-01,1,7.0,False,0,0,0,1,0,1,0.4999999999999999,-0.8660254037844387,Spring,2,Área Metropolitana do Porto,16.070691999999998,0.0017289527666666,1,1
10933,"Canedo, Vale e Vila Maior",Santa Maria da Feira,2025-06-01,2025,6,3002938.031,14.915102044062062,1388240.981,1614697.05,2024-10-01,1,8.0,False,0,0,0,1,0,1,1.2246467991473532e-16,-1.0,Summer,2,Área Metropolitana do Porto,20.581441666666667,0.0004099805433333,2,1
10933,"Canedo, Vale e Vila Maior",Santa Maria da Feira,2025-07-01,2025,7,3330827.004,15.018731480898223,1562387.129,1768439.875,2024-10-01,1,9.0,False,0,0,0,1,0,1,-0.4999999999999997,-0.8660254037844388,Summer,3,Área Metropolitana do Porto,22.589527333333333,0.0003368493033333,0,0
10933,"Canedo, Vale e Vila Maior",Santa Maria da Feira,2025-08-01,2025,8,2616150.406,14.777214866795738,1547017.753,1069132.653,2024-10-01,1,10.0,False,0,0,0,1,0,1,-0.8660254037844385,-0.5000000000000004,Summer,3,Área Metropolitana do Porto,23.050097,0.0002399106366666,1,1
10933,"Canedo, Vale e Vila Maior",Santa Maria da Feira,2025-09-01,2025,9,3035725.6100000003,14.925961364035851,1381081.77,1654643.84,2024-10-01,1,11.0,False,0,0,0,1,0,1,-1.0,-1.8369701987210292e-16,Autumn,3,Área Metropolitana do Porto,18.308012,0.0007879391666666,0,0
10933,"Canedo, Vale e Vila Maior",Santa Maria da Feira,2025-10-01,2025,10,3331210.965,15.018846749195088,1496264.955,1834946.01,2024-10-01,1,12.0,False,0,0,0,1,0,1,-0.8660254037844386,0.5000000000000001,Autumn,4,Área Metropolitana do Porto,17.793305999999998,0.0028848998,1,1
10934,Uf Lobao Giao Louredo Guisande,Santa Maria da Feira,2024-10-01,2024,10,1676353.707,14.332132176653266,1430590.768,245762.939,,0,0.0,True,0,0,0,0,0,0,-0.8660254037844386,0.5000000000000001,Autumn,4,Área Metropolitana do Porto,16.63369775,0.003660962275,1,1
10934,Uf Lobao Giao Louredo Guisande,Santa Maria da Feira,2024-11-01,2024,11,1726969.8069999998,14.361879453106384,1498056.88,228912.927,,0,1.0,True,0,0,0,0,0,0,-0.5000000000000004,0.8660254037844384,Autumn,4,Área Metropolitana do Porto,14.874347749999998,0.0014120855,1,1
10934,Uf Lobao Giao Louredo Guisande,Santa Maria da Feira,2024-12-01,2024,12,2102884.182,14.558820855952318,1877574.85,225309.332,,0,2.0,True,0,0,0,0,0,0,-2.4492935982947064e-16,1.0,Winter,4,Área Metropolitana do Porto,9.49763,0.0003862845975,3,1
10934,Uf Lobao Giao Louredo Guisande,Santa Maria da Feira,2025-01-01,2025,1,2175983.564,14.59299179318281,1947562.414,228421.15,,0,3.0,True,0,0,0,0,0,0,0.4999999999999999,0.8660254037844387,Winter,1,Área Metropolitana do Porto,10.2018085,0.0049678314,1,1
10934,Uf Lobao Giao Louredo Guisande,Santa Maria da Feira,2025-02-01,2025,2,1865811.439,14.439207140332096,1649883.523,215927.916,,0,4.0,True,0,0,0,0,0,0,0.8660254037844386,0.5000000000000001,Winter,1,Área Metropolitana do Porto,10.55674075,0.0016774696,0,0
10934,Uf Lobao Giao Louredo Guisande,Santa Maria da Feira,2025-03-01,2025,3,1924475.62,14.470164603022114,1686722.016,237753.604,,0,5.0,True,0,0,0,0,0,0,1.0,6.123233995736766e-17,Spring,1,Área Metropolitana do Porto,10.919619625,0.0030921208,0,0
10934,Uf Lobao Giao Louredo Guisande,Santa Maria da Feira,2025-04-01,2025,4,1673121.179,14.33020200718884,1442763.185,230357.994,,0,6.0,True,0,0,0,0,0,0,0.8660254037844387,-0.4999999999999998,Spring,2,Área Metropolitana do Porto,13.97482475,0.0033985058,3,1
10934,Uf Lobao Giao Louredo Guisande,Santa Maria da Feira,2025-05-01,2025,5,1615724.85,14.295294856394223,1381496.674,234228.176,,0,7.0,True,0,0,0,0,0,0,0.4999999999999999,-0.8660254037844387,Spring,2,Área Metropolitana do Porto,16.1494295,0.0016747562249999,1,1
10934,Uf Lobao Giao Louredo Guisande,Santa Maria da Feira,2025-06-01,2025,6,1605680.941,14.289059109666283,1358927.847,246753.094,,0,8.0,True,0,0,0,0,0,0,1.2246467991473532e-16,-1.0,Summer,2,Área Metropolitana do Porto,20.5394625,0.0003924812225,2,1
10934,Uf Lobao Giao Louredo Guisande,Santa Maria da Feira,2025-07-01,2025,7,1783528.222,14.394104668283806,1497953.122,285575.1,,0,9.0,True,0,0,0,0,0,0,-0.4999999999999997,-0.8660254037844388,Summer,3,Área Metropolitana do Porto,22.56430025,0.00032761477,0,0
10934,Uf Lobao Giao Louredo Guisande,Santa Maria da Feira,2025-08-01,2025,8,1764522.11,14.383391019206368,1494894.659,269627.451,,0,10.0,True,0,0,0,0,0,0,-0.8660254037844385,-0.5000000000000004,Summer,3,Área Metropolitana do Porto,22.94860325,0.0002292028075,1,1
10934,Uf Lobao Giao Louredo Guisande,Santa Maria da Feira,2025-09-01,2025,9,1599592.728,14.285260234966868,1341835.834,257756.894,,0,11.0,True,0,0,0,0,0,0,-1.0,-1.8369701987210292e-16,Autumn,3,Área Metropolitana do Porto,18.43603575,0.000768914375,0,0
10934,Uf Lobao Giao Louredo Guisande,Santa Maria da Feira,2025-10-01,2025,10,1731038.46,14.364232629970155,1462462.354,268576.106,,0,12.0,True,0,0,0,0,0,0,-0.8660254037844386,0.5000000000000001,Autumn,4,Área Metropolitana do Porto,17.898123499999997,0.002798233925,1,1
10936,São Miguel de Souto e Mosteirô,Santa Maria da Feira,2024-10-01,2024,10,2853011.58,14.863886039579535,929637.679,1923373.901,,0,0.0,True,0,0,0,0,0,0,-0.8660254037844386,0.5000000000000001,Autumn,4,Área Metropolitana do Porto,16.926051,0.0034937032,1,1
10936,São Miguel de Souto e Mosteirô,Santa Maria da Feira,2024-11-01,2024,11,2501073.284,14.73223091113798,958889.852,1542183.432,,0,1.0,True,0,0,0,0,0,0,-0.5000000000000004,0.8660254037844384,Autumn,4,Área Metropolitana do Porto,15.244094,0.0013884354,1,1
10936,São Miguel de Souto e Mosteirô,Santa Maria da Feira,2024-12-01,2024,12,2879698.903,14.873196646335671,1141064.303,1738634.6,,0,2.0,True,0,0,0,0,0,0,-2.4492935982947064e-16,1.0,Winter,4,Área Metropolitana do Porto,10.0287995,0.00030637259,3,1
10936,São Miguel de Souto e Mosteirô,Santa Maria da Feira,2025-01-01,2025,1,2954726.831,14.89891710001192,1230467.381,1724259.45,,0,3.0,True,0,0,0,0,0,0,0.4999999999999999,0.8660254037844387,Winter,1,Área Metropolitana do Porto,10.641889,0.00466655705,1,1
10936,São Miguel de Souto e Mosteirô,Santa Maria da Feira,2025-02-01,2025,2,2864561.744,14.867926276588088,1064597.124,1799964.62,,0,4.0,True,0,0,0,0,0,0,0.8660254037844386,0.5000000000000001,Winter,1,Área Metropolitana do Porto,10.97819775,0.0016651029999999,0,0
10936,São Miguel de Souto e Mosteirô,Santa Maria da Feira,2025-03-01,2025,3,2766230.663,14.832996541495785,1087433.571,1678797.092,,0,5.0,True,0,0,0,0,0,0,1.0,6.123233995736766e-17,Spring,1,Área Metropolitana do Porto,11.262727,0.0030150287,0,0
10936,São Miguel de Souto e Mosteirô,Santa Maria da Feira,2025-04-01,2025,4,3522141.248,15.074579955638372,930016.543,2592124.705,,0,6.0,True,0,0,0,0,0,0,0.8660254037844387,-0.4999999999999998,Spring,2,Área Metropolitana do Porto,14.291662,0.00346238745,3,1
10936,São Miguel de Souto e Mosteirô,Santa Maria da Feira,2025-05-01,2025,5,4208279.52,15.25256469467587,890759.936,3317519.584,,0,7.0,True,0,0,0,0,0,0,0.4999999999999999,-0.8660254037844387,Spring,2,Área Metropolitana do Porto,16.2549965,0.0015026069,1,1
10936,São Miguel de Souto e Mosteirô,Santa Maria da Feira,2025-06-01,2025,6,3845905.626,15.162519926625013,870622.611,2975283.015,,0,8.0,True,0,0,0,0,0,0,1.2246467991473532e-16,-1.0,Summer,2,Área Metropolitana do Porto,20.515949,0.00032155779,2,1
10936,São Miguel de Souto e Mosteirô,Santa Maria da Feira,2025-07-01,2025,7,3395439.651,15.03794410466139,938221.892,2457217.759,,0,9.0,True,0,0,0,0,0,0,-0.4999999999999997,-0.8660254037844388,Summer,3,Área Metropolitana do Porto,22.5483615,0.00029993153,0,0
10936,São Miguel de Souto e Mosteirô,Santa Maria da Feira,2025-08-01,2025,8,3500192.728,15.068328875784983,893683.115,2606509.613,,0,10.0,True,0,0,0,0,0,0,-0.8660254037844385,-0.5000000000000004,Summer,3,Área Metropolitana do Porto,22.7341865,0.00020736036,1,1
10936,São Miguel de Souto e Mosteirô,Santa Maria da Feira,2025-09-01,2025,9,2673209.034,14.7987905681658,872977.912,1800231.122,,0,11.0,True,0,0,0,0,0,0,-1.0,-1.8369701987210292e-16,Autumn,3,Área Metropolitana do Porto,18.580096,0.000773070925,0,0
10936,São Miguel de Souto e Mosteirô,Santa Maria da Feira,2025-10-01,2025,10,4114179.342,15.22995018440344,965395.231,3148784.111,,0,12.0,True,0,0,0,0,0,0,-0.8660254037844386,0.5000000000000001,Autumn,4,Área Metropolitana do Porto,18.117572000000003,0.0026591589,1,1
11320,Nogueira do Cravo e Pindelo,Oliveira de Azeméis,2024-08-01,2024,8,1907456.254,14.461281632453218,725566.582,1181889.672,,0,0.0,True,0,0,0,0,0,0,-0.8660254037844385,-0.5000000000000004,Summer,3,Área Metropolitana do Porto,21.560087,3.592111e-05,1,1
11320,Nogueira do Cravo e Pindelo,Oliveira de Azeméis,2024-09-01,2024,9,2547815.977,14.750747463031496,759941.605,1787874.372,,0,1.0,True,0,0,0,0,0,0,-1.0,-1.8369701987210292e-16,Autumn,3,Área Metropolitana do Porto,17.93654,0.0019368605,0,0
11320,Nogueira do Cravo e Pindelo,Oliveira de Azeméis,2024-10-01,2024,10,2779795.745,14.83788836968456,841710.86,1938084.885,,0,2.0,True,0,0,0,0,0,0,-0.8660254037844386,0.5000000000000001,Autumn,4,Área Metropolitana do Porto,15.744009,0.00423872,1,1
11320,Nogueira do Cravo e Pindelo,Oliveira de Azeméis,2024-11-01,2024,11,2709033.205,14.812102747417937,853041.954,1855991.251,,0,3.0,True,0,0,0,0,0,0,-0.5000000000000004,0.8660254037844384,Autumn,4,Área Metropolitana do Porto,13.982864,0.0015205485,1,1
11320,Nogueira do Cravo e Pindelo,Oliveira de Azeméis,2024-12-01,2024,12,2365859.029,14.676652162429829,965817.634,1400041.395,,0,4.0,True,0,0,0,0,0,0,-2.4492935982947064e-16,1.0,Winter,4,Área Metropolitana do Porto,8.58018,0.00037672336,3,1
11320,Nogueira do Cravo e Pindelo,Oliveira de Azeméis,2025-01-01,2025,1,2878144.425,14.87265669503472,1078679.864,1799464.561,,0,5.0,True,0,0,0,0,0,0,0.4999999999999999,0.8660254037844387,Winter,1,Área Metropolitana do Porto,9.274772,0.0053360593,1,1
11320,Nogueira do Cravo e Pindelo,Oliveira de Azeméis,2025-02-01,2025,2,2654467.667,14.791755067206685,954387.799,1700079.868,,0,6.0,True,0,0,0,0,0,0,0.8660254037844386,0.5000000000000001,Winter,1,Área Metropolitana do Porto,9.698678,0.0016567151,0,0
11320,Nogueira do Cravo e Pindelo,Oliveira de Azeméis,2025-03-01,2025,3,2782542.628,14.838876041433894,984261.988,1798280.64,,0,7.0,True,0,0,0,0,0,0,1.0,6.123233995736766e-17,Spring,1,Área Metropolitana do Porto,9.976795,0.003374357,0,0
11320,Nogueira do Cravo e Pindelo,Oliveira de Azeméis,2025-04-01,2025,4,2511834.0,14.736524119699515,842992.005,1668841.995,,0,8.0,True,0,0,0,0,0,0,0.8660254037844387,-0.4999999999999998,Spring,2,Área Metropolitana do Porto,13.109539,0.0035500634,3,1
11320,Nogueira do Cravo e Pindelo,Oliveira de Azeméis,2025-05-01,2025,5,2571343.731,14.759939561662472,811537.228,1759806.503,,0,9.0,True,0,0,0,0,0,0,0.4999999999999999,-0.8660254037844387,Spring,2,Área Metropolitana do Porto,15.376108,0.0018171753,1,1
11320,Nogueira do Cravo e Pindelo,Oliveira de Azeméis,2025-06-01,2025,6,2589845.016,14.767108978626451,796445.418,1793399.598,,0,10.0,True,0,0,0,0,0,0,1.2246467991473532e-16,-1.0,Summer,2,Área Metropolitana do Porto,20.219036,0.00037337025,2,1
11320,Nogueira do Cravo e Pindelo,Oliveira de Azeméis,2025-07-01,2025,7,2493879.224,14.72935037840726,861765.683,1632113.541,,0,11.0,True,0,0,0,0,0,0,-0.4999999999999997,-0.8660254037844388,Summer,3,Área Metropolitana do Porto,22.166523,0.00034431345,0,0
11320,Nogueira do Cravo e Pindelo,Oliveira de Azeméis,2025-08-01,2025,8,1967742.337,14.492397929898088,783874.179,1183868.158,,0,12.0,True,0,0,0,0,0,0,-0.8660254037844385,-0.5000000000000004,Summer,3,Área Metropolitana do Porto,22.69302,0.00023151968,1,1
130811,"Custóias, Leça do Balio e Guifões",Matosinhos,2024-10-01,2024,10,14988005.806,16.522760892992224,6348769.476,8639236.33,,0,0.0,True,0,0,0,0,0,0,-0.8660254037844386,0.5000000000000001,Autumn,4,Área Metropolitana do Porto,17.350871333333334,0.0027789931999999,1,1
130811,"Custóias, Leça do Balio e Guifões",Matosinhos,2024-11-01,2024,11,14991307.651,16.522981167869286,6567229.785,8424077.866,,0,1.0,True,0,0,0,0,0,0,-0.5000000000000004,0.8660254037844384,Autumn,4,Área Metropolitana do Porto,15.581319666666666,0.0011971311333333,1,1
130811,"Custóias, Leça do Balio e Guifões",Matosinhos,2024-12-01,2024,12,15946763.910999998,16.58476653972642,7817186.328,8129577.583,,0,2.0,True,0,0,0,0,0,0,-2.4492935982947064e-16,1.0,Winter,4,Área Metropolitana do Porto,10.469363666666666,0.0004330034733333,3,1
130811,"Custóias, Leça do Balio e Guifões",Matosinhos,2025-01-01,2025,1,17059206.164,16.652200625559843,8398101.788,8661104.376,,0,3.0,True,0,0,0,0,0,0,0.4999999999999999,0.8660254037844387,Winter,1,Área Metropolitana do Porto,11.054781333333333,0.0044966204666666,1,1
130811,"Custóias, Leça do Balio e Guifões",Matosinhos,2025-02-01,2025,2,15279927.965,16.54205069280441,7190911.872,8089016.093,,0,4.0,True,0,0,0,0,0,0,0.8660254037844386,0.5000000000000001,Winter,1,Área Metropolitana do Porto,11.234829333333332,0.0017395906,0,0
130811,"Custóias, Leça do Balio e Guifões",Matosinhos,2025-03-01,2025,3,15965379.718000002,16.585933230887083,7371438.815,8593940.903,,0,5.0,True,0,0,0,0,0,0,1.0,6.123233995736766e-17,Spring,1,Área Metropolitana do Porto,11.55046,0.0025650598666666,0,0
130811,"Custóias, Leça do Balio e Guifões",Matosinhos,2025-04-01,2025,4,14737303.992,16.50589259164522,6377284.56,8360019.432,,0,6.0,True,0,0,0,0,0,0,0.8660254037844387,-0.4999999999999998,Spring,2,Área Metropolitana do Porto,14.5767545,0.0030661802666666,3,1
130811,"Custóias, Leça do Balio e Guifões",Matosinhos,2025-05-01,2025,5,15736231.948,16.57147644244934,6219264.227,9516967.721,,0,7.0,True,0,0,0,0,0,0,0.4999999999999999,-0.8660254037844387,Spring,2,Área Metropolitana do Porto,16.605554666666666,0.0013930364333333,1,1
130811,"Custóias, Leça do Balio e Guifões",Matosinhos,2025-06-01,2025,6,15361295.478,16.547361688241597,5966558.633,9394736.845,,0,8.0,True,0,0,0,0,0,0,1.2246467991473532e-16,-1.0,Summer,2,Área Metropolitana do Porto,20.464054666666662,0.0004490223433333,2,1
130811,"Custóias, Leça do Balio e Guifões",Matosinhos,2025-07-01,2025,7,16671925.781,16.62923683179094,6202720.955,10469204.826,,0,9.0,True,0,0,0,0,0,0,-0.4999999999999997,-0.8660254037844388,Summer,3,Área Metropolitana do Porto,22.520218666666665,0.00027864343,0,0
130811,"Custóias, Leça do Balio e Guifões",Matosinhos,2025-08-01,2025,8,15485701.193,16.555427717019366,6025813.162,9459888.031,,0,10.0,True,0,0,0,0,0,0,-0.8660254037844385,-0.5000000000000004,Summer,3,Área Metropolitana do Porto,22.574717000000003,0.0002204479833333,1,1
130811,"Custóias, Leça do Balio e Guifões",Matosinhos,2025-09-01,2025,9,14686889.902,16.502465878506598,5944638.933,8742250.969,,0,11.0,True,0,0,0,0,0,0,-1.0,-1.8369701987210292e-16,Autumn,3,Área Metropolitana do Porto,18.82989033333333,0.0006525070433333,0,0
130811,"Custóias, Leça do Balio e Guifões",Matosinhos,2025-10-01,2025,10,15644056.419,16.565601685203657,6508273.974,9135782.445,,0,12.0,True,0,0,0,0,0,0,-0.8660254037844386,0.5000000000000001,Autumn,4,Área Metropolitana do Porto,18.095117666666667,0.0023881786666666,1,1
130812,Matosinhos e Leça da Palmeira,Matosinhos,2024-07-01,2024,7,16541749.459,16.621398073822174,10982584.707,5559164.752,2024-07-01,1,0.0,False,1,0,1,1,0,1,-0.4999999999999997,-0.8660254037844388,Summer,3,Área Metropolitana do Porto,21.275011,0.00034911375,0,0
130812,Matosinhos e Leça da Palmeira,Matosinhos,2024-08-01,2024,8,16339078.253,16.609070296542846,10748644.295,5590433.958,2024-07-01,1,1.0,False,0,0,0,1,0,1,-0.8660254037844385,-0.5000000000000004,Summer,3,Área Metropolitana do Porto,21.74077,4.9821858e-05,1,1
130812,Matosinhos e Leça da Palmeira,Matosinhos,2024-09-01,2024,9,15954202.416,16.58523288952863,10703573.638,5250628.778,2024-07-01,1,2.0,False,0,0,0,1,0,1,-1.0,-1.8369701987210292e-16,Autumn,3,Área Metropolitana do Porto,19.107304,0.0015855592,0,0
130812,Matosinhos e Leça da Palmeira,Matosinhos,2024-10-01,2024,10,17180241.518,16.65927059071877,11463900.3,5716341.218,2024-07-01,1,3.0,False,0,0,0,1,0,1,-0.8660254037844386,0.5000000000000001,Autumn,4,Área Metropolitana do Porto,17.48858,0.0027172754,1,1
130812,Matosinhos e Leça da Palmeira,Matosinhos,2024-11-01,2024,11,17011259.674,16.649386075323584,11582591.397,5428668.277,2024-07-01,1,4.0,False,0,0,0,1,0,1,-0.5000000000000004,0.8660254037844384,Autumn,4,Área Metropolitana do Porto,15.738745,0.0011754362,1,1
130812,Matosinhos e Leça da Palmeira,Matosinhos,2024-12-01,2024,12,18462097.905,16.73123048073812,13232991.503,5229106.402,2024-07-01,1,5.0,False,0,0,0,1,0,1,-2.4492935982947064e-16,1.0,Winter,4,Área Metropolitana do Porto,10.622377,0.00043714768,3,1
130812,Matosinhos e Leça da Palmeira,Matosinhos,2025-01-01,2025,1,19292409.736,16.775222350427462,14135268.383,5157141.353,2024-07-01,1,6.0,False,0,0,0,1,0,1,0.4999999999999999,0.8660254037844387,Winter,1,Área Metropolitana do Porto,11.208,0.0044925422,1,1
130812,Matosinhos e Leça da Palmeira,Matosinhos,2025-02-01,2025,2,17063755.027000003,16.652467241504155,12377543.616,4686211.411,2024-07-01,1,7.0,False,0,0,0,1,0,1,0.8660254037844386,0.5000000000000001,Winter,1,Área Metropolitana do Porto,11.37452,0.001762639,0,0
130812,Matosinhos e Leça da Palmeira,Matosinhos,2025-03-01,2025,3,17887053.094,16.699587774178337,12909004.305,4978048.789,2024-07-01,1,8.0,False,0,0,0,1,0,1,1.0,6.123233995736766e-17,Spring,1,Área Metropolitana do Porto,11.702438,0.0025394668,0,0
130812,Matosinhos e Leça da Palmeira,Matosinhos,2025-04-01,2025,4,16051701.046,16.59132544839752,11372385.779,4679315.267,2024-07-01,1,9.0,False,0,0,0,1,0,1,0.8660254037844387,-0.4999999999999998,Spring,2,Área Metropolitana do Porto,14.7171755,0.0030483028,3,1
130812,Matosinhos e Leça da Palmeira,Matosinhos,2025-05-01,2025,5,16320459.914,16.60793014938084,11425473.198,4894986.716,2024-07-01,1,10.0,False,0,0,0,1,0,1,0.4999999999999999,-0.8660254037844387,Spring,2,Área Metropolitana do Porto,16.709084,0.0013782663,1,1
130812,Matosinhos e Leça da Palmeira,Matosinhos,2025-06-01,2025,6,16234196.438,16.602630528234968,11119343.869,5114852.569,2024-07-01,1,11.0,False,0,0,0,1,0,1,1.2246467991473532e-16,-1.0,Summer,2,Área Metropolitana do Porto,20.472044,0.00045188915,2,1
130812,Matosinhos e Leça da Palmeira,Matosinhos,2025-07-01,2025,7,16842741.123,16.639430387429815,11462094.424,5380646.699,2024-07-01,1,12.0,False,0,0,0,1,0,1,-0.4999999999999997,-0.8660254037844388,Summer,3,Área Metropolitana do Porto,22.53517,0.00026410405,0,0
130812,Matosinhos e Leça da Palmeira,Matosinhos,2025-08-01,2025,8,16757375.855,16.63434912853739,11111294.068,5646081.787,2024-07-01,1,13.0,False,0,0,0,1,0,1,-0.8660254037844385,-0.5000000000000004,Summer,3,Área Metropolitana do Porto,22.547787,0.00021576657,1,1
130812,Matosinhos e Leça da Palmeira,Matosinhos,2025-09-01,2025,9,16099777.987,16.59431610234494,10913772.111,5186005.876,2024-07-01,1,14.0,False,0,0,0,1,0,1,-1.0,-1.8369701987210292e-16,Autumn,3,Área Metropolitana do Porto,18.911943,0.00065210863,0,0
130812,Matosinhos e Leça da Palmeira,Matosinhos,2025-10-01,2025,10,17122387.752,16.65589744885102,11685555.349,5436832.403,2024-07-01,1,15.0,False,0,0,0,1,0,1,-0.8660254037844386,0.5000000000000001,Autumn,4,Área Metropolitana do Porto,18.163393,0.0023483178,1,1
130813,"Perafita, Lavra e Santa Cruz do Bispo",Matosinhos,2024-06-01,2024,6,6552196.624,15.695311066453328,4579669.378,1972527.246,2024-06-01,1,0.0,False,1,0,1,1,0,1,1.2246467991473532e-16,-1.0,Summer,2,Área Metropolitana do Porto,18.949949,0.0012700757333333,1,1
130813,"Perafita, Lavra e Santa Cruz do Bispo",Matosinhos,2024-07-01,2024,7,6999296.272,15.761320312265918,4808837.376,2190458.896,2024-06-01,1,1.0,False,0,0,0,1,0,1,-0.4999999999999997,-0.8660254037844388,Summer,3,Área Metropolitana do Porto,21.24270933333333,0.0003716030733333,0,0
130813,"Perafita, Lavra e Santa Cruz do Bispo",Matosinhos,2024-08-01,2024,8,6953597.012,15.754769783149133,4809236.943,2144360.069,2024-06-01,1,2.0,False,0,0,0,1,0,1,-0.8660254037844385,-0.5000000000000004,Summer,3,Área Metropolitana do Porto,21.710529,4.818866633333333e-05,1,1
130813,"Perafita, Lavra e Santa Cruz do Bispo",Matosinhos,2024-09-01,2024,9,6915275.49,15.749243506374206,4761767.766,2153507.724,2024-06-01,1,3.0,False,0,0,0,1,0,1,-1.0,-1.8369701987210292e-16,Autumn,3,Área Metropolitana do Porto,19.070709,0.0015870730666666,0,0
130813,"Perafita, Lavra e Santa Cruz do Bispo",Matosinhos,2024-10-01,2024,10,7589568.791999999,15.842285466869477,5167252.182,2422316.61,2024-06-01,1,4.0,False,0,0,0,1,0,1,-0.8660254037844386,0.5000000000000001,Autumn,4,Área Metropolitana do Porto,17.477106333333335,0.0027805263333333,1,1
130813,"Perafita, Lavra e Santa Cruz do Bispo",Matosinhos,2024-11-01,2024,11,7601841.538000001,15.84390121508345,5282441.353,2319400.185,2024-06-01,1,5.0,False,0,0,0,1,0,1,-0.5000000000000004,0.8660254037844384,Autumn,4,Área Metropolitana do Porto,15.731031,0.0011743367,1,1
130813,"Perafita, Lavra e Santa Cruz do Bispo",Matosinhos,2024-12-01,2024,12,8337161.272,15.936233461279134,6129686.002,2207475.27,2024-06-01,1,6.0,False,0,0,0,1,0,1,-2.4492935982947064e-16,1.0,Winter,4,Área Metropolitana do Porto,10.590430666666668,0.00045278093,3,1
130813,"Perafita, Lavra e Santa Cruz do Bispo",Matosinhos,2025-01-01,2025,1,9027184.057,16.015751144457887,6534694.712,2492489.345,2024-06-01,1,7.0,False,0,0,0,1,0,1,0.4999999999999999,0.8660254037844387,Winter,1,Área Metropolitana do Porto,11.199898666666668,0.0045954694666666,1,1
130813,"Perafita, Lavra e Santa Cruz do Bispo",Matosinhos,2025-02-01,2025,2,7825815.431,15.872938625177875,5618260.914,2207554.517,2024-06-01,1,8.0,False,0,0,0,1,0,1,0.8660254037844386,0.5000000000000001,Winter,1,Área Metropolitana do Porto,11.368093,0.0017852683666666,0,0
130813,"Perafita, Lavra e Santa Cruz do Bispo",Matosinhos,2025-03-01,2025,3,8044316.97,15.900476557934809,5777758.777,2266558.193,2024-06-01,1,9.0,False,0,0,0,1,0,1,1.0,6.123233995736766e-17,Spring,1,Área Metropolitana do Porto,11.706095666666668,0.0025472504333333,0,0
130813,"Perafita, Lavra e Santa Cruz do Bispo",Matosinhos,2025-04-01,2025,4,7080000.216,15.7727846374213,5003398.239,2076601.977,2024-06-01,1,10.0,False,0,0,0,1,0,1,0.8660254037844387,-0.4999999999999998,Spring,2,Área Metropolitana do Porto,14.717959333333331,0.0030493720333333,3,1
130813,"Perafita, Lavra e Santa Cruz do Bispo",Matosinhos,2025-05-01,2025,5,6962061.515,15.755986326773131,4896234.935,2065826.58,2024-06-01,1,11.0,False,0,0,0,1,0,1,0.4999999999999999,-0.8660254037844387,Spring,2,Área Metropolitana do Porto,16.707663666666665,0.0013705645666666,1,1
130813,"Perafita, Lavra e Santa Cruz do Bispo",Matosinhos,2025-06-01,2025,6,6810682.351,15.734003018319056,4737555.127,2073127.224,2024-06-01,1,12.0,False,0,0,0,1,0,1,1.2246467991473532e-16,-1.0,Summer,2,Área Metropolitana do Porto,20.454181,0.0004651659766666,2,1
130813,"Perafita, Lavra e Santa Cruz do Bispo",Matosinhos,2025-07-01,2025,7,7228126.62,15.793490586874857,5025341.802,2202784.818,2024-06-01,1,13.0,False,0,0,0,1,0,1,-0.4999999999999997,-0.8660254037844388,Summer,3,Área Metropolitana do Porto,22.498483333333336,0.0002528882233333,0,0
130813,"Perafita, Lavra e Santa Cruz do Bispo",Matosinhos,2025-08-01,2025,8,7151876.446,15.782885460062271,4977727.533,2174148.913,2024-06-01,1,14.0,False,1,0,1,2,0,2,-0.8660254037844385,-0.5000000000000004,Summer,3,Área Metropolitana do Porto,22.504984,0.00021581638,1,1
130813,"Perafita, Lavra e Santa Cruz do Bispo",Matosinhos,2025-09-01,2025,9,6985614.881000001,15.759363718726153,4800694.315,2184920.566,2024-06-01,1,15.0,False,0,0,0,2,0,2,-1.0,-1.8369701987210292e-16,Autumn,3,Área Metropolitana do Porto,18.873878333333334,0.00066677282,0,0
130813,"Perafita, Lavra e Santa Cruz do Bispo",Matosinhos,2025-10-01,2025,10,7639484.916999999,15.848840870527956,5231776.567,2407708.35,2024-06-01,1,16.0,False,1,0,1,3,0,3,-0.8660254037844386,0.5000000000000001,Autumn,4,Área Metropolitana do Porto,18.113718666666667,0.0023672916333333,1,1
130814,São Mamede de Infesta e Senhora da Hora,Matosinhos,2024-10-01,2024,10,15431397.622,16.551914863264564,9230230.037,6201167.585,,0,0.0,True,0,0,0,0,0,0,-0.8660254037844386,0.5000000000000001,Autumn,4,Área Metropolitana do Porto,17.385298499999998,0.0027635637499999,1,1
130814,São Mamede de Infesta e Senhora da Hora,Matosinhos,2024-11-01,2024,11,15291537.406,16.542810188017192,9533588.632,5757948.774,,0,1.0,True,0,0,0,0,0,0,-0.5000000000000004,0.8660254037844384,Autumn,4,Área Metropolitana do Porto,15.620676,0.0011917073999999,1,1
130814,São Mamede de Infesta e Senhora da Hora,Matosinhos,2024-12-01,2024,12,16773165.565,16.63529093917072,11235833.26,5537332.305,,0,2.0,True,0,0,0,0,0,0,-2.4492935982947064e-16,1.0,Winter,4,Área Metropolitana do Porto,10.507617,0.0004340395249999,3,1
130814,São Mamede de Infesta e Senhora da Hora,Matosinhos,2025-01-01,2025,1,17851540.513,16.697600421732883,12095437.779,5756102.734,,0,3.0,True,0,0,0,0,0,0,0.4999999999999999,0.8660254037844387,Winter,1,Área Metropolitana do Porto,11.093086,0.0044956009,1,1
130814,São Mamede de Infesta e Senhora da Hora,Matosinhos,2025-02-01,2025,2,15747018.966000002,16.57216169682579,10451758.913,5295260.053,,0,4.0,True,0,0,0,0,0,0,0.8660254037844386,0.5000000000000001,Winter,1,Área Metropolitana do Porto,11.269752,0.0017453527,0,0
130814,São Mamede de Infesta e Senhora da Hora,Matosinhos,2025-03-01,2025,3,16589520.588,16.62428182437891,10815202.63,5774317.958,,0,5.0,True,0,0,0,0,0,0,1.0,6.123233995736766e-17,Spring,1,Área Metropolitana do Porto,11.5884545,0.0025586616,0,0
130814,São Mamede de Infesta e Senhora da Hora,Matosinhos,2025-04-01,2025,4,15045646.064,16.526599275695716,9367622.966,5678023.098,,0,6.0,True,0,0,0,0,0,0,0.8660254037844387,-0.4999999999999998,Spring,2,Área Metropolitana do Porto,14.61185975,0.0030617109,3,1
130814,São Mamede de Infesta e Senhora da Hora,Matosinhos,2025-05-01,2025,5,15182226.305,16.535636045453096,9165868.919,6016357.386,,0,7.0,True,0,0,0,0,0,0,0.4999999999999999,-0.8660254037844387,Spring,2,Área Metropolitana do Porto,16.631437,0.0013893439,1,1
130814,São Mamede de Infesta e Senhora da Hora,Matosinhos,2025-06-01,2025,6,14905894.641,16.517267373258786,8745594.806,6160299.835,,0,8.0,True,0,0,0,0,0,0,1.2246467991473532e-16,-1.0,Summer,2,Área Metropolitana do Porto,20.466052,0.000449739045,2,1
130814,São Mamede de Infesta e Senhora da Hora,Matosinhos,2025-07-01,2025,7,15700464.991,16.56920095083348,9015317.037,6685147.954,,0,9.0,True,0,0,0,0,0,0,-0.4999999999999997,-0.8660254037844388,Summer,3,Área Metropolitana do Porto,22.5239565,0.000275008585,0,0
130814,São Mamede de Infesta e Senhora da Hora,Matosinhos,2025-08-01,2025,8,14928258.77,16.51876660344519,8785967.59,6142291.18,,0,10.0,True,0,0,0,0,0,0,-0.8660254037844385,-0.5000000000000004,Summer,3,Área Metropolitana do Porto,22.5679845,0.00021927763,1,1
130814,São Mamede de Infesta e Senhora da Hora,Matosinhos,2025-09-01,2025,9,14733531.559,16.505636580392466,8631807.398,6101724.161,,0,11.0,True,0,0,0,0,0,0,-1.0,-1.8369701987210292e-16,Autumn,3,Área Metropolitana do Porto,18.8504035,0.00065240744,0,0
130814,São Mamede de Infesta e Senhora da Hora,Matosinhos,2025-10-01,2025,10,15637318.822,16.565170911516663,9397375.693,6239943.129,,0,12.0,True,0,0,0,0,0,0,-0.8660254037844386,0.5000000000000001,Autumn,4,Área Metropolitana do Porto,18.1121865,0.00237821345,1,1
131313,"Aver-O-Mar, Amorim e Terroso",Póvoa de Varzim,2024-02-01,2024,2,3128345.063,14.95601500847926,2746788.112,381556.951,,0,0.0,True,0,0,0,0,0,0,0.8660254037844386,0.5000000000000001,Winter,1,Área Metropolitana do Porto,12.387464,0.0023755906,0,0
131313,"Aver-O-Mar, Amorim e Terroso",Póvoa de Varzim,2024-03-01,2024,3,3221862.742,14.985470551942754,2820949.333,400913.409,,0,1.0,True,0,0,0,0,0,0,1.0,6.123233995736766e-17,Spring,1,Área Metropolitana do Porto,12.195551,0.0033734243,2,1
131313,"Aver-O-Mar, Amorim e Terroso",Póvoa de Varzim,2024-04-01,2024,4,2835250.083,14.8576410566544,2444556.528,390693.555,,0,2.0,True,0,0,0,0,0,0,0.8660254037844387,-0.4999999999999998,Spring,2,Área Metropolitana do Porto,15.097986,0.0016523998999999,1,1
131313,"Aver-O-Mar, Amorim e Terroso",Póvoa de Varzim,2024-05-01,2024,5,2803105.528,14.846238834419404,2396564.63,406540.898,,0,3.0,True,0,0,0,0,0,0,0.4999999999999999,-0.8660254037844387,Spring,2,Área Metropolitana do Porto,15.600833,0.0014213385999999,2,1
131313,"Aver-O-Mar, Amorim e Terroso",Póvoa de Varzim,2024-06-01,2024,6,2736290.265,14.822114008564334,2323219.766,413070.499,,0,4.0,True,0,0,0,0,0,0,1.2246467991473532e-16,-1.0,Summer,2,Área Metropolitana do Porto,18.922497,0.0012538676,1,1
131313,"Aver-O-Mar, Amorim e Terroso",Póvoa de Varzim,2024-07-01,2024,7,2987206.687,14.909849625079085,2541272.765,445933.922,,0,5.0,True,0,0,0,0,0,0,-0.4999999999999997,-0.8660254037844388,Summer,3,Área Metropolitana do Porto,21.178106,0.00041658172,0,0
131313,"Aver-O-Mar, Amorim e Terroso",Póvoa de Varzim,2024-08-01,2024,8,3085430.574,14.942202099864716,2624657.607,460772.967,,0,6.0,True,0,0,0,0,0,0,-0.8660254037844385,-0.5000000000000004,Summer,3,Área Metropolitana do Porto,21.650047,4.4922283e-05,1,1
131313,"Aver-O-Mar, Amorim e Terroso",Póvoa de Varzim,2024-09-01,2024,9,2828102.734,14.855116986372543,2416610.622,411492.112,,0,7.0,True,0,0,0,0,0,0,-1.0,-1.8369701987210292e-16,Autumn,3,Área Metropolitana do Porto,18.997519,0.0015901008,0,0
131313,"Aver-O-Mar, Amorim e Terroso",Póvoa de Varzim,2024-10-01,2024,10,2947736.9570000004,14.896548639941642,2555514.035,392222.922,,0,8.0,True,0,0,0,0,0,0,-0.8660254037844386,0.5000000000000001,Autumn,4,Área Metropolitana do Porto,17.454159,0.0029070282,1,1
131313,"Aver-O-Mar, Amorim e Terroso",Póvoa de Varzim,2024-11-01,2024,11,2980571.439,14.90762593365813,2586655.263,393916.176,,0,9.0,True,0,0,0,0,0,0,-0.5000000000000004,0.8660254037844384,Autumn,4,Área Metropolitana do Porto,15.715603,0.0011721377,1,1
131313,"Aver-O-Mar, Amorim e Terroso",Póvoa de Varzim,2024-12-01,2024,12,3465609.344,15.058399320548896,3074235.942,391373.402,,0,10.0,True,0,0,0,0,0,0,-2.4492935982947064e-16,1.0,Winter,4,Área Metropolitana do Porto,10.526538,0.00048404743,3,1
131313,"Aver-O-Mar, Amorim e Terroso",Póvoa de Varzim,2025-01-01,2025,1,3740184.18,15.134645681533952,3339536.664,400647.516,,0,11.0,True,0,0,0,0,0,0,0.4999999999999999,0.8660254037844387,Winter,1,Área Metropolitana do Porto,11.183696,0.004801324,1,1
131313,"Aver-O-Mar, Amorim e Terroso",Póvoa de Varzim,2025-02-01,2025,2,3232222.126,14.988680732750112,2869275.748,362946.378,,0,12.0,True,0,0,0,0,0,0,0.8660254037844386,0.5000000000000001,Winter,1,Área Metropolitana do Porto,11.355239,0.0018305271,0,0
131314,Aguçadoura e Navais,Póvoa de Varzim,2024-03-01,2024,3,890369.157,13.69939256198466,890369.157,0.0,2024-03-01,1,0.0,False,1,0,1,1,0,1,1.0,6.123233995736766e-17,Spring,1,Área Metropolitana do Porto,12.195551,0.0033734243,2,1
131314,Aguçadoura e Navais,Póvoa de Varzim,2024-04-01,2024,4,813719.626,13.609372374771988,813719.626,0.0,2024-03-01,1,1.0,False,0,0,0,1,0,1,0.8660254037844387,-0.4999999999999998,Spring,2,Área Metropolitana do Porto,15.097986,0.0016523999,1,1
131314,Aguçadoura e Navais,Póvoa de Varzim,2024-05-01,2024,5,814683.565,13.610556280495109,814683.565,0.0,2024-03-01,1,2.0,False,0,0,0,1,0,1,0.4999999999999999,-0.8660254037844387,Spring,2,Área Metropolitana do Porto,15.600833,0.0014213386,2,1
131314,Aguçadoura e Navais,Póvoa de Varzim,2024-06-01,2024,6,796688.032,13.588219708485694,796688.032,0.0,2024-03-01,1,3.0,False,0,0,0,1,0,1,1.2246467991473532e-16,-1.0,Summer,2,Área Metropolitana do Porto,18.922497,0.0012538676,1,1
131314,Aguçadoura e Navais,Póvoa de Varzim,2024-07-01,2024,7,874054.642,13.68089931622679,874054.642,0.0,2024-03-01,1,4.0,False,0,0,0,1,0,1,-0.4999999999999997,-0.8660254037844388,Summer,3,Área Metropolitana do Porto,21.178106,0.00041658172,0,0
131314,Aguçadoura e Navais,Póvoa de Varzim,2024-08-01,2024,8,893706.144,13.703133421071447,893706.144,0.0,2024-03-01,1,5.0,False,0,0,0,1,0,1,-0.8660254037844385,-0.5000000000000004,Summer,3,Área Metropolitana do Porto,21.650047,4.4922283e-05,1,1
131314,Aguçadoura e Navais,Póvoa de Varzim,2024-09-01,2024,9,828080.395,13.626866731676056,828080.395,0.0,2024-03-01,1,6.0,False,0,0,0,1,0,1,-1.0,-1.8369701987210292e-16,Autumn,3,Área Metropolitana do Porto,18.997519,0.0015901008,0,0
131314,Aguçadoura e Navais,Póvoa de Varzim,2024-10-01,2024,10,847282.013,13.649790053596584,847282.013,0.0,2024-03-01,1,7.0,False,0,0,0,1,0,1,-0.8660254037844386,0.5000000000000001,Autumn,4,Área Metropolitana do Porto,17.454159,0.0029070282,1,1
131314,Aguçadoura e Navais,Póvoa de Varzim,2024-11-01,2024,11,829458.477,13.628529535098648,829458.477,0.0,2024-03-01,1,8.0,False,0,0,0,1,0,1,-0.5000000000000004,0.8660254037844384,Autumn,4,Área Metropolitana do Porto,15.715603,0.0011721377,1,1
131314,Aguçadoura e Navais,Póvoa de Varzim,2024-12-01,2024,12,973895.297,13.78906010570364,973895.297,0.0,2024-03-01,1,9.0,False,0,0,0,1,0,1,-2.4492935982947064e-16,1.0,Winter,4,Área Metropolitana do Porto,10.526538,0.00048404743,3,1
131314,Aguçadoura e Navais,Póvoa de Varzim,2025-01-01,2025,1,1022272.28,13.837539411261783,1022272.28,0.0,2024-03-01,1,10.0,False,0,0,0,1,0,1,0.4999999999999999,0.8660254037844387,Winter,1,Área Metropolitana do Porto,11.183696,0.004801324,1,1
131314,Aguçadoura e Navais,Póvoa de Varzim,2025-02-01,2025,2,879340.572,13.686928692766502,879340.572,0.0,2024-03-01,1,11.0,False,0,0,0,1,0,1,0.8660254037844386,0.5000000000000001,Winter,1,Área Metropolitana do Porto,11.355239,0.0018305271,0,0
131314,Aguçadoura e Navais,Póvoa de Varzim,2025-03-01,2025,3,899662.043,13.70977557553585,899662.043,0.0,2024-03-01,1,12.0,False,0,0,0,1,0,1,1.0,6.123233995736766e-17,Spring,1,Área Metropolitana do Porto,11.713411,0.0025628177,0,0
131314,Aguçadoura e Navais,Póvoa de Varzim,2025-04-01,2025,4,814734.115,13.610618327125126,814734.115,0.0,2024-03-01,1,13.0,False,0,0,0,1,0,1,0.8660254037844387,-0.4999999999999998,Spring,2,Área Metropolitana do Porto,14.719527,0.0030515105,3,1
131314,Aguçadoura e Navais,Póvoa de Varzim,2025-05-01,2025,5,823423.363,13.621226976172665,823423.363,0.0,2024-03-01,1,14.0,False,0,0,0,1,0,1,0.4999999999999999,-0.8660254037844387,Spring,2,Área Metropolitana do Porto,16.704823,0.0013551611,1,1
131314,Aguçadoura e Navais,Póvoa de Varzim,2025-06-01,2025,6,814895.532,13.610816429562355,814895.532,0.0,2024-03-01,1,15.0,False,0,0,0,1,0,1,1.2246467991473532e-16,-1.0,Summer,2,Área Metropolitana do Porto,20.418455,0.00049171963,2,1
131314,Aguçadoura e Navais,Póvoa de Varzim,2025-07-01,2025,7,902072.981,13.712451814528404,902072.981,0.0,2024-03-01,1,16.0,False,0,0,0,1,0,1,-0.4999999999999997,-0.8660254037844388,Summer,3,Área Metropolitana do Porto,22.42511,0.00023045657,0,0
131314,Aguçadoura e Navais,Póvoa de Varzim,2025-08-01,2025,8,900286.125,13.710469019205686,900286.125,0.0,2024-03-01,1,17.0,False,0,0,0,1,0,1,-0.8660254037844385,-0.5000000000000004,Summer,3,Área Metropolitana do Porto,22.419378,0.000215916,1,1
131314,Aguçadoura e Navais,Póvoa de Varzim,2025-09-01,2025,9,817447.314,13.613942955289962,817447.314,0.0,2024-03-01,1,18.0,False,0,0,0,1,0,1,-1.0,-1.8369701987210292e-16,Autumn,3,Área Metropolitana do Porto,18.797749,0.0006961012,0,0
131314,Aguçadoura e Navais,Póvoa de Varzim,2025-10-01,2025,10,853984.451,13.657669436325822,853984.451,0.0,2024-03-01,1,19.0,False,0,0,0,1,0,1,-0.8660254037844386,0.5000000000000001,Autumn,4,Área Metropolitana do Porto,18.01437,0.0024052393,1,1
131315,"Póvoa de Varzim, Beiriz e Argivai",Póvoa de Varzim,2023-11-01,2023,11,8738855.334,15.983289884836148,6720434.268,2018421.066,,0,0.0,True,0,0,0,0,0,0,-0.5000000000000004,0.8660254037844384,Autumn,4,Área Metropolitana do Porto,14.1887665,0.0039219335,1,1
131315,"Póvoa de Varzim, Beiriz e Argivai",Póvoa de Varzim,2023-12-01,2023,12,10073814.424,16.12545008310281,8043636.721,2030177.703,,0,1.0,True,0,0,0,0,0,0,-2.4492935982947064e-16,1.0,Winter,4,Área Metropolitana do Porto,10.848739,0.0022192204,3,1
131315,"Póvoa de Varzim, Beiriz e Argivai",Póvoa de Varzim,2024-01-01,2024,1,10358959.581,16.15336245974291,8200523.493,2158436.088,,0,2.0,True,0,0,0,0,0,0,0.4999999999999999,0.8660254037844387,Winter,1,Área Metropolitana do Porto,11.31256,0.0026114717999999,1,1
131315,"Póvoa de Varzim, Beiriz e Argivai",Póvoa de Varzim,2024-02-01,2024,2,8811673.983,15.99158810276978,6915565.249,1896108.734,,0,3.0,True,0,0,0,0,0,0,0.8660254037844386,0.5000000000000001,Winter,1,Área Metropolitana do Porto,12.387464,0.0023755906,0,0
131315,"Póvoa de Varzim, Beiriz e Argivai",Póvoa de Varzim,2024-03-01,2024,3,9069408.989,16.02041776914852,7116825.263,1952583.726,,0,4.0,True,0,0,0,0,0,0,1.0,6.123233995736766e-17,Spring,1,Área Metropolitana do Porto,12.195551,0.0033734243,2,1
131315,"Póvoa de Varzim, Beiriz e Argivai",Póvoa de Varzim,2024-04-01,2024,4,7900522.966999999,15.882439640174557,6172624.56,1727898.407,,0,5.0,True,0,0,0,0,0,0,0.8660254037844387,-0.4999999999999998,Spring,2,Área Metropolitana do Porto,15.097986,0.0016523998999999,1,1
131315,"Póvoa de Varzim, Beiriz e Argivai",Póvoa de Varzim,2024-05-01,2024,5,7790035.479999999,15.868356100762796,6073102.435,1716933.045,,0,6.0,True,0,0,0,0,0,0,0.4999999999999999,-0.8660254037844387,Spring,2,Área Metropolitana do Porto,15.600833,0.0014213385999999,2,1
131315,"Póvoa de Varzim, Beiriz e Argivai",Póvoa de Varzim,2024-06-01,2024,6,7575588.470000001,15.84044172415384,5876271.69,1699316.78,,0,7.0,True,0,0,0,0,0,0,1.2246467991473532e-16,-1.0,Summer,2,Área Metropolitana do Porto,18.922497,0.0012538676,1,1
131315,"Póvoa de Varzim, Beiriz e Argivai",Póvoa de Varzim,2024-07-01,2024,7,8275267.346,15.928781907221245,6407965.982,1867301.364,,0,8.0,True,0,0,0,0,0,0,-0.4999999999999997,-0.8660254037844388,Summer,3,Área Metropolitana do Porto,21.178106,0.00041658172,0,0
131315,"Póvoa de Varzim, Beiriz e Argivai",Póvoa de Varzim,2024-08-01,2024,8,8354713.109999999,15.938336501592556,6528356.64,1826356.47,,0,9.0,True,0,0,0,0,0,0,-0.8660254037844385,-0.5000000000000004,Summer,3,Área Metropolitana do Porto,21.650047,4.4922283e-05,1,1
131315,"Póvoa de Varzim, Beiriz e Argivai",Póvoa de Varzim,2024-09-01,2024,9,7897004.04,15.88199413669656,6127068.519,1769935.521,,0,10.0,True,0,0,0,0,0,0,-1.0,-1.8369701987210292e-16,Autumn,3,Área Metropolitana do Porto,18.997519,0.0015901008,0,0
131315,"Póvoa de Varzim, Beiriz e Argivai",Póvoa de Varzim,2024-10-01,2024,10,8414920.536,15.94551706126173,6415100.512,1999820.024,,0,11.0,True,0,0,0,0,0,0,-0.8660254037844386,0.5000000000000001,Autumn,4,Área Metropolitana do Porto,17.454159,0.0029070282,1,1
131315,"Póvoa de Varzim, Beiriz e Argivai",Póvoa de Varzim,2024-11-01,2024,11,8418601.902999999,15.945954446441766,6472562.493,1946039.41,,0,12.0,True,0,0,0,0,0,0,-0.5000000000000004,0.8660254037844384,Autumn,4,Área Metropolitana do Porto,15.715603,0.0011721377,1,1
131506,Campo e Sobrado,Valongo,2024-08-01,2024,8,4058589.578,15.21634632303214,2121591.231,1936998.347,,0,0.0,True,0,0,0,0,0,0,-0.8660254037844385,-0.5000000000000004,Summer,3,Área Metropolitana do Porto,21.863308,6.3961146e-05,1,1
131506,Campo e Sobrado,Valongo,2024-09-01,2024,9,4623080.716,15.346572078782131,2107539.009,2515541.707,,0,1.0,True,0,0,0,0,0,0,-1.0,-1.8369701987210292e-16,Autumn,3,Área Metropolitana do Porto,18.614645,0.0018714388,0,0
131506,Campo e Sobrado,Valongo,2024-10-01,2024,10,5105434.374,15.445816289783815,2324306.326,2781128.048,,0,2.0,True,0,0,0,0,0,0,-0.8660254037844386,0.5000000000000001,Autumn,4,Área Metropolitana do Porto,16.681381,0.0030999337,1,1
131506,Campo e Sobrado,Valongo,2024-11-01,2024,11,5042320.136,15.433377076887382,2451661.233,2590658.903,,0,3.0,True,0,0,0,0,0,0,-0.5000000000000004,0.8660254037844384,Autumn,4,Área Metropolitana do Porto,14.802748,0.001296482,1,1
131506,Campo e Sobrado,Valongo,2024-12-01,2024,12,4998107.108,15.424570020395205,2893922.053,2104185.055,,0,4.0,True,0,0,0,0,0,0,-2.4492935982947064e-16,1.0,Winter,4,Área Metropolitana do Porto,9.507708,0.00045679283,3,1
131506,Campo e Sobrado,Valongo,2025-01-01,2025,1,5737947.7190000005,15.562612338397418,3127901.496,2610046.223,,0,5.0,True,0,0,0,0,0,0,0.4999999999999999,0.8660254037844387,Winter,1,Área Metropolitana do Porto,10.2415085,0.0047495067,1,1
131506,Campo e Sobrado,Valongo,2025-02-01,2025,2,5220153.511,15.468037559229185,2705106.947,2515046.564,,0,6.0,True,0,0,0,0,0,0,0.8660254037844386,0.5000000000000001,Winter,1,Área Metropolitana do Porto,10.507316,0.0016774003,0,0
131506,Campo e Sobrado,Valongo,2025-03-01,2025,3,5475982.88,15.515882521631578,2769511.56,2706471.32,,0,7.0,True,0,0,0,0,0,0,1.0,6.123233995736766e-17,Spring,1,Área Metropolitana do Porto,10.845544,0.0026573816,0,0
131506,Campo e Sobrado,Valongo,2025-04-01,2025,4,4885636.48,15.401810332386116,2353379.166,2532257.314,,0,8.0,True,0,0,0,0,0,0,0.8660254037844387,-0.4999999999999998,Spring,2,Área Metropolitana do Porto,13.918181,0.003164977,3,1
131506,Campo e Sobrado,Valongo,2025-05-01,2025,5,4758812.65,15.375508961950572,2291787.483,2467025.167,,0,9.0,True,0,0,0,0,0,0,0.4999999999999999,-0.8660254037844387,Spring,2,Área Metropolitana do Porto,16.13314,0.0014337102,1,1
131506,Campo e Sobrado,Valongo,2025-06-01,2025,6,4624269.741,15.346829238874616,2233110.828,2391158.913,,0,10.0,True,0,0,0,0,0,0,1.2246467991473532e-16,-1.0,Summer,2,Área Metropolitana do Porto,20.461306,0.0004902742,2,1
131506,Campo e Sobrado,Valongo,2025-07-01,2025,7,4908270.265,15.406432353253011,2412658.053,2495612.212,,0,11.0,True,0,0,0,0,0,0,-0.4999999999999997,-0.8660254037844388,Summer,3,Área Metropolitana do Porto,22.512142,0.00030463867,0,0
131506,Campo e Sobrado,Valongo,2025-08-01,2025,8,4191915.01,15.248668468999853,2290587.303,1901327.707,,0,12.0,True,0,0,0,0,0,0,-0.8660254037844385,-0.5000000000000004,Summer,3,Área Metropolitana do Porto,22.784597,0.00025160017,1,1
131632,Uf Fornelo e Vairao,Vila do Conde,2024-10-01,2024,10,474507.491,13.070034791497935,339089.017,135418.474,,0,0.0,True,0,0,0,0,0,0,-0.8660254037844386,0.5000000000000001,Autumn,4,Área Metropolitana do Porto,17.2873765,0.0030226627,1,1
131632,Uf Fornelo e Vairao,Vila do Conde,2024-11-01,2024,11,477732.557,13.076808443927805,346151.705,131580.852,,0,1.0,True,0,0,0,0,0,0,-0.5000000000000004,0.8660254037844384,Autumn,4,Área Metropolitana do Porto,15.5261135,0.00118059085,1,1
131632,Uf Fornelo e Vairao,Vila do Conde,2024-12-01,2024,12,562955.5419999999,13.240957714089236,424389.269,138566.273,,0,2.0,True,0,0,0,0,0,0,-2.4492935982947064e-16,1.0,Winter,4,Área Metropolitana do Porto,10.331887,0.000493592745,3,1
131632,Uf Fornelo e Vairao,Vila do Conde,2025-01-01,2025,1,600820.634,13.306053387438892,443090.083,157730.551,,0,3.0,True,0,0,0,0,0,0,0.4999999999999999,0.8660254037844387,Winter,1,Área Metropolitana do Porto,10.985276,0.0048833873,1,1
131632,Uf Fornelo e Vairao,Vila do Conde,2025-02-01,2025,2,516926.051,13.155657042954672,374154.469,142771.582,,0,4.0,True,0,0,0,0,0,0,0.8660254037844386,0.5000000000000001,Winter,1,Área Metropolitana do Porto,11.1740575,0.0018238732,0,0
131632,Uf Fornelo e Vairao,Vila do Conde,2025-03-01,2025,3,527532.412,13.175967482610808,377262.458,150269.954,,0,5.0,True,0,0,0,0,0,0,1.0,6.123233995736766e-17,Spring,1,Área Metropolitana do Porto,11.5235395,0.0025594342,0,0
131632,Uf Fornelo e Vairao,Vila do Conde,2025-04-01,2025,4,460461.059,13.039985740403704,325318.743,135142.316,,0,6.0,True,0,0,0,0,0,0,0.8660254037844387,-0.4999999999999998,Spring,2,Área Metropolitana do Porto,14.5513225,0.00305282825,3,1
131632,Uf Fornelo e Vairao,Vila do Conde,2025-05-01,2025,5,454006.996,13.025870089203192,317662.818,136344.178,,0,7.0,True,0,0,0,0,0,0,0.4999999999999999,-0.8660254037844387,Spring,2,Área Metropolitana do Porto,16.581527,0.00135392655,1,1
131632,Uf Fornelo e Vairao,Vila do Conde,2025-06-01,2025,6,477806.711,13.076963652295316,329184.995,148621.716,,0,8.0,True,0,0,0,0,0,0,1.2246467991473532e-16,-1.0,Summer,2,Área Metropolitana do Porto,20.4136495,0.00050030209,2,1
131632,Uf Fornelo e Vairao,Vila do Conde,2025-07-01,2025,7,539793.182,13.198943201442008,369634.348,170158.834,,0,9.0,True,0,0,0,0,0,0,-0.4999999999999997,-0.8660254037844388,Summer,3,Área Metropolitana do Porto,22.437439,0.00023936021,0,0
131632,Uf Fornelo e Vairao,Vila do Conde,2025-08-01,2025,8,522790.558,13.166938112935416,363728.623,159061.935,,0,10.0,True,0,0,0,0,0,0,-0.8660254037844385,-0.5000000000000004,Summer,3,Área Metropolitana do Porto,22.4863205,0.000219874865,1,1
131632,Uf Fornelo e Vairao,Vila do Conde,2025-09-01,2025,9,462823.091,13.045102327830168,324693.757,138129.334,,0,11.0,True,0,0,0,0,0,0,-1.0,-1.8369701987210292e-16,Autumn,3,Área Metropolitana do Porto,18.6993955,0.000704379,0,0
131632,Uf Fornelo e Vairao,Vila do Conde,2025-10-01,2025,10,484244.019,13.090346295207048,345243.324,139000.695,,0,12.0,True,0,0,0,0,0,0,-0.8660254037844386,0.5000000000000001,Autumn,4,Área Metropolitana do Porto,17.9137725,0.0024682081499999,1,1
131633,Uf Malta e Canidelo,Vila do Conde,2024-10-01,2024,10,529154.64,13.179037883068489,299340.115,229814.525,,0,0.0,True,0,0,0,0,0,0,-0.8660254037844386,0.5000000000000001,Autumn,4,Área Metropolitana do Porto,17.2873765,0.0030226627,1,1
131633,Uf Malta e Canidelo,Vila do Conde,2024-11-01,2024,11,523928.408,13.169112236670705,303132.665,220795.743,,0,1.0,True,0,0,0,0,0,0,-0.5000000000000004,0.8660254037844384,Autumn,4,Área Metropolitana do Porto,15.5261135,0.00118059085,1,1
131633,Uf Malta e Canidelo,Vila do Conde,2024-12-01,2024,12,542695.9,13.20430624785534,357590.901,185104.999,,0,2.0,True,0,0,0,0,0,0,-2.4492935982947064e-16,1.0,Winter,4,Área Metropolitana do Porto,10.331887,0.000493592745,3,1
131633,Uf Malta e Canidelo,Vila do Conde,2025-01-01,2025,1,644169.388,13.37571854773175,375763.58,268405.808,,0,3.0,True,0,0,0,0,0,0,0.4999999999999999,0.8660254037844387,Winter,1,Área Metropolitana do Porto,10.985276,0.0048833873,1,1
131633,Uf Malta e Canidelo,Vila do Conde,2025-02-01,2025,2,577322.301,13.26615770226464,317172.18,260150.121,,0,4.0,True,0,0,0,0,0,0,0.8660254037844386,0.5000000000000001,Winter,1,Área Metropolitana do Porto,11.1740575,0.0018238732,0,0
131633,Uf Malta e Canidelo,Vila do Conde,2025-03-01,2025,3,586213.2590000001,13.281440631425736,323037.19,263176.069,,0,5.0,True,0,0,0,0,0,0,1.0,6.123233995736766e-17,Spring,1,Área Metropolitana do Porto,11.5235395,0.0025594342,0,0
131633,Uf Malta e Canidelo,Vila do Conde,2025-04-01,2025,4,486147.878,13.094270189305488,277830.443,208317.435,,0,6.0,True,0,0,0,0,0,0,0.8660254037844387,-0.4999999999999998,Spring,2,Área Metropolitana do Porto,14.5513225,0.00305282825,3,1
131633,Uf Malta e Canidelo,Vila do Conde,2025-05-01,2025,5,502338.64600000007,13.127031755550348,274270.177,228068.469,,0,7.0,True,0,0,0,0,0,0,0.4999999999999999,-0.8660254037844387,Spring,2,Área Metropolitana do Porto,16.581527,0.00135392655,1,1
131633,Uf Malta e Canidelo,Vila do Conde,2025-06-01,2025,6,486431.444,13.094853309712226,280583.813,205847.631,,0,8.0,True,0,0,0,0,0,0,1.2246467991473532e-16,-1.0,Summer,2,Área Metropolitana do Porto,20.4136495,0.00050030209,2,1
131633,Uf Malta e Canidelo,Vila do Conde,2025-07-01,2025,7,559383.762,13.23459281947909,320117.617,239266.145,,0,9.0,True,0,0,0,0,0,0,-0.4999999999999997,-0.8660254037844388,Summer,3,Área Metropolitana do Porto,22.437439,0.00023936021,0,0
131633,Uf Malta e Canidelo,Vila do Conde,2025-08-01,2025,8,503680.694,13.12969978801197,307825.436,195855.258,,0,10.0,True,0,0,0,0,0,0,-0.8660254037844385,-0.5000000000000004,Summer,3,Área Metropolitana do Porto,22.4863205,0.000219874865,1,1
131633,Uf Malta e Canidelo,Vila do Conde,2025-09-01,2025,9,501915.301,13.126188653696998,275094.871,226820.43,,0,11.0,True,0,0,0,0,0,0,-1.0,-1.8369701987210292e-16,Autumn,3,Área Metropolitana do Porto,18.6993955,0.000704379,0,0
131633,Uf Malta e Canidelo,Vila do Conde,2025-10-01,2025,10,578966.0279999999,13.269000808474209,296816.975,282149.053,,0,12.0,True,0,0,0,0,0,0,-0.8660254037844386,0.5000000000000001,Autumn,4,Área Metropolitana do Porto,17.9137725,0.0024682081499999,1,1
131634,Uf Retorta e Tougues,Vila do Conde,2024-10-01,2024,10,537362.216,13.194429524737489,275828.451,261533.765,,0,0.0,True,0,0,0,0,0,0,-0.8660254037844386,0.5000000000000001,Autumn,4,Área Metropolitana do Porto,17.454159,0.0029070282,1,1
131634,Uf Retorta e Tougues,Vila do Conde,2024-11-01,2024,11,538204.3319999999,13.1959954243236,282716.697,255487.635,,0,1.0,True,0,0,0,0,0,0,-0.5000000000000004,0.8660254037844384,Autumn,4,Área Metropolitana do Porto,15.715603,0.0011721377,1,1
131634,Uf Retorta e Tougues,Vila do Conde,2024-12-01,2024,12,575334.353,13.262708372379976,338073.02,237261.333,,0,2.0,True,0,0,0,0,0,0,-2.4492935982947064e-16,1.0,Winter,4,Área Metropolitana do Porto,10.526538,0.00048404743,3,1
131634,Uf Retorta e Tougues,Vila do Conde,2025-01-01,2025,1,579924.579,13.27065506222094,358217.707,221706.872,,0,3.0,True,0,0,0,0,0,0,0.4999999999999999,0.8660254037844387,Winter,1,Área Metropolitana do Porto,11.183696,0.004801324,1,1
131634,Uf Retorta e Tougues,Vila do Conde,2025-02-01,2025,2,481497.379,13.084658143651826,298602.466,182894.913,,0,4.0,True,0,0,0,0,0,0,0.8660254037844386,0.5000000000000001,Winter,1,Área Metropolitana do Porto,11.355239,0.0018305271,0,0
131634,Uf Retorta e Tougues,Vila do Conde,2025-03-01,2025,3,493476.986,13.109233528957976,301022.512,192454.474,,0,5.0,True,0,0,0,0,0,0,1.0,6.123233995736766e-17,Spring,1,Área Metropolitana do Porto,11.713411,0.0025628177,0,0
131634,Uf Retorta e Tougues,Vila do Conde,2025-04-01,2025,4,467980.21,13.05618342452112,260567.635,207412.575,,0,6.0,True,0,0,0,0,0,0,0.8660254037844387,-0.4999999999999998,Spring,2,Área Metropolitana do Porto,14.719527,0.0030515105,3,1
131634,Uf Retorta e Tougues,Vila do Conde,2025-05-01,2025,5,507500.932,13.137255796787384,258285.992,249214.94,,0,7.0,True,0,0,0,0,0,0,0.4999999999999999,-0.8660254037844387,Spring,2,Área Metropolitana do Porto,16.704823,0.0013551611,1,1
131634,Uf Retorta e Tougues,Vila do Conde,2025-06-01,2025,6,589507.269,13.287044026002828,287626.609,301880.66,,0,8.0,True,0,0,0,0,0,0,1.2246467991473532e-16,-1.0,Summer,2,Área Metropolitana do Porto,20.418455,0.00049171963,2,1
131634,Uf Retorta e Tougues,Vila do Conde,2025-07-01,2025,7,605483.604,13.313784414732114,339618.586,265865.018,,0,9.0,True,0,0,0,0,0,0,-0.4999999999999997,-0.8660254037844388,Summer,3,Área Metropolitana do Porto,22.42511,0.00023045657,0,0
131634,Uf Retorta e Tougues,Vila do Conde,2025-08-01,2025,8,602478.3119999999,13.30880860682796,312972.957,289505.355,,0,10.0,True,0,0,0,0,0,0,-0.8660254037844385,-0.5000000000000004,Summer,3,Área Metropolitana do Porto,22.419378,0.000215916,1,1
131634,Uf Retorta e Tougues,Vila do Conde,2025-09-01,2025,9,530987.138,13.182494960991509,262309.811,268677.327,,0,11.0,True,0,0,0,0,0,0,-1.0,-1.8369701987210292e-16,Autumn,3,Área Metropolitana do Porto,18.797749,0.0006961012,0,0
131634,Uf Retorta e Tougues,Vila do Conde,2025-10-01,2025,10,540100.0700000001,13.199511567693628,276961.333,263138.737,,0,12.0,True,0,0,0,0,0,0,-0.8660254037844386,0.5000000000000001,Autumn,4,Área Metropolitana do Porto,18.01437,0.0024052393,1,1
131635,Uf Rio Mau e Arcos,Vila do Conde,2024-10-01,2024,10,1272976.508,14.056869208883846,545109.218,727867.29,,0,0.0,True,0,0,0,0,0,0,-0.8660254037844386,0.5000000000000001,Autumn,4,Área Metropolitana do Porto,17.454159,0.0029070282,1,1
131635,Uf Rio Mau e Arcos,Vila do Conde,2024-11-01,2024,11,1218996.346,14.013539231266616,533899.791,685096.555,,0,1.0,True,0,0,0,0,0,0,-0.5000000000000004,0.8660254037844384,Autumn,4,Área Metropolitana do Porto,15.715603,0.0011721377,1,1
131635,Uf Rio Mau e Arcos,Vila do Conde,2024-12-01,2024,12,1285752.8569999998,14.066855763438223,610885.671,674867.186,,0,2.0,True,0,0,0,0,0,0,-2.4492935982947064e-16,1.0,Winter,4,Área Metropolitana do Porto,10.526538,0.00048404743,3,1
131635,Uf Rio Mau e Arcos,Vila do Conde,2025-01-01,2025,1,1374567.6549999998,14.133650534412414,644295.977,730271.678,,0,3.0,True,0,0,0,0,0,0,0.4999999999999999,0.8660254037844387,Winter,1,Área Metropolitana do Porto,11.183696,0.004801324,1,1
131635,Uf Rio Mau e Arcos,Vila do Conde,2025-02-01,2025,2,1217152.802,14.012025741963276,551521.98,665630.822,,0,4.0,True,0,0,0,0,0,0,0.8660254037844386,0.5000000000000001,Winter,1,Área Metropolitana do Porto,11.355239,0.0018305271,0,0
131635,Uf Rio Mau e Arcos,Vila do Conde,2025-03-01,2025,3,1271896.959,14.056020798752384,565248.616,706648.343,,0,5.0,True,0,0,0,0,0,0,1.0,6.123233995736766e-17,Spring,1,Área Metropolitana do Porto,11.713411,0.0025628177,0,0
131635,Uf Rio Mau e Arcos,Vila do Conde,2025-04-01,2025,4,1104376.719,13.9147925840791,497330.663,607046.056,,0,6.0,True,0,0,0,0,0,0,0.8660254037844387,-0.4999999999999998,Spring,2,Área Metropolitana do Porto,14.719527,0.0030515105,3,1
131635,Uf Rio Mau e Arcos,Vila do Conde,2025-05-01,2025,5,1091231.283,13.902818150494417,499876.538,591354.745,,0,7.0,True,0,0,0,0,0,0,0.4999999999999999,-0.8660254037844387,Spring,2,Área Metropolitana do Porto,16.704823,0.0013551611,1,1
131635,Uf Rio Mau e Arcos,Vila do Conde,2025-06-01,2025,6,1236938.767,14.028150957383918,645655.944,591282.823,,0,8.0,True,0,0,0,0,0,0,1.2246467991473532e-16,-1.0,Summer,2,Área Metropolitana do Porto,20.418455,0.00049171963,2,1
131635,Uf Rio Mau e Arcos,Vila do Conde,2025-07-01,2025,7,1523829.044,14.236737489324907,874087.124,649741.92,,0,9.0,True,0,0,0,0,0,0,-0.4999999999999997,-0.8660254037844388,Summer,3,Área Metropolitana do Porto,22.42511,0.00023045657,0,0
131635,Uf Rio Mau e Arcos,Vila do Conde,2025-08-01,2025,8,1320600.2859999998,14.09359771054192,769309.296,551290.99,,0,10.0,True,0,0,0,0,0,0,-0.8660254037844385,-0.5000000000000004,Summer,3,Área Metropolitana do Porto,22.419378,0.000215916,1,1
131635,Uf Rio Mau e Arcos,Vila do Conde,2025-09-01,2025,9,1172664.638,13.97479003840819,511941.883,660722.755,,0,11.0,True,0,0,0,0,0,0,-1.0,-1.8369701987210292e-16,Autumn,3,Área Metropolitana do Porto,18.797749,0.0006961012,0,0
131635,Uf Rio Mau e Arcos,Vila do Conde,2025-10-01,2025,10,1216262.014,14.01129361252788,509321.565,706940.449,,0,12.0,True,0,0,0,0,0,0,-0.8660254037844386,0.5000000000000001,Autumn,4,Área Metropolitana do Porto,18.01437,0.0024052393,1,1
131725,Grijó e Sermonde,Vila Nova de Gaia,2024-05-01,2024,5,4546972.208000001,15.329972340553148,1897994.344,2648977.864,2024-05-01,1,0.0,False,1,0,1,1,0,1,0.4999999999999999,-0.8660254037844387,Spring,2,Área Metropolitana do Porto,15.598029,0.0011835961,2,1
131725,Grijó e Sermonde,Vila Nova de Gaia,2024-06-01,2024,6,4294515.331,15.272849494952172,1789883.627,2504631.704,2024-05-01,1,1.0,False,0,0,0,1,0,1,1.2246467991473532e-16,-1.0,Summer,2,Área Metropolitana do Porto,18.861687,0.0013897929,1,1
131725,Grijó e Sermonde,Vila Nova de Gaia,2024-07-01,2024,7,4525438.615,15.325225282883354,1870693.739,2654744.876,2024-05-01,1,2.0,False,0,0,0,1,0,1,-0.4999999999999997,-0.8660254037844388,Summer,3,Área Metropolitana do Porto,21.331066,0.00035757857,0,0
131725,Grijó e Sermonde,Vila Nova de Gaia,2024-08-01,2024,8,3678189.182,15.117931390803069,1847795.019,1830394.163,2024-05-01,1,3.0,False,0,0,0,1,0,1,-0.8660254037844385,-0.5000000000000004,Summer,3,Área Metropolitana do Porto,21.701187,3.4239652e-05,1,1
131725,Grijó e Sermonde,Vila Nova de Gaia,2024-09-01,2024,9,4395883.031,15.296179213584429,1868068.742,2527814.289,2024-05-01,1,4.0,False,0,0,0,1,0,1,-1.0,-1.8369701987210292e-16,Autumn,3,Área Metropolitana do Porto,19.05613,0.00159024,0,0
131725,Grijó e Sermonde,Vila Nova de Gaia,2024-10-01,2024,10,5122787.744,15.449209525295752,2033379.923,3089407.821,2024-05-01,1,5.0,False,0,0,0,1,0,1,-0.8660254037844386,0.5000000000000001,Autumn,4,Área Metropolitana do Porto,17.325146,0.0030339018,1,1
131725,Grijó e Sermonde,Vila Nova de Gaia,2024-11-01,2024,11,5035135.214,15.43195113719488,2099390.199,2935745.015,2024-05-01,1,6.0,False,0,0,0,1,0,1,-0.5000000000000004,0.8660254037844384,Autumn,4,Área Metropolitana do Porto,15.599403,0.0012957455,1,1
131725,Grijó e Sermonde,Vila Nova de Gaia,2024-12-01,2024,12,4895601.883,15.403847989386298,2422653.751,2472948.132,2024-05-01,1,7.0,False,0,0,0,1,0,1,-2.4492935982947064e-16,1.0,Winter,4,Área Metropolitana do Porto,10.424038,0.00032663447,3,1
131725,Grijó e Sermonde,Vila Nova de Gaia,2025-01-01,2025,1,5768169.446,15.567865507787712,2606723.091,3161446.355,2024-05-01,1,8.0,False,0,0,0,1,0,1,0.4999999999999999,0.8660254037844387,Winter,1,Área Metropolitana do Porto,11.047922,0.004401409,1,1
131725,Grijó e Sermonde,Vila Nova de Gaia,2025-02-01,2025,2,5181186.767999999,15.460544886792404,2264348.692,2916838.076,2024-05-01,1,9.0,False,0,0,0,1,0,1,0.8660254037844386,0.5000000000000001,Winter,1,Área Metropolitana do Porto,11.323458,0.0016888455,0,0
131725,Grijó e Sermonde,Vila Nova de Gaia,2025-03-01,2025,3,5435127.864,15.508393788283968,2323071.652,3112056.212,2024-05-01,1,10.0,False,0,0,0,1,0,1,1.0,6.123233995736766e-17,Spring,1,Área Metropolitana do Porto,11.63364,0.002790625,0,0
131725,Grijó e Sermonde,Vila Nova de Gaia,2025-04-01,2025,4,4706564.271,15.364468958140538,1981488.961,2725075.31,2024-05-01,1,11.0,False,0,0,0,1,0,1,0.8660254037844387,-0.4999999999999998,Spring,2,Área Metropolitana do Porto,14.624483,0.0033174353,3,1
131725,Grijó e Sermonde,Vila Nova de Gaia,2025-05-01,2025,5,5023499.664,15.429637592063257,1923525.538,3099974.126,2024-05-01,1,12.0,False,0,0,0,1,0,1,0.4999999999999999,-0.8660254037844387,Spring,2,Área Metropolitana do Porto,16.54891,0.001413197,1,1
131725,Grijó e Sermonde,Vila Nova de Gaia,2025-06-01,2025,6,4681067.464,15.359036946109878,1855750.279,2825317.185,2024-05-01,1,13.0,False,0,0,0,1,0,1,1.2246467991473532e-16,-1.0,Summer,2,Área Metropolitana do Porto,20.53555,0.0003460721,2,1
131725,Grijó e Sermonde,Vila Nova de Gaia,2025-07-01,2025,7,5189429.998,15.462134614835067,1961495.37,3227934.628,2024-05-01,1,14.0,False,0,0,0,1,0,1,-0.4999999999999997,-0.8660254037844388,Summer,3,Área Metropolitana do Porto,22.58836,0.0002901771,0,0
131725,Grijó e Sermonde,Vila Nova de Gaia,2025-08-01,2025,8,3942119.402,15.18722930960736,1916913.403,2025205.999,2024-05-01,1,15.0,False,0,0,0,1,0,1,-0.8660254037844385,-0.5000000000000004,Summer,3,Área Metropolitana do Porto,22.663101,0.00020656816,1,1
131725,Grijó e Sermonde,Vila Nova de Gaia,2025-09-01,2025,9,4681131.425,15.359050609777375,1858092.449,2823038.976,2024-05-01,1,16.0,False,1,0,1,2,0,2,-1.0,-1.8369701987210292e-16,Autumn,3,Área Metropolitana do Porto,18.83395,0.0007009094,0,0
131725,Grijó e Sermonde,Vila Nova de Gaia,2025-10-01,2025,10,5114280.488,15.44754747594656,2040591.052,3073689.436,2024-05-01,1,17.0,False,0,0,0,2,0,2,-0.8660254037844386,0.5000000000000001,Autumn,4,Área Metropolitana do Porto,18.295858,0.0024625633,1,1
131726,Uf Gulpilhares e Valadares,Vila Nova de Gaia,2024-10-01,2024,10,5765371.636,15.567380347237313,3496270.544,2269101.092,,0,0.0,True,0,0,0,0,0,0,-0.8660254037844386,0.5000000000000001,Autumn,4,Área Metropolitana do Porto,17.39241,0.0028214897,1,1
131726,Uf Gulpilhares e Valadares,Vila Nova de Gaia,2024-11-01,2024,11,5640597.025,15.54550065065458,3603953.22,2036643.805,,0,1.0,True,0,0,0,0,0,0,-0.5000000000000004,0.8660254037844384,Autumn,4,Área Metropolitana do Porto,15.648907,0.0012519751,1,1
131726,Uf Gulpilhares e Valadares,Vila Nova de Gaia,2024-12-01,2024,12,6216154.447000001,15.64266217827807,4353989.478,1862164.969,,0,2.0,True,0,0,0,0,0,0,-2.4492935982947064e-16,1.0,Winter,4,Área Metropolitana do Porto,10.536939,0.0003741847,3,1
131726,Uf Gulpilhares e Valadares,Vila Nova de Gaia,2025-01-01,2025,1,6743908.228,15.724150318905393,4655976.037,2087932.191,,0,3.0,True,0,0,0,0,0,0,0.4999999999999999,0.8660254037844387,Winter,1,Área Metropolitana do Porto,11.120857,0.0043605575,1,1
131726,Uf Gulpilhares e Valadares,Vila Nova de Gaia,2025-02-01,2025,2,5876208.16,15.58642241128569,3986875.708,1889332.452,,0,4.0,True,0,0,0,0,0,0,0.8660254037844386,0.5000000000000001,Winter,1,Área Metropolitana do Porto,11.340338,0.0016931776,0,0
131726,Uf Gulpilhares e Valadares,Vila Nova de Gaia,2025-03-01,2025,3,6180635.768,15.63693186101914,4114992.607,2065643.161,,0,5.0,True,0,0,0,0,0,0,1.0,6.123233995736766e-17,Spring,1,Área Metropolitana do Porto,11.632641,0.002681712,0,0
131726,Uf Gulpilhares e Valadares,Vila Nova de Gaia,2025-04-01,2025,4,5487911.51,15.518058506205389,3535940.712,1951970.798,,0,6.0,True,0,0,0,0,0,0,0.8660254037844387,-0.4999999999999998,Spring,2,Área Metropolitana do Porto,14.646182,0.0031815295,3,1
131726,Uf Gulpilhares e Valadares,Vila Nova de Gaia,2025-05-01,2025,5,5418411.248,15.505313387326163,3428215.331,1990195.917,,0,7.0,True,0,0,0,0,0,0,0.4999999999999999,-0.8660254037844387,Spring,2,Área Metropolitana do Porto,16.633017,0.0014245462,1,1
131726,Uf Gulpilhares e Valadares,Vila Nova de Gaia,2025-06-01,2025,6,5245697.51,15.472918967303787,3272278.394,1973419.116,,0,8.0,True,0,0,0,0,0,0,1.2246467991473532e-16,-1.0,Summer,2,Área Metropolitana do Porto,20.523325,0.0003947782,2,1
131726,Uf Gulpilhares e Valadares,Vila Nova de Gaia,2025-07-01,2025,7,5480944.671,15.516788211736836,3380435.696,2100508.975,,0,9.0,True,0,0,0,0,0,0,-0.4999999999999997,-0.8660254037844388,Summer,3,Área Metropolitana do Porto,22.568066,0.00029465577,0,0
131726,Uf Gulpilhares e Valadares,Vila Nova de Gaia,2025-08-01,2025,8,4970401.925,15.419011466215272,3346285.636,1624116.289,,0,10.0,True,0,0,0,0,0,0,-0.8660254037844385,-0.5000000000000004,Summer,3,Área Metropolitana do Porto,22.63484,0.00021681988,1,1
131726,Uf Gulpilhares e Valadares,Vila Nova de Gaia,2025-09-01,2025,9,5354534.366,15.493454491713011,3289281.931,2065252.435,,0,11.0,True,0,0,0,0,0,0,-1.0,-1.8369701987210292e-16,Autumn,3,Área Metropolitana do Porto,18.897697,0.0006597855,0,0
131726,Uf Gulpilhares e Valadares,Vila Nova de Gaia,2025-10-01,2025,10,5733538.269,15.561843571482129,3595856.146,2137682.123,,0,12.0,True,0,0,0,0,0,0,-0.8660254037844386,0.5000000000000001,Autumn,4,Área Metropolitana do Porto,18.260063,0.0023993833,1,1
131727,Mafamude e Vilar do Paraíso,Vila Nova de Gaia,2024-07-01,2024,7,12949526.598,16.37656986652553,8600411.837,4349114.761,2024-07-01,1,0.0,False,1,0,1,1,0,1,-0.4999999999999997,-0.8660254037844388,Summer,3,Área Metropolitana do Porto,21.314352,0.00033405167,0,0
131727,Mafamude e Vilar do Paraíso,Vila Nova de Gaia,2024-08-01,2024,8,12750916.511,16.361113788626653,8424085.364,4326831.147,2024-07-01,1,1.0,False,0,0,0,1,0,1,-0.8660254037844385,-0.5000000000000004,Summer,3,Área Metropolitana do Porto,21.733551,4.7774334e-05,1,1
131727,Mafamude e Vilar do Paraíso,Vila Nova de Gaia,2024-09-01,2024,9,12268388.629,16.322536563493493,8347994.611,3920394.018,2024-07-01,1,2.0,False,0,0,0,1,0,1,-1.0,-1.8369701987210292e-16,Autumn,3,Área Metropolitana do Porto,19.07441,0.0016157079,0,0
131727,Mafamude e Vilar do Paraíso,Vila Nova de Gaia,2024-10-01,2024,10,13197620.082,16.395547150254227,9074051.529,4123568.553,2024-07-01,1,3.0,False,0,0,0,1,0,1,-0.8660254037844386,0.5000000000000001,Autumn,4,Área Metropolitana do Porto,17.39241,0.0028214897,1,1
131727,Mafamude e Vilar do Paraíso,Vila Nova de Gaia,2024-11-01,2024,11,13327581.585,16.405346324245862,9442582.598,3884998.987,2024-07-01,1,4.0,False,0,0,0,1,0,1,-0.5000000000000004,0.8660254037844384,Autumn,4,Área Metropolitana do Porto,15.648907,0.0012519751,1,1
131727,Mafamude e Vilar do Paraíso,Vila Nova de Gaia,2024-12-01,2024,12,15478393.196,16.554955686636575,11500690.21,3977702.986,2024-07-01,1,5.0,False,1,0,1,2,0,2,-2.4492935982947064e-16,1.0,Winter,4,Área Metropolitana do Porto,10.536939,0.0003741847,3,1
131727,Mafamude e Vilar do Paraíso,Vila Nova de Gaia,2025-01-01,2025,1,16535537.52,16.621022472358767,12453530.601,4082006.919,2024-07-01,1,6.0,False,0,0,0,2,0,2,0.4999999999999999,0.8660254037844387,Winter,1,Área Metropolitana do Porto,11.120857,0.0043605575,1,1
131727,Mafamude e Vilar do Paraíso,Vila Nova de Gaia,2025-02-01,2025,2,14354353.736,16.47956392005678,10725971.981,3628381.755,2024-07-01,1,7.0,False,0,0,0,2,0,2,0.8660254037844386,0.5000000000000001,Winter,1,Área Metropolitana do Porto,11.340338,0.0016931776,0,0
131727,Mafamude e Vilar do Paraíso,Vila Nova de Gaia,2025-03-01,2025,3,14988603.572,16.522800775151854,11046425.279,3942178.293,2024-07-01,1,8.0,False,0,0,0,2,0,2,1.0,6.123233995736766e-17,Spring,1,Área Metropolitana do Porto,11.632641,0.002681712,0,0
131727,Mafamude e Vilar do Paraíso,Vila Nova de Gaia,2025-04-01,2025,4,13115012.936,16.38926823388262,9399863.102,3715149.834,2024-07-01,1,9.0,False,0,0,0,2,0,2,0.8660254037844387,-0.4999999999999998,Spring,2,Área Metropolitana do Porto,14.646182,0.0031815295,3,1
131727,Mafamude e Vilar do Paraíso,Vila Nova de Gaia,2025-05-01,2025,5,13048847.122,16.38421042132385,9083924.178,3964922.944,2024-07-01,1,10.0,False,0,0,0,2,0,2,0.4999999999999999,-0.8660254037844387,Spring,2,Área Metropolitana do Porto,16.633017,0.0014245462,1,1
131727,Mafamude e Vilar do Paraíso,Vila Nova de Gaia,2025-06-01,2025,6,12853327.267,16.369113344873494,8649807.413,4203519.854,2024-07-01,1,11.0,False,0,0,0,2,0,2,1.2246467991473532e-16,-1.0,Summer,2,Área Metropolitana do Porto,20.523325,0.0003947782,2,1
131727,Mafamude e Vilar do Paraíso,Vila Nova de Gaia,2025-07-01,2025,7,13627627.605,16.427609805043534,8978407.855,4649219.75,2024-07-01,1,12.0,False,0,0,0,2,0,2,-0.4999999999999997,-0.8660254037844388,Summer,3,Área Metropolitana do Porto,22.568066,0.00029465577,0,0
131727,Mafamude e Vilar do Paraíso,Vila Nova de Gaia,2025-08-01,2025,8,13217898.867,16.39708251948074,8718683.002,4499215.865,2024-07-01,1,13.0,False,0,0,0,2,0,2,-0.8660254037844385,-0.5000000000000004,Summer,3,Área Metropolitana do Porto,22.63484,0.00021681988,1,1
131727,Mafamude e Vilar do Paraíso,Vila Nova de Gaia,2025-09-01,2025,9,12510952.764,16.34211511966486,8482632.956,4028319.808,2024-07-01,1,14.0,False,0,0,0,2,0,2,-1.0,-1.8369701987210292e-16,Autumn,3,Área Metropolitana do Porto,18.897697,0.0006597855,0,0
131727,Mafamude e Vilar do Paraíso,Vila Nova de Gaia,2025-10-01,2025,10,13471885.086,16.416115559816856,9240962.656,4230922.43,2024-07-01,1,15.0,False,0,0,0,2,0,2,-0.8660254037844386,0.5000000000000001,Autumn,4,Área Metropolitana do Porto,18.260063,0.0023993833,1,1
131728,Pedroso e Seixezelo,Vila Nova de Gaia,2024-02-01,2024,2,8060149.389,15.902442772993604,3573897.826,4486251.563,2024-02-01,1,0.0,False,1,0,1,1,0,1,0.8660254037844386,0.5000000000000001,Winter,1,Área Metropolitana do Porto,12.31283675,0.0024718522,0,0
131728,Pedroso e Seixezelo,Vila Nova de Gaia,2024-03-01,2024,3,8192323.043,15.91870818150938,3643870.159,4548452.884,2024-02-01,1,1.0,False,0,0,0,1,0,1,1.0,6.123233995736766e-17,Spring,1,Área Metropolitana do Porto,12.1292855,0.003363197,2,1
131728,Pedroso e Seixezelo,Vila Nova de Gaia,2024-04-01,2024,4,7399058.499,15.816863455367448,3137920.537,4261137.962,2024-02-01,1,2.0,False,0,0,0,1,0,1,0.8660254037844387,-0.4999999999999998,Spring,2,Área Metropolitana do Porto,15.1049405,0.00163051915,1,1
131728,Pedroso e Seixezelo,Vila Nova de Gaia,2024-05-01,2024,5,7510085.939999999,15.83175760023789,3106613.327,4403472.613,2024-02-01,1,3.0,False,0,0,0,1,0,1,0.4999999999999999,-0.8660254037844387,Spring,2,Área Metropolitana do Porto,15.598,0.0011671566,2,1
131728,Pedroso e Seixezelo,Vila Nova de Gaia,2024-06-01,2024,6,6798258.94,15.732177246224133,2886179.749,3912079.191,2024-02-01,1,4.0,False,0,0,0,1,0,1,1.2246467991473532e-16,-1.0,Summer,2,Área Metropolitana do Porto,18.8763935,0.00137387735,1,1
131728,Pedroso e Seixezelo,Vila Nova de Gaia,2024-07-01,2024,7,7143102.793,15.781657944760925,3036721.174,4106381.619,2024-02-01,1,5.0,False,0,0,0,1,0,1,-0.4999999999999997,-0.8660254037844388,Summer,3,Área Metropolitana do Porto,21.322709,0.00034581512,0,0
131728,Pedroso e Seixezelo,Vila Nova de Gaia,2024-08-01,2024,8,5928718.890000001,15.595318877518825,2989831.594,2938887.296,2024-02-01,1,6.0,False,0,0,0,1,0,1,-0.8660254037844385,-0.5000000000000004,Summer,3,Área Metropolitana do Porto,21.717369,4.1006993e-05,1,1
131728,Pedroso e Seixezelo,Vila Nova de Gaia,2024-09-01,2024,9,6846767.307,15.73928731891521,2940433.468,3906333.839,2024-02-01,1,7.0,False,0,0,0,1,0,1,-1.0,-1.8369701987210292e-16,Autumn,3,Área Metropolitana do Porto,19.06527,0.0016029739499999,0,0
131728,Pedroso e Seixezelo,Vila Nova de Gaia,2024-10-01,2024,10,7692363.127,15.855738722973916,3233704.805,4458658.322,2024-02-01,1,8.0,False,0,0,0,1,0,1,-0.8660254037844386,0.5000000000000001,Autumn,4,Área Metropolitana do Porto,17.358778,0.00292769575,1,1
131728,Pedroso e Seixezelo,Vila Nova de Gaia,2024-11-01,2024,11,7660380.824,15.851572386949677,3381060.993,4279319.831,2024-02-01,1,9.0,False,0,0,0,1,0,1,-0.5000000000000004,0.8660254037844384,Autumn,4,Área Metropolitana do Porto,15.624155,0.0012738603,1,1
131728,Pedroso e Seixezelo,Vila Nova de Gaia,2024-12-01,2024,12,7746658.119,15.862772226967868,4123378.217,3623279.902,2024-02-01,1,10.0,False,0,0,0,1,0,1,-2.4492935982947064e-16,1.0,Winter,4,Área Metropolitana do Porto,10.4804885,0.000350409585,3,1
131728,Pedroso e Seixezelo,Vila Nova de Gaia,2025-01-01,2025,1,8836328.559,15.99438214013309,4388978.372,4447350.187,2024-02-01,1,11.0,False,0,0,0,1,0,1,0.4999999999999999,0.8660254037844387,Winter,1,Área Metropolitana do Porto,11.0843895,0.00438098325,1,1
131728,Pedroso e Seixezelo,Vila Nova de Gaia,2025-02-01,2025,2,7988340.138,15.89349367891542,3767069.787,4221270.351,2024-02-01,1,12.0,False,0,0,0,1,0,1,0.8660254037844386,0.5000000000000001,Winter,1,Área Metropolitana do Porto,11.331898,0.00169101155,0,0
131728,Pedroso e Seixezelo,Vila Nova de Gaia,2025-03-01,2025,3,8197336.026000001,15.919319906564,3853454.565,4343881.461,2024-02-01,1,13.0,False,1,0,1,2,0,2,1.0,6.123233995736766e-17,Spring,1,Área Metropolitana do Porto,11.6331405,0.0027361685,0,0
131728,Pedroso e Seixezelo,Vila Nova de Gaia,2025-04-01,2025,4,7116503.904999999,15.777927278735888,3268333.135,3848170.77,2024-02-01,1,14.0,False,0,0,0,2,0,2,0.8660254037844387,-0.4999999999999998,Spring,2,Área Metropolitana do Porto,14.6353325,0.0032494824,3,1
131728,Pedroso e Seixezelo,Vila Nova de Gaia,2025-05-01,2025,5,7198003.359999999,15.78931437334474,3154994.35,4043009.01,2024-02-01,1,15.0,False,0,0,0,2,0,2,0.4999999999999999,-0.8660254037844387,Spring,2,Área Metropolitana do Porto,16.5909635,0.0014188716,1,1
131728,Pedroso e Seixezelo,Vila Nova de Gaia,2025-06-01,2025,6,6769481.165,15.727935152302708,3023570.182,3745910.983,2024-02-01,1,16.0,False,0,0,0,2,0,2,1.2246467991473532e-16,-1.0,Summer,2,Área Metropolitana do Porto,20.5294375,0.00037042515,2,1
131728,Pedroso e Seixezelo,Vila Nova de Gaia,2025-07-01,2025,7,7115694.522,15.777813539050303,3192283.352,3923411.17,2024-02-01,1,17.0,False,0,0,0,2,0,2,-0.4999999999999997,-0.8660254037844388,Summer,3,Área Metropolitana do Porto,22.578213,0.000292416435,0,0
131728,Pedroso e Seixezelo,Vila Nova de Gaia,2025-08-01,2025,8,6131423.64,15.628937685478336,3105978.152,3025445.488,2024-02-01,1,18.0,False,0,0,0,2,0,2,-0.8660254037844385,-0.5000000000000004,Summer,3,Área Metropolitana do Porto,22.6489705,0.0002116940199999,1,1
131728,Pedroso e Seixezelo,Vila Nova de Gaia,2025-09-01,2025,9,6889789.615,15.745551252832854,2982290.801,3907498.814,2024-02-01,1,19.0,False,0,0,0,2,0,2,-1.0,-1.8369701987210292e-16,Autumn,3,Área Metropolitana do Porto,18.8658235,0.00068034745,0,0
131728,Pedroso e Seixezelo,Vila Nova de Gaia,2025-10-01,2025,10,7706755.945,15.857608027348338,3295313.632,4411442.313,2024-02-01,1,20.0,False,0,0,0,2,0,2,-0.8660254037844386,0.5000000000000001,Autumn,4,Área Metropolitana do Porto,18.2779605,0.0024309733,1,1
131729,"Sandim, Olival, Lever e Crestuma",Vila Nova de Gaia,2023-11-01,2023,11,8706274.897,15.97955469103562,2497483.593,6208791.304,,0,0.0,True,0,0,0,0,0,0,-0.5000000000000004,0.8660254037844384,Autumn,4,Área Metropolitana do Porto,13.4607355,0.004412519575,1,1
131729,"Sandim, Olival, Lever e Crestuma",Vila Nova de Gaia,2023-12-01,2023,12,9158121.133,16.030151708319032,3002843.61,6155277.523,,0,1.0,True,0,0,0,0,0,0,-2.4492935982947064e-16,1.0,Winter,4,Área Metropolitana do Porto,9.9388485,0.002105297075,3,1
131729,"Sandim, Olival, Lever e Crestuma",Vila Nova de Gaia,2024-01-01,2024,1,8810692.172,15.991476674953452,2965313.545,5845378.627,,0,2.0,True,0,0,0,0,0,0,0.4999999999999999,0.8660254037844387,Winter,1,Área Metropolitana do Porto,10.719646,0.0031224377,1,1
131729,"Sandim, Olival, Lever e Crestuma",Vila Nova de Gaia,2024-02-01,2024,2,8161699.109999999,15.914963052052832,2497910.493,5663788.617,,0,3.0,True,0,0,0,0,0,0,0.8660254037844386,0.5000000000000001,Winter,1,Área Metropolitana do Porto,11.6982285,0.0026482883749999,0,0
131729,"Sandim, Olival, Lever e Crestuma",Vila Nova de Gaia,2024-03-01,2024,3,8806423.713,15.990992094091656,2546637.764,6259785.949,,0,4.0,True,0,0,0,0,0,0,1.0,6.123233995736766e-17,Spring,1,Área Metropolitana do Porto,11.56383825,0.0037308232,2,1
131729,"Sandim, Olival, Lever e Crestuma",Vila Nova de Gaia,2024-04-01,2024,4,8562460.718,15.962898290652111,2170226.541,6392234.177,,0,5.0,True,0,0,0,0,0,0,0.8660254037844387,-0.4999999999999998,Spring,2,Área Metropolitana do Porto,14.65491325,0.001743975125,1,1
131729,"Sandim, Olival, Lever e Crestuma",Vila Nova de Gaia,2024-05-01,2024,5,8621213.287,15.969736501280316,2117008.657,6504204.63,,0,6.0,True,0,0,0,0,0,0,0.4999999999999999,-0.8660254037844387,Spring,2,Área Metropolitana do Porto,15.1755345,0.001329466575,2,1
131729,"Sandim, Olival, Lever e Crestuma",Vila Nova de Gaia,2024-06-01,2024,6,8481039.376,15.953343686091848,1996476.978,6484562.398,,0,7.0,True,0,0,0,0,0,0,1.2246467991473532e-16,-1.0,Summer,2,Área Metropolitana do Porto,18.66671825,0.001552788525,1,1
131729,"Sandim, Olival, Lever e Crestuma",Vila Nova de Gaia,2024-07-01,2024,7,9073036.849,16.02081769975113,2130681.505,6942355.344,,0,8.0,True,0,0,0,0,0,0,-0.4999999999999997,-0.8660254037844388,Summer,3,Área Metropolitana do Porto,21.32291625,0.00039156612,0,0
131729,"Sandim, Olival, Lever e Crestuma",Vila Nova de Gaia,2024-08-01,2024,8,9054665.685,16.01879083857245,2122038.137,6932627.548,,0,9.0,True,0,0,0,0,0,0,-0.8660254037844385,-0.5000000000000004,Summer,3,Área Metropolitana do Porto,21.81300925,5.2226939e-05,1,1
131729,"Sandim, Olival, Lever e Crestuma",Vila Nova de Gaia,2024-09-01,2024,9,8847469.996,15.995642212982196,2074509.217,6772960.779,,0,10.0,True,0,0,0,0,0,0,-1.0,-1.8369701987210292e-16,Autumn,3,Área Metropolitana do Porto,18.74992275,0.0017973082,0,0
131729,"Sandim, Olival, Lever e Crestuma",Vila Nova de Gaia,2024-10-01,2024,10,9064188.37,16.01984197401366,2258807.209,6805381.161,,0,11.0,True,0,0,0,0,0,0,-0.8660254037844386,0.5000000000000001,Autumn,4,Área Metropolitana do Porto,16.808642499999998,0.0033186288499999,1,1
131729,"Sandim, Olival, Lever e Crestuma",Vila Nova de Gaia,2024-11-01,2024,11,8816559.55,15.992142391611216,2363580.322,6452979.228,,0,12.0,True,0,0,0,0,0,0,-0.5000000000000004,0.8660254037844384,Autumn,4,Área Metropolitana do Porto,15.017059,0.0013584371749999,1,1
131730,Santa Marinha e São Pedro da Afurada,Vila Nova de Gaia,2023-12-01,2023,12,15388657.63,16.549141343472026,9544900.23,5843757.4,,0,0.0,True,0,0,0,0,0,0,-2.4492935982947064e-16,1.0,Winter,4,Área Metropolitana do Porto,10.7347355,0.0020302476,3,1
131730,Santa Marinha e São Pedro da Afurada,Vila Nova de Gaia,2024-01-01,2024,1,15481162.475,16.555134583185215,9604242.187,5876920.288,,0,1.0,True,0,0,0,0,0,0,0.4999999999999999,0.8660254037844387,Winter,1,Área Metropolitana do Porto,11.3992405,0.0026090113,1,1
131730,Santa Marinha e São Pedro da Afurada,Vila Nova de Gaia,2024-02-01,2024,2,13662354.368,16.430154825354172,8297416.069,5364938.299,,0,2.0,True,0,0,0,0,0,0,0.8660254037844386,0.5000000000000001,Winter,1,Área Metropolitana do Porto,12.3151865,0.0023569823,0,0
131730,Santa Marinha e São Pedro da Afurada,Vila Nova de Gaia,2024-03-01,2024,3,14443299.293,16.485741217461705,8672102.301,5771196.992,,0,3.0,True,0,0,0,0,0,0,1.0,6.123233995736766e-17,Spring,1,Área Metropolitana do Porto,12.132245,0.0032990156,2,1
131730,Santa Marinha e São Pedro da Afurada,Vila Nova de Gaia,2024-04-01,2024,4,13463780.26,16.415513768434412,7671441.256,5792339.004,,0,4.0,True,0,0,0,0,0,0,0.8660254037844387,-0.4999999999999998,Spring,2,Área Metropolitana do Porto,15.10879,0.0016011513,1,1
131730,Santa Marinha e São Pedro da Afurada,Vila Nova de Gaia,2024-05-01,2024,5,13874707.604,16.445578215862724,7655423.187,6219284.417,,0,5.0,True,0,0,0,0,0,0,0.4999999999999999,-0.8660254037844387,Spring,2,Área Metropolitana do Porto,15.597971,0.0011507171,2,1
131730,Santa Marinha e São Pedro da Afurada,Vila Nova de Gaia,2024-06-01,2024,6,13921315.561,16.448931788929702,7323827.874,6597487.687,,0,6.0,True,0,0,0,0,0,0,1.2246467991473532e-16,-1.0,Summer,2,Área Metropolitana do Porto,18.8911,0.0013579618,1,1
131730,Santa Marinha e São Pedro da Afurada,Vila Nova de Gaia,2024-07-01,2024,7,14818368.647,16.511378161456747,7603839.202,7214529.445,,0,7.0,True,0,0,0,0,0,0,-0.4999999999999997,-0.8660254037844388,Summer,3,Área Metropolitana do Porto,21.314352,0.00033405167,0,0
131730,Santa Marinha e São Pedro da Afurada,Vila Nova de Gaia,2024-08-01,2024,8,14680438.916,16.502026547731614,7476613.705,7203825.211,,0,8.0,True,0,0,0,0,0,0,-0.8660254037844385,-0.5000000000000004,Summer,3,Área Metropolitana do Porto,21.733551,4.7774334e-05,1,1
131730,Santa Marinha e São Pedro da Afurada,Vila Nova de Gaia,2024-09-01,2024,9,13802687.467,16.44037394760245,7245159.791,6557527.676,,0,9.0,True,0,0,0,0,0,0,-1.0,-1.8369701987210292e-16,Autumn,3,Área Metropolitana do Porto,19.07441,0.0016157079,0,0
131730,Santa Marinha e São Pedro da Afurada,Vila Nova de Gaia,2024-10-01,2024,10,14343280.886,16.478792229293855,7727914.81,6615366.076,,0,10.0,True,0,0,0,0,0,0,-0.8660254037844386,0.5000000000000001,Autumn,4,Área Metropolitana do Porto,17.39241,0.0028214897,1,1
131730,Santa Marinha e São Pedro da Afurada,Vila Nova de Gaia,2024-11-01,2024,11,13989486.511,16.453816713447445,7851146.205,6138340.306,,0,11.0,True,0,0,0,0,0,0,-0.5000000000000004,0.8660254037844384,Autumn,4,Área Metropolitana do Porto,15.648907,0.0012519751,1,1
131730,Santa Marinha e São Pedro da Afurada,Vila Nova de Gaia,2024-12-01,2024,12,15238451.012000002,16.539332529048036,9167494.413,6070956.599,,0,12.0,True,0,0,0,0,0,0,-2.4492935982947064e-16,1.0,Winter,4,Área Metropolitana do Porto,10.536939,0.0003741847,3,1
131731,Serzedo e Perosinho,Vila Nova de Gaia,2024-07-01,2024,7,3575420.783,15.089593708409746,1942588.894,1632831.889,,0,0.0,True,0,0,0,0,0,0,-0.4999999999999997,-0.8660254037844388,Summer,3,Área Metropolitana do Porto,21.322709,0.00034581512,0,0
131731,Serzedo e Perosinho,Vila Nova de Gaia,2024-08-01,2024,8,3034091.623,14.925422966770054,1870549.307,1163542.316,,0,1.0,True,0,0,0,0,0,0,-0.8660254037844385,-0.5000000000000004,Summer,3,Área Metropolitana do Porto,21.717369,4.1006993e-05,1,1
131731,Serzedo e Perosinho,Vila Nova de Gaia,2024-09-01,2024,9,3537711.723,15.078990952835918,1914414.528,1623297.195,,0,2.0,True,0,0,0,0,0,0,-1.0,-1.8369701987210292e-16,Autumn,3,Área Metropolitana do Porto,19.06527,0.0016029739499999,0,0
131731,Serzedo e Perosinho,Vila Nova de Gaia,2024-10-01,2024,10,4061667.93,15.21710451361569,2137839.812,1923828.118,,0,3.0,True,0,0,0,0,0,0,-0.8660254037844386,0.5000000000000001,Autumn,4,Área Metropolitana do Porto,17.358778,0.00292769575,1,1
131731,Serzedo e Perosinho,Vila Nova de Gaia,2024-11-01,2024,11,4060800.463,15.21689091677598,2199344.317,1861456.146,,0,4.0,True,0,0,0,0,0,0,-0.5000000000000004,0.8660254037844384,Autumn,4,Área Metropolitana do Porto,15.624155,0.0012738603,1,1
131731,Serzedo e Perosinho,Vila Nova de Gaia,2024-12-01,2024,12,3969824.926,15.194232804346886,2536239.09,1433585.836,,0,5.0,True,0,0,0,0,0,0,-2.4492935982947064e-16,1.0,Winter,4,Área Metropolitana do Porto,10.4804885,0.000350409585,3,1
131731,Serzedo e Perosinho,Vila Nova de Gaia,2025-01-01,2025,1,4608682.697000001,15.343452842096656,2746168.828,1862513.869,,0,6.0,True,0,0,0,0,0,0,0.4999999999999999,0.8660254037844387,Winter,1,Área Metropolitana do Porto,11.0843895,0.00438098325,1,1
131731,Serzedo e Perosinho,Vila Nova de Gaia,2025-02-01,2025,2,4164556.777,15.242120651955616,2382044.327,1782512.45,,0,7.0,True,0,0,0,0,0,0,0.8660254037844386,0.5000000000000001,Winter,1,Área Metropolitana do Porto,11.331898,0.00169101155,0,0
131731,Serzedo e Perosinho,Vila Nova de Gaia,2025-03-01,2025,3,4322755.892,15.27940392612121,2454713.042,1868042.85,,0,8.0,True,0,0,0,0,0,0,1.0,6.123233995736766e-17,Spring,1,Área Metropolitana do Porto,11.6331405,0.0027361685,0,0
131731,Serzedo e Perosinho,Vila Nova de Gaia,2025-04-01,2025,4,3783354.169,15.146121784748772,2086590.849,1696763.32,,0,9.0,True,0,0,0,0,0,0,0.8660254037844387,-0.4999999999999998,Spring,2,Área Metropolitana do Porto,14.6353325,0.0032494824,3,1
131731,Serzedo e Perosinho,Vila Nova de Gaia,2025-05-01,2025,5,3711296.763,15.126892174765098,2020399.346,1690897.417,,0,10.0,True,0,0,0,0,0,0,0.4999999999999999,-0.8660254037844387,Spring,2,Área Metropolitana do Porto,16.5909635,0.0014188716,1,1
131731,Serzedo e Perosinho,Vila Nova de Gaia,2025-06-01,2025,6,3423497.176,15.04617344475503,1898748.014,1524749.162,,0,11.0,True,0,0,0,0,0,0,1.2246467991473532e-16,-1.0,Summer,2,Área Metropolitana do Porto,20.5294375,0.00037042515,2,1
131731,Serzedo e Perosinho,Vila Nova de Gaia,2025-07-01,2025,7,3623716.805,15.103011074735624,1994305.325,1629411.48,,0,12.0,True,0,0,0,0,0,0,-0.4999999999999997,-0.8660254037844388,Summer,3,Área Metropolitana do Porto,22.578213,0.000292416435,0,0
131809,Uf Alvarelhos e Guidoes,Trofa,2024-10-01,2024,10,2605183.639,14.773014109352646,684843.07,1920340.569,,0,0.0,True,0,0,0,0,0,0,-0.8660254037844386,0.5000000000000001,Autumn,4,Área Metropolitana do Porto,17.120594,0.0031382972,1,1
131809,Uf Alvarelhos e Guidoes,Trofa,2024-11-01,2024,11,2527111.529,14.742587916047649,708296.132,1818815.397,,0,1.0,True,0,0,0,0,0,0,-0.5000000000000004,0.8660254037844384,Autumn,4,Área Metropolitana do Porto,15.336624,0.001189044,1,1
131809,Uf Alvarelhos e Guidoes,Trofa,2024-12-01,2024,12,2438706.919,14.706978915619382,855469.217,1583237.702,,0,2.0,True,0,0,0,0,0,0,-2.4492935982947064e-16,1.0,Winter,4,Área Metropolitana do Porto,10.137236,0.00050313806,3,1
131809,Uf Alvarelhos e Guidoes,Trofa,2025-01-01,2025,1,2705761.451,14.810894297828408,913765.318,1791996.133,,0,3.0,True,0,0,0,0,0,0,0.4999999999999999,0.8660254037844387,Winter,1,Área Metropolitana do Porto,10.786856,0.0049654506,1,1
131809,Uf Alvarelhos e Guidoes,Trofa,2025-02-01,2025,2,2372671.748,14.679527619460398,780238.011,1592433.737,,0,4.0,True,0,0,0,0,0,0,0.8660254037844386,0.5000000000000001,Winter,1,Área Metropolitana do Porto,10.992876,0.0018172193,0,0
131809,Uf Alvarelhos e Guidoes,Trofa,2025-03-01,2025,3,2483536.45,14.725194492940712,781763.9,1701772.55,,0,5.0,True,0,0,0,0,0,0,1.0,6.123233995736766e-17,Spring,1,Área Metropolitana do Porto,11.333668,0.0025560507,0,0
131809,Uf Alvarelhos e Guidoes,Trofa,2025-04-01,2025,4,2263506.397,14.63242611380068,666273.016,1597233.381,,0,6.0,True,0,0,0,0,0,0,0.8660254037844387,-0.4999999999999998,Spring,2,Área Metropolitana do Porto,14.383118,0.003054146,3,1
131809,Uf Alvarelhos e Guidoes,Trofa,2025-05-01,2025,5,2215110.44,14.610813271708206,650862.725,1564247.715,,0,7.0,True,0,0,0,0,0,0,0.4999999999999999,-0.8660254037844387,Spring,2,Área Metropolitana do Porto,16.458231,0.001352692,1,1
131809,Uf Alvarelhos e Guidoes,Trofa,2025-06-01,2025,6,2201308.089,14.604562781816716,643533.405,1557774.684,,0,8.0,True,0,0,0,0,0,0,1.2246467991473532e-16,-1.0,Summer,2,Área Metropolitana do Porto,20.408844,0.00050888455,2,1
131809,Uf Alvarelhos e Guidoes,Trofa,2025-07-01,2025,7,2480646.514,14.724030178416804,686824.014,1793822.5,,0,9.0,True,0,0,0,0,0,0,-0.4999999999999997,-0.8660254037844388,Summer,3,Área Metropolitana do Porto,22.449768,0.00024826385,0,0
131809,Uf Alvarelhos e Guidoes,Trofa,2025-08-01,2025,8,2294872.389,14.64618823176324,669390.857,1625481.532,,0,10.0,True,0,0,0,0,0,0,-0.8660254037844385,-0.5000000000000004,Summer,3,Área Metropolitana do Porto,22.553263,0.00022383373,1,1
131809,Uf Alvarelhos e Guidoes,Trofa,2025-09-01,2025,9,2238157.293,14.62116389502213,638079.891,1600077.402,,0,11.0,True,0,0,0,0,0,0,-1.0,-1.8369701987210292e-16,Autumn,3,Área Metropolitana do Porto,18.601042,0.0007126568,0,0
131809,Uf Alvarelhos e Guidoes,Trofa,2025-10-01,2025,10,2461459.346,14.716265368361416,695582.529,1765876.817,,0,12.0,True,0,0,0,0,0,0,-0.8660254037844386,0.5000000000000001,Autumn,4,Área Metropolitana do Porto,17.813175,0.002531177,1,1
